{"type": "FeatureCollection", "features": [{"type": "Feature", "id": "mps_mapping_accumulation.550e6d6e-4b26-4e09-ab22-0175fe45ef6d", "geometry": {"type": "MultiPolygon", "coordinates": [[[[4.057114, 5.322269], [4.062106, 5.331537], [4.084207, 5.3336434], [4.0804873, 5.272507], [4.1088643, 5.2678533], [4.050165, 5.222606], [4.0500073, 5.249307], [4.025181, 5.245347], [4.0209136, 5.2609196], [4.036052, 5.283757], [4.0345497, 5.3034415], [4.057114, 5.322269]]]]}, "geometry_name": "geom", "properties": {"name": "BOSI SOUTH", "hydrocarbon_type": "OIL", "status": "PRODUCING", "area_sqkm": 60.6064489223627, "country": "Nigeria", "discovery_year": 2005, "shore_status": "OFFSHORE"}}, {"type": "Feature", "id": "mps_mapping_accumulation.fb05a7c6-7bad-4c6c-b669-1861e03fd67c", "geometry": {"type": "MultiPolygon", "coordinates": [[[[4.1000867, 5.4582767], [4.1585617, 5.469804], [4.1889634, 5.4959087], [4.248668, 5.5245833], [4.299811, 5.521084], [4.324312, 5.500913], [4.214584, 5.4883313], [4.1904197, 5.4672456], [4.1641006, 5.4172873], [4.1452518, 5.4095826], [4.0765843, 5.408579], [4.0681624, 5.4474573], [4.1000867, 5.4582767]]]]}, "geometry_name": "geom", "properties": {"name": "BOSI NORTH", "hydrocarbon_type": "GAS", "status": "PRODUCING", "area_sqkm": 115.336586014689, "country": "Nigeria", "discovery_year": null, "shore_status": "OFFSHORE"}}, {"type": "Feature", "id": "mps_mapping_accumulation.92a6d323-be42-4524-aead-a981d94487fb", "geometry": {"type": "MultiPolygon", "coordinates": [[[[4.0925856, 5.400371], [4.1719165, 5.409812], [4.187504, 5.400818], [4.223052, 5.4016657], [4.237045, 5.3821025], [4.220383, 5.37504], [4.221496, 5.356055], [4.200722, 5.337905], [4.1663547, 5.327859], [4.1091485, 5.3223014], [4.087121, 5.33846], [4.0329247, 5.3341527], [4.052899, 5.345306], [4.129071, 5.349744], [4.095766, 5.355975], [4.1141033, 5.366256], [4.104939, 5.388192], [4.078587, 5.3952403], [4.0925856, 5.400371]]]]}, "geometry_name": "geom", "properties": {"name": "BOSI", "hydrocarbon_type": "OIL_AND_GAS", "status": "PRODUCING", "area_sqkm": 118.003663825563, "country": "Nigeria", "discovery_year": 1989, "shore_status": "OFFSHORE"}}, {"type": "Feature", "id": "mps_mapping_accumulation.15c4fb68-5356-4f6f-910a-73e79f4ba0e3", "geometry": {"type": "MultiPolygon", "coordinates": [[[[4.3103676, 5.3678117], [4.339831, 5.3963146], [4.3769364, 5.4182234], [4.384672, 5.4144764], [4.3917418, 5.3583646], [4.358793, 5.3447995], [4.342396, 5.3231483], [4.2946544, 5.3512793], [4.2950573, 5.3612247], [4.3103676, 5.3678117]]]]}, "geometry_name": "geom", "properties": {"name": "ERHA", "hydrocarbon_type": "OIL_AND_GAS", "status": "PRODUCING", "area_sqkm": 61.1145115404883, "country": "Nigeria", "discovery_year": 1999, "shore_status": "OFFSHORE"}}, {"type": "Feature", "id": "mps_mapping_accumulation.b2249ef2-190b-4b5c-8dbe-103ce1995503", "geometry": {"type": "MultiPolygon", "coordinates": [[[[4.4480414, 5.7485113], [4.4973254, 5.7597036], [4.5094376, 5.7552934], [4.5121136, 5.7378426], [4.501585, 5.72458], [4.4361377, 5.709262], [4.4299736, 5.7326255], [4.4480414, 5.7485113]]]]}, "geometry_name": "geom", "properties": {"name": "ABO CENTRAL", "hydrocarbon_type": "OIL", "status": "PRODUCING", "area_sqkm": 32.7041278337122, "country": "Nigeria", "discovery_year": 1996, "shore_status": "OFFSHORE"}}, {"type": "Feature", "id": "mps_mapping_accumulation.b4d9a9d6-4d7c-426f-89ea-077b19b63621", "geometry": {"type": "MultiPolygon", "coordinates": [[[[4.4858365, 5.4109416], [4.499977, 5.427886], [4.507903, 5.406989], [4.5032635, 5.3742886], [4.462303, 5.327008], [4.4849796, 5.382131], [4.4858365, 5.4109416]]]]}, "geometry_name": "geom", "properties": {"name": "EWO", "hydrocarbon_type": "GAS", "status": "PRODUCING", "area_sqkm": 21.7408154516905, "country": "Nigeria", "discovery_year": null, "shore_status": "OFFSHORE"}}, {"type": "Feature", "id": "mps_mapping_accumulation.4d2b6e79-9205-4cce-8bb0-ff313eb5ac48", "geometry": {"type": "MultiPolygon", "coordinates": [[[[4.451973, 4.6025186], [4.4583254, 4.6099057], [4.484089, 4.605049], [4.5246754, 4.6247826], [4.468926, 4.5037074], [4.4404483, 4.5613894], [4.436356, 4.5877495], [4.451973, 4.6025186]]]]}, "geometry_name": "geom", "properties": {"name": "BONGA WEST", "hydrocarbon_type": "OIL", "status": "PRODUCING", "area_sqkm": 58.2149705182919, "country": "Nigeria", "discovery_year": null, "shore_status": "OFFSHORE"}}, {"type": "Feature", "id": "mps_mapping_accumulation.646623d8-6961-4461-87e6-19b2c1bbd529", "geometry": {"type": "MultiPolygon", "coordinates": [[[[4.541539, 4.6383862], [4.5505204, 4.6697516], [4.563724, 4.678898], [4.5647526, 4.6195283], [4.5318174, 4.591032], [4.541539, 4.6383862]]]]}, "geometry_name": "geom", "properties": {"name": "BONGA NW", "hydrocarbon_type": "OIL", "status": "PRODUCING", "area_sqkm": 22.3907657029405, "country": "Nigeria", "discovery_year": 2003, "shore_status": "OFFSHORE"}}, {"type": "Feature", "id": "mps_mapping_accumulation.dd0042fc-2eff-46c4-a0bd-4637b90118f9", "geometry": {"type": "MultiPolygon", "coordinates": [[[[4.5146847, 4.521384], [4.5322275, 4.522856], [4.540136, 4.5138125], [4.5638967, 4.5223894], [4.564029, 4.494517], [4.579378, 4.496855], [4.593294, 4.4768453], [4.5751595, 4.4385767], [4.555201, 4.426943], [4.533241, 4.4285245], [4.509469, 4.4059687], [4.4986567, 4.4286613], [4.505902, 4.4585953], [4.4988513, 4.481745], [4.5146847, 4.521384]]]]}, "geometry_name": "geom", "properties": {"name": "BONGA SW", "hydrocarbon_type": "OIL", "status": "PRODUCING", "area_sqkm": 90.0803984147152, "country": "Nigeria", "discovery_year": 2001, "shore_status": "OFFSHORE"}}, {"type": "Feature", "id": "mps_mapping_accumulation.6e2cb8c6-ce05-4665-b149-bbac59e09b03", "geometry": {"type": "MultiPolygon", "coordinates": [[[[4.72820538, 5.96839131], [4.71493078, 5.969803], [4.70962144, 5.98165272], [4.72820538, 5.96839131]]]]}, "geometry_name": "geom", "properties": {"name": "OBE", "hydrocarbon_type": "OIL", "status": "PRODUCING", "area_sqkm": 2.35447053731284, "country": "Nigeria", "discovery_year": 1975, "shore_status": "OFFSHORE"}}, {"type": "Feature", "id": "mps_mapping_accumulation.5738d201-687d-4c10-976d-0ab8e9913fdb", "geometry": {"type": "MultiPolygon", "coordinates": [[[[4.77315387, 5.91522363], [4.81493731, 5.89864719], [4.85536162, 5.89542525], [4.86698123, 5.88157448], [4.86374819, 5.866602], [4.85117783, 5.85478536], [4.82898505, 5.87599773], [4.79448237, 5.87693863], [4.77869577, 5.89431453], [4.763951, 5.89519709], [4.77315387, 5.91522363]]]]}, "geometry_name": "geom", "properties": {"name": "PARABE", "hydrocarbon_type": "OIL", "status": "PRODUCING", "area_sqkm": 31.771143731531, "country": "Nigeria", "discovery_year": 1968, "shore_status": "OFFSHORE"}}, {"type": "Feature", "id": "mps_mapping_accumulation.f0f81b81-fa1f-42c2-bcb2-34efca29ac4c", "geometry": {"type": "MultiPolygon", "coordinates": [[[[4.796335, 5.8591228], [4.8175087, 5.8531766], [4.8255806, 5.8365216], [4.7922573, 5.836399], [4.7829742, 5.8524218], [4.796335, 5.8591228]]]]}, "geometry_name": "geom", "properties": {"name": "MALU", "hydrocarbon_type": "OIL", "status": "PRODUCING", "area_sqkm": 11.1176034739979, "country": "Nigeria", "discovery_year": 1970, "shore_status": "OFFSHORE"}}, {"type": "Feature", "id": "mps_mapping_accumulation.cb573eca-9084-4121-be7d-38e783cbd055", "geometry": {"type": "MultiPolygon", "coordinates": [[[[4.73668027, 5.73217585], [4.72910902, 5.72669485], [4.7202234, 5.73729988], [4.72331623, 5.77656741], [4.73446878, 5.76784341], [4.73668027, 5.73217585]]]]}, "geometry_name": "geom", "properties": {"name": "OPOLO", "hydrocarbon_type": "OIL", "status": "PRODUCING", "area_sqkm": 9.55714958854602, "country": "Nigeria", "discovery_year": 1967, "shore_status": "OFFSHORE"}}, {"type": "Feature", "id": "mps_mapping_accumulation.22bc49b8-1d2d-45be-aaeb-4d5561088907", "geometry": {"type": "MultiPolygon", "coordinates": [[[[4.705131, 4.7707157], [4.7101154, 4.7912974], [4.727553, 4.80188], [4.7503552, 4.787311], [4.7892475, 4.7892513], [4.8071084, 4.767985], [4.757605, 4.7410674], [4.709329, 4.7509074], [4.705131, 4.7707157]]]]}, "geometry_name": "geom", "properties": {"name": "OBERAN", "hydrocarbon_type": "OIL", "status": "PRODUCING", "area_sqkm": 49.5162871319244, "country": "Nigeria", "discovery_year": 2002, "shore_status": "OFFSHORE"}}, {"type": "Feature", "id": "mps_mapping_accumulation.c7dbbbd0-029b-4f12-8672-12a20440bb86", "geometry": {"type": "MultiPolygon", "coordinates": [[[[4.776275, 4.1239657], [4.8351374, 4.125061], [4.84818, 4.109844], [4.844125, 4.089413], [4.827943, 4.0756054], [4.8075905, 4.082009], [4.7678537, 4.103003], [4.776275, 4.1239657]]]]}, "geometry_name": "geom", "properties": {"name": "UGE", "hydrocarbon_type": "OIL", "status": "DISCOVERY", "area_sqkm": 37.7369682781192, "country": "Nigeria", "discovery_year": 2006, "shore_status": "OFFSHORE"}}, {"type": "Feature", "id": "mps_mapping_accumulation.97febff4-7280-419e-a0b3-b56251f457f1", "geometry": {"type": "MultiPolygon", "coordinates": [[[[5.0258193, 6.0086036], [4.996731, 6.0089693], [4.99106, 6.0056763], [5.0183187, 5.992321], [5.0318565, 5.9974437], [5.0258193, 6.0086036]]]]}, "geometry_name": "geom", "properties": {"name": "SIBIRI", "hydrocarbon_type": "OIL", "status": "DISCOVERY", "area_sqkm": 6.99214298517009, "country": "Nigeria", "discovery_year": null, "shore_status": "ONSHORE"}}, {"type": "Feature", "id": "mps_mapping_accumulation.f394408f-bcb3-48b6-8cae-58c3feb4a104", "geometry": {"type": "MultiPolygon", "coordinates": [[[[4.9721937, 5.979653], [4.9861727, 5.9806247], [5.0000434, 5.972151], [4.962317, 5.968103], [4.9721937, 5.979653]]]]}, "geometry_name": "geom", "properties": {"name": "POLOBO", "hydrocarbon_type": "OIL", "status": "PRODUCING", "area_sqkm": 4.29224787403704, "country": "Nigeria", "discovery_year": 1972, "shore_status": "ONSHORE"}}, {"type": "Feature", "id": "mps_mapping_accumulation.d5f00935-90da-4b66-b7ba-e90cecc6c555", "geometry": {"type": "MultiPolygon", "coordinates": [[[[5.00931725, 5.8992885], [4.97925023, 5.91893708], [4.97437884, 5.93018459], [4.99209928, 5.93237314], [5.01801588, 5.91880156], [5.03421995, 5.88620263], [5.023728, 5.88446372], [5.00931725, 5.8992885]]]]}, "geometry_name": "geom", "properties": {"name": "OPUEKEBA", "hydrocarbon_type": "OIL", "status": "PRODUCING", "area_sqkm": 16.1716396864558, "country": "Nigeria", "discovery_year": 1978, "shore_status": "ONSHORE"}}, {"type": "Feature", "id": "mps_mapping_accumulation.88715641-2500-46d6-a771-33a358d1e11a", "geometry": {"type": "MultiPolygon", "coordinates": [[[[4.922798, 5.869973], [4.960968, 5.868756], [4.9747257, 5.839708], [4.9597573, 5.8398495], [4.922798, 5.869973]]]]}, "geometry_name": "geom", "properties": {"name": "EWAN", "hydrocarbon_type": "OIL", "status": "PRODUCING", "area_sqkm": 12.6487178652771, "country": "Nigeria", "discovery_year": 1981, "shore_status": "OFFSHORE"}}, {"type": "Feature", "id": "mps_mapping_accumulation.005bdddd-8178-48e4-a442-e103a8d8c580", "geometry": {"type": "MultiPolygon", "coordinates": [[[[4.97149956, 5.76981475], [4.96319981, 5.79005681], [4.97044984, 5.79954159], [4.99232697, 5.77819852], [4.98347297, 5.76750344], [4.97149956, 5.76981475]]]]}, "geometry_name": "geom", "properties": {"name": "OLOYE", "hydrocarbon_type": "OIL", "status": "PRODUCING", "area_sqkm": 8.29842797939402, "country": "Nigeria", "discovery_year": 1969, "shore_status": "OFFSHORE"}}, {"type": "Feature", "id": "mps_mapping_accumulation.6e466598-7e5b-454f-a281-81f9c6ddc5ac", "geometry": {"type": "MultiPolygon", "coordinates": [[[[5.005501, 5.726589], [4.9872813, 5.7187114], [4.9737062, 5.734398], [5.0017877, 5.75212], [5.0116973, 5.7397513], [5.005501, 5.726589]]]]}, "geometry_name": "geom", "properties": {"name": "TAPA", "hydrocarbon_type": "OIL", "status": "PRODUCING", "area_sqkm": 11.0057689879216, "country": "Nigeria", "discovery_year": 1980, "shore_status": "OFFSHORE"}}, {"type": "Feature", "id": "mps_mapping_accumulation.6eaa3d05-4379-410b-b781-cde8e8ed9663", "geometry": {"type": "MultiPolygon", "coordinates": [[[[5.03798113, 5.74883863], [5.04911684, 5.74422538], [5.04536644, 5.72997456], [5.03798113, 5.74883863]]]]}, "geometry_name": "geom", "properties": {"name": "KITO", "hydrocarbon_type": "GAS", "status": "PRODUCING", "area_sqkm": 2.92359320582352, "country": "Nigeria", "discovery_year": 1994, "shore_status": "OFFSHORE"}}, {"type": "Feature", "id": "mps_mapping_accumulation.57d259f0-af04-4380-bc5b-9e7988b77830", "geometry": {"type": "MultiPolygon", "coordinates": [[[[5.000184, 5.5753546], [4.993846, 5.5719852], [4.977803, 5.6020947], [4.979066, 5.6178913], [4.999544, 5.6045914], [5.000184, 5.5753546]]]]}, "geometry_name": "geom", "properties": {"name": "EJULEBE", "hydrocarbon_type": "OIL", "status": "PRODUCING", "area_sqkm": 8.22024997526584, "country": "Nigeria", "discovery_year": 1995, "shore_status": "OFFSHORE"}}, {"type": "Feature", "id": "mps_mapping_accumulation.8d9d5aa8-cdb4-405e-8843-f8181514d74f", "geometry": {"type": "MultiPolygon", "coordinates": [[[[4.99899606, 5.51552712], [4.97869675, 5.51970663], [4.97499787, 5.54164208], [4.99701502, 5.53607352], [4.99899606, 5.51552712]]]]}, "geometry_name": "geom", "properties": {"name": "KAKA", "hydrocarbon_type": "OIL", "status": "PRODUCING", "area_sqkm": 8.33094045912597, "country": "Nigeria", "discovery_year": 1990, "shore_status": "OFFSHORE"}}, {"type": "Feature", "id": "mps_mapping_accumulation.9367c87d-b9b8-419e-a57d-d812d0045fee", "geometry": {"type": "MultiPolygon", "coordinates": [[[[5.04369697, 5.458558], [5.02813232, 5.43762404], [5.01329203, 5.43956284], [4.98977642, 5.45991731], [4.99137448, 5.47676188], [5.01950438, 5.48781206], [5.04369697, 5.458558]]]]}, "geometry_name": "geom", "properties": {"name": "AWODI", "hydrocarbon_type": "OIL", "status": "PRODUCING", "area_sqkm": 24.2232063058585, "country": "Nigeria", "discovery_year": 1973, "shore_status": "OFFSHORE"}}, {"type": "Feature", "id": "mps_mapping_accumulation.8a0bd27b-740b-43d3-b7ba-c2e0d1c97569", "geometry": {"type": "MultiPolygon", "coordinates": [[[[5.022043, 5.548891], [5.068658, 5.5159283], [5.1032963, 5.468783], [5.0832667, 5.475058], [5.022043, 5.548891]]]]}, "geometry_name": "geom", "properties": {"name": "MEFA", "hydrocarbon_type": "OIL", "status": "PRODUCING", "area_sqkm": 17.4991893892963, "country": "Nigeria", "discovery_year": 1965, "shore_status": "OFFSHORE"}}, {"type": "Feature", "id": "mps_mapping_accumulation.e204c7e8-906a-4e55-9c05-068a0bac5dd8", "geometry": {"type": "MultiPolygon", "coordinates": [[[[4.99570477, 5.24603374], [4.98406919, 5.2387615], [4.9923992, 5.19975589], [5.00615034, 5.22091148], [4.99570477, 5.24603374]]]]}, "geometry_name": "geom", "properties": {"name": "KONKO", "hydrocarbon_type": "OIL", "status": "DISCOVERY", "area_sqkm": 10.6357424711096, "country": "Nigeria", "discovery_year": 1987, "shore_status": "OFFSHORE"}}, {"type": "Feature", "id": "mps_mapping_accumulation.c7a3c147-4fb3-4537-be29-5b83c6e1c61c", "geometry": {"type": "MultiPolygon", "coordinates": [[[[5.0250316, 5.1073194], [5.018434, 5.091331], [5.002495, 5.0847025], [4.9865494, 5.0913167], [4.979938, 5.1072993], [4.9865346, 5.123288], [5.0024743, 5.129917], [5.0184207, 5.123303], [5.0250316, 5.1073194]]]]}, "geometry_name": "geom", "properties": {"name": "EREKUKU", "hydrocarbon_type": "GAS", "status": null, "area_sqkm": 19.1338254849896, "country": "Nigeria", "discovery_year": 1989, "shore_status": "OFFSHORE"}}, {"type": "Feature", "id": "mps_mapping_accumulation.578dc50f-0310-435e-95bf-46852e9a8f97", "geometry": {"type": "MultiPolygon", "coordinates": [[[[5.080197, 5.1551957], [5.073519, 5.139074], [5.057397, 5.1323957], [5.041275, 5.139074], [5.034597, 5.1551957], [5.041275, 5.1713176], [5.057397, 5.1779957], [5.073519, 5.1713176], [5.080197, 5.1551957]]]]}, "geometry_name": "geom", "properties": {"name": "EGBELEKE", "hydrocarbon_type": "GAS", "status": null, "area_sqkm": 19.5123094951255, "country": "Nigeria", "discovery_year": 1983, "shore_status": "OFFSHORE"}}, {"type": "Feature", "id": "mps_mapping_accumulation.1571f758-a3d3-45eb-b39c-004ceb4c014b", "geometry": {"type": "MultiPolygon", "coordinates": [[[[5.2584233, 5.9884667], [5.265469, 6.0025225], [5.2806716, 6.004368], [5.3014193, 5.9812675], [5.261216, 5.97934], [5.2584233, 5.9884667]]]]}, "geometry_name": "geom", "properties": {"name": "ABIALA", "hydrocarbon_type": "OIL", "status": "PRODUCING", "area_sqkm": 10.0583555332471, "country": "Nigeria", "discovery_year": 1990, "shore_status": "ONSHORE"}}, {"type": "Feature", "id": "mps_mapping_accumulation.1629bbcf-ff3f-4f56-87f1-6d19b05a1f34", "geometry": {"type": "MultiPolygon", "coordinates": [[[[5.1508164, 5.87312], [5.2135415, 5.85179], [5.2219744, 5.8293123], [5.19663, 5.823734], [5.1507425, 5.849777], [5.1411667, 5.8660088], [5.1508164, 5.87312]]]]}, "geometry_name": "geom", "properties": {"name": "BENIN RIVER", "hydrocarbon_type": "OIL", "status": "PRODUCING", "area_sqkm": 28.6429972335308, "country": "Nigeria", "discovery_year": 1989, "shore_status": "BOTH"}}, {"type": "Feature", "id": "mps_mapping_accumulation.42dee289-3cee-4e42-9994-debfa69f4626", "geometry": {"type": "MultiPolygon", "coordinates": [[[[5.2530603, 5.6790433], [5.2665024, 5.689206], [5.282196, 5.683602], [5.2859135, 5.663094], [5.26868, 5.6500564], [5.2772374, 5.635388], [5.247579, 5.637168], [5.2461376, 5.6467648], [5.261979, 5.652117], [5.2530603, 5.6790433]]]]}, "geometry_name": "geom", "properties": {"name": "ABITEYE", "hydrocarbon_type": "OIL", "status": "PRODUCING", "area_sqkm": 18.3334019386622, "country": "Nigeria", "discovery_year": 1971, "shore_status": "ONSHORE"}}, {"type": "Feature", "id": "mps_mapping_accumulation.9ec6cb6e-8dce-4e36-b53c-02fd1140035e", "geometry": {"type": "MultiPolygon", "coordinates": [[[[5.2354054, 5.5921354], [5.2287273, 5.5760136], [5.2126055, 5.5693355], [5.1964836, 5.5760136], [5.1898055, 5.5921354], [5.1964836, 5.6082573], [5.2126055, 5.6149354], [5.2287273, 5.6082573], [5.2354054, 5.5921354]]]]}, "geometry_name": "geom", "properties": {"name": "ELOLO", "hydrocarbon_type": "OIL", "status": null, "area_sqkm": 19.4986010939359, "country": "Nigeria", "discovery_year": 1970, "shore_status": "BOTH"}}, {"type": "Feature", "id": "mps_mapping_accumulation.57eaaf8b-7555-4ed3-8f29-41cc623f02c0", "geometry": {"type": "MultiPolygon", "coordinates": [[[[5.2223945, 5.376868], [5.2077036, 5.4047647], [5.231622, 5.3958855], [5.2546577, 5.3615193], [5.2520723, 5.345867], [5.2367077, 5.348261], [5.2223945, 5.376868]]]]}, "geometry_name": "geom", "properties": {"name": "MESAN", "hydrocarbon_type": "OIL", "status": "PRODUCING", "area_sqkm": 15.942692343339, "country": "Nigeria", "discovery_year": 1965, "shore_status": "OFFSHORE"}}, {"type": "Feature", "id": "mps_mapping_accumulation.db2a732b-fc21-417b-a97c-d5e569bd397c", "geometry": {"type": "MultiPolygon", "coordinates": [[[[5.2673135, 5.4104075], [5.221727, 5.4534683], [5.21919, 5.47107], [5.314572, 5.4082623], [5.3577127, 5.36427], [5.3579335, 5.342254], [5.3314466, 5.33962], [5.2732644, 5.3855796], [5.2673135, 5.4104075]]]]}, "geometry_name": "geom", "properties": {"name": "FORCADOS YOKRI", "hydrocarbon_type": "OIL", "status": "PRODUCING", "area_sqkm": 69.3100778487092, "country": "Nigeria", "discovery_year": 1968, "shore_status": "BOTH"}}, {"type": "Feature", "id": "mps_mapping_accumulation.89c5e57d-94ad-4ca3-9acf-8f0ce8341a38", "geometry": {"type": "MultiPolygon", "coordinates": [[[[5.2606764, 5.408454], [5.25407, 5.392468], [5.238121, 5.385846], [5.2221713, 5.3924665], [5.2155633, 5.408452], [5.222169, 5.424438], [5.2381186, 5.431061], [5.2540693, 5.4244394], [5.2606764, 5.408454]]]]}, "geometry_name": "geom", "properties": {"name": "FORCADOS SOUTH WEST", "hydrocarbon_type": "OIL", "status": "DISCOVERY", "area_sqkm": 19.1331769771927, "country": "Nigeria", "discovery_year": 1976, "shore_status": "OFFSHORE"}}, {"type": "Feature", "id": "mps_mapping_accumulation.98404f0e-a354-49dd-b0a5-f66a10c285b3", "geometry": {"type": "MultiPolygon", "coordinates": [[[[5.2901077, 5.247216], [5.273479, 5.2502923], [5.262658, 5.273194], [5.2901077, 5.247216]]]]}, "geometry_name": "geom", "properties": {"name": "AKEPO", "hydrocarbon_type": "OIL", "status": "DISCOVERY", "area_sqkm": 4.86336773676507, "country": "Nigeria", "discovery_year": 1993, "shore_status": "OFFSHORE"}}, {"type": "Feature", "id": "mps_mapping_accumulation.8e48c103-106b-4a6a-8b2e-87553286b497", "geometry": {"type": "MultiPolygon", "coordinates": [[[[5.24723518, 5.25671236], [5.24172343, 5.25338489], [5.23607201, 5.26103525], [5.24723518, 5.25671236]]]]}, "geometry_name": "geom", "properties": {"name": "OGADAH", "hydrocarbon_type": "OIL", "status": "PRODUCING", "area_sqkm": 1.09461612265921, "country": "Nigeria", "discovery_year": 1994, "shore_status": "OFFSHORE"}}, {"type": "Feature", "id": "mps_mapping_accumulation.b0e65528-18ff-4313-ae39-a0fce3ac903d", "geometry": {"type": "MultiPolygon", "coordinates": [[[[5.2946076, 4.865207], [5.2549386, 4.85887], [5.2688565, 4.828346], [5.287311, 4.8242116], [5.3025794, 4.8388877], [5.3047233, 4.856999], [5.2946076, 4.865207]]]]}, "geometry_name": "geom", "properties": {"name": "EJA", "hydrocarbon_type": "OIL_AND_GAS", "status": "DISCOVERY", "area_sqkm": 21.3363496166189, "country": "Nigeria", "discovery_year": 1968, "shore_status": "OFFSHORE"}}, {"type": "Feature", "id": "mps_mapping_accumulation.5afb456f-39be-4662-b43e-cb092a00aaa0", "geometry": {"type": "MultiPolygon", "coordinates": [[[[5.304078, 4.8798003], [5.297477, 4.8638144], [5.2815394, 4.857192], [5.265603, 4.863813], [5.2590003, 4.8797984], [5.2656, 4.895785], [5.2815385, 4.9024076], [5.2974763, 4.8957863], [5.304078, 4.8798003]]]]}, "geometry_name": "geom", "properties": {"name": "EGBELE", "hydrocarbon_type": "GAS", "status": null, "area_sqkm": 19.1342129315008, "country": "Nigeria", "discovery_year": 1991, "shore_status": "OFFSHORE"}}, {"type": "Feature", "id": "mps_mapping_accumulation.b0793586-2047-4747-8573-c1f668ab43ec", "geometry": {"type": "MultiPolygon", "coordinates": [[[[5.2296934, 4.893202], [5.2230153, 4.87708], [5.2068934, 4.870402], [5.1907716, 4.87708], [5.1840935, 4.893202], [5.1907716, 4.909324], [5.2068934, 4.916002], [5.2230153, 4.909324], [5.2296934, 4.893202]]]]}, "geometry_name": "geom", "properties": {"name": "EJ", "hydrocarbon_type": "GAS", "status": null, "area_sqkm": 19.5199741377696, "country": "Nigeria", "discovery_year": 1969, "shore_status": "OFFSHORE"}}, {"type": "Feature", "id": "mps_mapping_accumulation.94795ba5-0ecc-4697-b90d-ac88f6ae91a4", "geometry": {"type": "MultiPolygon", "coordinates": [[[[5.2596135, 4.353516], [5.2463694, 4.3498597], [5.2503505, 4.337753], [5.2624574, 4.3392158], [5.2596135, 4.353516]]]]}, "geometry_name": "geom", "properties": {"name": "AZAMA", "hydrocarbon_type": "OIL", "status": "DISCOVERY", "area_sqkm": 3.15462718540364, "country": "Nigeria", "discovery_year": null, "shore_status": "OFFSHORE"}}, {"type": "Feature", "id": "mps_mapping_accumulation.eb46e3f2-49f1-437c-92eb-9adf101e460d", "geometry": {"type": "MultiPolygon", "coordinates": [[[[5.54733679, 5.89521954], [5.52972379, 5.89785794], [5.52494904, 5.90778241], [5.54895785, 5.90814888], [5.54733679, 5.89521954]]]]}, "geometry_name": "geom", "properties": {"name": "ABIGBORODO", "hydrocarbon_type": "OIL", "status": "PRODUCING", "area_sqkm": 4.55092353245095, "country": "Nigeria", "discovery_year": 1973, "shore_status": "ONSHORE"}}, {"type": "Feature", "id": "mps_mapping_accumulation.430ba347-ea53-4d0c-99d8-d9d8fe48f8cf", "geometry": {"type": "MultiPolygon", "coordinates": [[[[5.48747305, 5.88992393], [5.48429971, 5.89891506], [5.50347196, 5.90076617], [5.50095974, 5.89045282], [5.48747305, 5.88992393]]]]}, "geometry_name": "geom", "properties": {"name": "HELY CREEK", "hydrocarbon_type": "OIL", "status": "DISCOVERY", "area_sqkm": 3.01051504543236, "country": "Nigeria", "discovery_year": 1972, "shore_status": "ONSHORE"}}, {"type": "Feature", "id": "mps_mapping_accumulation.c879af8a-9f84-4ac3-8db3-cc421c4c0131", "geometry": {"type": "MultiPolygon", "coordinates": [[[[5.46941563, 5.76812163], [5.4211225, 5.77020241], [5.40812494, 5.78291638], [5.44187409, 5.79723033], [5.49651813, 5.77449881], [5.48853088, 5.76581425], [5.46941563, 5.76812163]]]]}, "geometry_name": "geom", "properties": {"name": "MAKARABA", "hydrocarbon_type": "OIL", "status": "PRODUCING", "area_sqkm": 21.5158461796424, "country": "Nigeria", "discovery_year": 1973, "shore_status": "ONSHORE"}}, {"type": "Feature", "id": "mps_mapping_accumulation.e9f7c24c-2462-4247-87f5-9def524aab6d", "geometry": {"type": "MultiPolygon", "coordinates": [[[[5.50553, 5.7655063], [5.5324283, 5.7619967], [5.546609, 5.737835], [5.5164967, 5.7442217], [5.50553, 5.7655063]]]]}, "geometry_name": "geom", "properties": {"name": "OBODO", "hydrocarbon_type": "OIL", "status": "PRODUCING", "area_sqkm": 10.9551022624522, "country": "Nigeria", "discovery_year": 1966, "shore_status": "ONSHORE"}}, {"type": "Feature", "id": "mps_mapping_accumulation.87d9ce56-73fd-4c10-98a1-0c36909f31c6", "geometry": {"type": "MultiPolygon", "coordinates": [[[[5.5555387, 5.6383476], [5.538473, 5.642934], [5.536269, 5.653892], [5.556803, 5.6513715], [5.5555387, 5.6383476]]]]}, "geometry_name": "geom", "properties": {"name": "AGHIGHO", "hydrocarbon_type": "OIL", "status": "PRODUCING", "area_sqkm": 4.37616194250235, "country": "Nigeria", "discovery_year": 1972, "shore_status": "ONSHORE"}}, {"type": "Feature", "id": "mps_mapping_accumulation.453e26f6-c64e-4f87-bc7a-b75d669d9e77", "geometry": {"type": "MultiPolygon", "coordinates": [[[[5.4431314, 5.6206617], [5.4593635, 5.621776], [5.475295, 5.5910096], [5.502058, 5.5772347], [5.5026846, 5.549825], [5.480911, 5.554165], [5.4511, 5.588126], [5.437892, 5.606418], [5.4431314, 5.6206617]]]]}, "geometry_name": "geom", "properties": {"name": "EGWA", "hydrocarbon_type": "OIL", "status": "PRODUCING", "area_sqkm": 26.2697642818881, "country": "Nigeria", "discovery_year": 1967, "shore_status": "BOTH"}}, {"type": "Feature", "id": "mps_mapping_accumulation.1701ff43-6330-4f15-9751-6be58d931e4a", "geometry": {"type": "MultiPolygon", "coordinates": [[[[5.55506425, 5.50197875], [5.53755153, 5.50284972], [5.53006634, 5.51765373], [5.54759869, 5.51543913], [5.55506425, 5.50197875]]]]}, "geometry_name": "geom", "properties": {"name": "AJUJU", "hydrocarbon_type": "OIL", "status": "PRODUCING", "area_sqkm": 4.63900528701073, "country": "Nigeria", "discovery_year": null, "shore_status": "BOTH"}}, {"type": "Feature", "id": "mps_mapping_accumulation.623d2425-c7da-47c1-bfaa-b952c5a99dd7", "geometry": {"type": "MultiPolygon", "coordinates": [[[[5.5639863, 5.4750257], [5.5380735, 5.481987], [5.52299, 5.5071263], [5.549289, 5.4974575], [5.5639863, 5.4750257]]]]}, "geometry_name": "geom", "properties": {"name": "OGBANABOU", "hydrocarbon_type": "OIL", "status": "DISCOVERY", "area_sqkm": 8.85920312649743, "country": "Nigeria", "discovery_year": null, "shore_status": "BOTH"}}, {"type": "Feature", "id": "mps_mapping_accumulation.b4f64127-6048-4adc-a525-fbec50314cb9", "geometry": {"type": "MultiPolygon", "coordinates": [[[[5.5402293, 5.142214], [5.5336194, 5.1262302], [5.5176735, 5.119614], [5.5017323, 5.1262407], [5.495133, 5.142229], [5.501742, 5.158213], [5.517689, 5.1648293], [5.533631, 5.1582026], [5.5402293, 5.142214]]]]}, "geometry_name": "geom", "properties": {"name": "RAMOS RIVER EAST", "hydrocarbon_type": "OIL", "status": null, "area_sqkm": 19.1344387987744, "country": "Nigeria", "discovery_year": 1978, "shore_status": "BOTH"}}, {"type": "Feature", "id": "mps_mapping_accumulation.e9dcc341-f0f6-4f10-95d4-fd4620ad423e", "geometry": {"type": "MultiPolygon", "coordinates": [[[[5.45877893, 5.14388162], [5.464897, 5.1623383], [5.4808435, 5.168956], [5.496786, 5.1623297], [5.5033855, 5.146342], [5.49697187, 5.13065052], [5.45877893, 5.14388162]]]]}, "geometry_name": "geom", "properties": {"name": "RAMOS RIVER", "hydrocarbon_type": "OIL", "status": null, "area_sqkm": 14.6196912619169, "country": "Nigeria", "discovery_year": 1960, "shore_status": "BOTH"}}, {"type": "Feature", "id": "mps_mapping_accumulation.12c387a1-755e-44bb-b14d-2f125739d34c", "geometry": {"type": "MultiPolygon", "coordinates": [[[[5.53625494, 5.00651938], [5.56630625, 5.00311], [5.57658089, 4.97917542], [5.55655584, 4.9708915], [5.53715166, 4.97814719], [5.52644622, 4.99421703], [5.53625494, 5.00651938]]]]}, "geometry_name": "geom", "properties": {"name": "OGBOTOBO", "hydrocarbon_type": "OIL_AND_GAS", "status": "PRODUCING", "area_sqkm": 17.5179526819815, "country": "Nigeria", "discovery_year": 1980, "shore_status": "ONSHORE"}}, {"type": "Feature", "id": "mps_mapping_accumulation.1984d381-240c-4257-9d1e-00182421caf3", "geometry": {"type": "MultiPolygon", "coordinates": [[[[5.5088744, 4.6626587], [5.5133657, 4.6478634], [5.5257835, 4.63571], [5.52684, 4.648656], [5.5088744, 4.6626587]]]]}, "geometry_name": "geom", "properties": {"name": "IKEBIRI", "hydrocarbon_type": "GAS", "status": "DISCOVERY", "area_sqkm": 3.28791747966563, "country": "Nigeria", "discovery_year": null, "shore_status": "OFFSHORE"}}, {"type": "Feature", "id": "mps_mapping_accumulation.2ee21d2a-e470-4ee9-8340-11031cfb886f", "geometry": {"type": "MultiPolygon", "coordinates": [[[[5.45160028, 4.66747159], [5.4854959, 4.66175646], [5.4932419, 4.6368309], [5.48643522, 4.62337718], [5.46839034, 4.61819584], [5.44185722, 4.63416947], [5.43850545, 4.66041604], [5.45160028, 4.66747159]]]]}, "geometry_name": "geom", "properties": {"name": "PENNINGTON", "hydrocarbon_type": "OIL", "status": "PRODUCING", "area_sqkm": 27.573078279853, "country": "Nigeria", "discovery_year": 1965, "shore_status": "OFFSHORE"}}, {"type": "Feature", "id": "mps_mapping_accumulation.7e8655f5-063c-4a25-9c8a-d6f2abaa39b4", "geometry": {"type": "MultiPolygon", "coordinates": [[[[5.4778304, 4.6263304], [5.490116, 4.6232924], [5.4948716, 4.615762], [5.481397, 4.615762], [5.4778304, 4.6263304]]]]}, "geometry_name": "geom", "properties": {"name": "ERBI", "hydrocarbon_type": "GAS", "status": "DISCOVERY", "area_sqkm": 1.77022434971012, "country": "Nigeria", "discovery_year": null, "shore_status": "OFFSHORE"}}, {"type": "Feature", "id": "mps_mapping_accumulation.8f141fdf-e5f7-4f4b-8567-bf8637a84b46", "geometry": {"type": "MultiPolygon", "coordinates": [[[[5.69371579, 5.86852873], [5.71138954, 5.85978814], [5.71133917, 5.8459787], [5.68453604, 5.8579851], [5.69371579, 5.86852873]]]]}, "geometry_name": "geom", "properties": {"name": "AMUKPE", "hydrocarbon_type": "OIL", "status": "PRODUCING", "area_sqkm": 6.31307238183453, "country": "Nigeria", "discovery_year": 1974, "shore_status": "ONSHORE"}}, {"type": "Feature", "id": "mps_mapping_accumulation.1601d8f0-963e-498f-b909-99d8d260c3d0", "geometry": {"type": "MultiPolygon", "coordinates": [[[[5.79665237, 5.86887508], [5.77455417, 5.87646606], [5.74992563, 5.91037247], [5.79682106, 5.89400968], [5.80846057, 5.87663475], [5.79665237, 5.86887508]]]]}, "geometry_name": "geom", "properties": {"name": "MOSOGAR", "hydrocarbon_type": "OIL", "status": "DISCOVERY", "area_sqkm": 15.6990738010765, "country": "Nigeria", "discovery_year": 1970, "shore_status": "ONSHORE"}}, {"type": "Feature", "id": "mps_mapping_accumulation.040bfab4-c7e2-429a-b41d-33bf58c4200b", "geometry": {"type": "MultiPolygon", "coordinates": [[[[5.6956744, 5.021928], [5.715483, 5.01158], [5.717716, 4.9924483], [5.6897817, 4.998163], [5.6843333, 5.015415], [5.6956744, 5.021928]]]]}, "geometry_name": "geom", "properties": {"name": "BENISEDE", "hydrocarbon_type": "OIL_AND_GAS", "status": "PRODUCING", "area_sqkm": 10.7923170078493, "country": "Nigeria", "discovery_year": 1973, "shore_status": "ONSHORE"}}, {"type": "Feature", "id": "mps_mapping_accumulation.16bb7f7f-6986-42f2-a892-6449c07fcce9", "geometry": {"type": "MultiPolygon", "coordinates": [[[[5.7257047, 4.9634733], [5.7190266, 4.9473515], [5.7029047, 4.9406734], [5.686783, 4.9473515], [5.6801047, 4.9634733], [5.686783, 4.979595], [5.7029047, 4.9862733], [5.7190266, 4.979595], [5.7257047, 4.9634733]]]]}, "geometry_name": "geom", "properties": {"name": "ORUBOU", "hydrocarbon_type": "GAS", "status": "DISCOVERY", "area_sqkm": 19.5177880856522, "country": "Nigeria", "discovery_year": 1971, "shore_status": "ONSHORE"}}, {"type": "Feature", "id": "mps_mapping_accumulation.aca1e4c7-19ec-4c53-a489-25340273f7fb", "geometry": {"type": "MultiPolygon", "coordinates": [[[[5.68947775, 4.86760925], [5.70919286, 4.8598895], [5.70732431, 4.83858406], [5.69076523, 4.84714217], [5.68947775, 4.86760925]]]]}, "geometry_name": "geom", "properties": {"name": "CLOUGH CREEK", "hydrocarbon_type": "OIL", "status": "PRODUCING", "area_sqkm": 7.05657243684845, "country": "Nigeria", "discovery_year": 1976, "shore_status": "ONSHORE"}}, {"type": "Feature", "id": "mps_mapping_accumulation.62e82538-e473-4015-8f7d-e493cd010b0c", "geometry": {"type": "MultiPolygon", "coordinates": [[[[5.783647, 4.6433716], [5.8172007, 4.623821], [5.864229, 4.576528], [5.8090105, 4.612724], [5.783647, 4.6433716]]]]}, "geometry_name": "geom", "properties": {"name": "OPUGBENE", "hydrocarbon_type": "OIL_AND_GAS", "status": "DISCOVERY", "area_sqkm": 13.9851453657471, "country": "Nigeria", "discovery_year": null, "shore_status": "ONSHORE"}}, {"type": "Feature", "id": "mps_mapping_accumulation.d930e8e1-2358-4e4b-b7c3-85ff0e192e72", "geometry": {"type": "MultiPolygon", "coordinates": [[[[5.7738643, 4.37099], [5.7901273, 4.3704624], [5.8000054, 4.349497], [5.775593, 4.356197], [5.7738643, 4.37099]]]]}, "geometry_name": "geom", "properties": {"name": "NORTH APOI", "hydrocarbon_type": "OIL", "status": "PRODUCING", "area_sqkm": 6.47472486576589, "country": "Nigeria", "discovery_year": 1973, "shore_status": "OFFSHORE"}}, {"type": "Feature", "id": "mps_mapping_accumulation.885ab0c1-3980-4cf2-9cde-756ce1440408", "geometry": {"type": "MultiPolygon", "coordinates": [[[[5.78882297, 4.12468318], [5.80111784, 4.12790524], [5.82800468, 4.11186054], [5.81537792, 4.10579376], [5.78785704, 4.11661166], [5.78882297, 4.12468318]]]]}, "geometry_name": "geom", "properties": {"name": "MADU", "hydrocarbon_type": "OIL", "status": "PRODUCING", "area_sqkm": 6.64298668714952, "country": "Nigeria", "discovery_year": 1993, "shore_status": "OFFSHORE"}}, {"type": "Feature", "id": "mps_mapping_accumulation.e6af0b5a-97bf-447d-9b57-fa5015bf74c7", "geometry": {"type": "MultiPolygon", "coordinates": [[[[6.03181757, 5.38719866], [6.05977027, 5.37668156], [6.06710797, 5.34504796], [6.03942547, 5.36264596], [6.03181757, 5.38719866]]]]}, "geometry_name": "geom", "properties": {"name": "EVWRENI", "hydrocarbon_type": "OIL", "status": "PRODUCING", "area_sqkm": 13.2110108349573, "country": "Nigeria", "discovery_year": 1967, "shore_status": "ONSHORE"}}, {"type": "Feature", "id": "mps_mapping_accumulation.f9fb3f3d-7551-46f1-8f6d-c0d93c33c069", "geometry": {"type": "MultiPolygon", "coordinates": [[[[5.95069993, 5.12661667], [5.95934666, 5.1231718], [5.97128107, 5.13390672], [5.95688853, 5.13986832], [5.95069993, 5.12661667]]]]}, "geometry_name": "geom", "properties": {"name": "UDUERE", "hydrocarbon_type": "OIL_AND_GAS", "status": null, "area_sqkm": 3.39800256575261, "country": "Nigeria", "discovery_year": 1972, "shore_status": "ONSHORE"}}, {"type": "Feature", "id": "mps_mapping_accumulation.52abe67d-a4a9-4be3-84f2-a8b5cc4316ab", "geometry": {"type": "MultiPolygon", "coordinates": [[[[6.0075659, 5.15139807], [5.99465286, 5.13848503], [5.98173977, 5.15139807], [5.99465286, 5.16431116], [6.0075659, 5.15139807]]]]}, "geometry_name": "geom", "properties": {"name": "OSOSO", "hydrocarbon_type": "GAS", "status": null, "area_sqkm": 6.25891555803616, "country": "Nigeria", "discovery_year": 1988, "shore_status": "ONSHORE"}}, {"type": "Feature", "id": "mps_mapping_accumulation.ba40514a-dba3-49ca-bf87-a346abd417a2", "geometry": {"type": "MultiPolygon", "coordinates": [[[[5.975806, 4.8352785], [5.969128, 4.8191566], [5.9530063, 4.8124785], [5.9368844, 4.8191566], [5.9302063, 4.8352785], [5.9368844, 4.8514004], [5.9530063, 4.8580785], [5.969128, 4.8514004], [5.975806, 4.8352785]]]]}, "geometry_name": "geom", "properties": {"name": "ALELE", "hydrocarbon_type": "OIL", "status": null, "area_sqkm": 19.5214991808911, "country": "Nigeria", "discovery_year": 1992, "shore_status": "ONSHORE"}}, {"type": "Feature", "id": "mps_mapping_accumulation.2ed28365-f477-447d-ab95-b0f18bc0b092", "geometry": {"type": "MultiPolygon", "coordinates": [[[[6.0096064, 4.837586], [6.0029283, 4.821464], [5.9868064, 4.814786], [5.9706845, 4.821464], [5.9640064, 4.837586], [5.9706845, 4.8537083], [5.9868064, 4.860386], [6.0029283, 4.8537083], [6.0096064, 4.837586]]]]}, "geometry_name": "geom", "properties": {"name": "OKPOKU", "hydrocarbon_type": "OIL_AND_GAS", "status": null, "area_sqkm": 19.5216318096747, "country": "Nigeria", "discovery_year": 1989, "shore_status": "ONSHORE"}}, {"type": "Feature", "id": "mps_mapping_accumulation.2d3e284a-fa41-4ee5-a488-74844ea81fe5", "geometry": {"type": "MultiPolygon", "coordinates": [[[[6.0686574, 4.5314407], [6.0637417, 4.538507], [6.0465364, 4.5320554], [6.036705, 4.5096273], [6.0542173, 4.5056334], [6.0686574, 4.5314407]]]]}, "geometry_name": "geom", "properties": {"name": "IGBOMOTORU", "hydrocarbon_type": "OIL", "status": "DISCOVERY", "area_sqkm": 9.003954151346, "country": "Nigeria", "discovery_year": 1973, "shore_status": "ONSHORE"}}, {"type": "Feature", "id": "mps_mapping_accumulation.523d55aa-db7d-49aa-baac-8231db5ec10a", "geometry": {"type": "MultiPolygon", "coordinates": [[[[5.95445724, 4.14647986], [5.97036935, 4.12992954], [5.98446284, 4.14680241], [5.9999857, 4.146839], [5.95910525, 4.18099164], [5.93327807, 4.18473831], [5.92952139, 4.162258], [5.95445724, 4.14647986]]]]}, "geometry_name": "geom", "properties": {"name": "HB", "hydrocarbon_type": "GAS", "status": null, "area_sqkm": 22.0617571298692, "country": "Nigeria", "discovery_year": 1989, "shore_status": "OFFSHORE"}}, {"type": "Feature", "id": "mps_mapping_accumulation.83bfdf8a-79a7-4e95-b1de-592507ab46cf", "geometry": {"type": "MultiPolygon", "coordinates": [[[[6.2747364, 5.8445415], [6.2887564, 5.84844], [6.284558, 5.8653092], [6.2740617, 5.8611856], [6.2747364, 5.8445415]]]]}, "geometry_name": "geom", "properties": {"name": "ASUOKPU", "hydrocarbon_type": "OIL", "status": "DISCOVERY", "area_sqkm": 4.04090489225007, "country": "Nigeria", "discovery_year": 1989, "shore_status": "ONSHORE"}}, {"type": "Feature", "id": "mps_mapping_accumulation.a2dcd38b-4056-4284-890a-f99823267d97", "geometry": {"type": "MultiPolygon", "coordinates": [[[[6.232068, 5.9090824], [6.26176, 5.883771], [6.2593956, 5.8723903], [6.2036715, 5.876135], [6.213141, 5.9085164], [6.232068, 5.9090824]]]]}, "geometry_name": "geom", "properties": {"name": "UMUTU", "hydrocarbon_type": "OIL", "status": "PRODUCING", "area_sqkm": 21.8521486257694, "country": "Nigeria", "discovery_year": 1977, "shore_status": "ONSHORE"}}, {"type": "Feature", "id": "mps_mapping_accumulation.bb486e09-a928-4416-9185-5dcdc0aae563", "geometry": {"type": "MultiPolygon", "coordinates": [[[[6.215649, 5.5975165], [6.1892943, 5.54655], [6.172523, 5.54655], [6.1705627, 5.5692015], [6.190601, 5.6044865], [6.2125998, 5.6051397], [6.215649, 5.5975165]]]]}, "geometry_name": "geom", "properties": {"name": "OFA", "hydrocarbon_type": "OIL", "status": "DISCOVERY", "area_sqkm": 21.3764120236443, "country": "Nigeria", "discovery_year": 1970, "shore_status": "ONSHORE"}}, {"type": "Feature", "id": "mps_mapping_accumulation.1ae14faa-e6a1-466f-91f9-aa2565e8d28a", "geometry": {"type": "MultiPolygon", "coordinates": [[[[6.2499294, 5.5364394], [6.270115, 5.529872], [6.2680745, 5.501434], [6.2550964, 5.507461], [6.2499294, 5.5364394]]]]}, "geometry_name": "geom", "properties": {"name": "ISOKO", "hydrocarbon_type": "OIL", "status": "PRODUCING", "area_sqkm": 8.96868667471119, "country": "Nigeria", "discovery_year": 1960, "shore_status": "ONSHORE"}}, {"type": "Feature", "id": "mps_mapping_accumulation.c3e913d9-3f2a-4037-807f-caef276e41b9", "geometry": {"type": "MultiPolygon", "coordinates": [[[[6.19347, 5.35936], [6.2358074, 5.3708663], [6.2624507, 5.340801], [6.2474656, 5.3295336], [6.272626, 5.319661], [6.276435, 5.308468], [6.2552285, 5.3013587], [6.2287364, 5.338145], [6.19347, 5.35936]]]]}, "geometry_name": "geom", "properties": {"name": "UZERE", "hydrocarbon_type": "OIL", "status": "PRODUCING", "area_sqkm": 28.8703236608193, "country": "Nigeria", "discovery_year": 1960, "shore_status": "ONSHORE"}}, {"type": "Feature", "id": "mps_mapping_accumulation.37d1de40-2eb6-48d2-a0fb-14acde718235", "geometry": {"type": "MultiPolygon", "coordinates": [[[[6.2968736, 5.014741], [6.307587, 5.0137897], [6.335115, 4.976168], [6.3323708, 4.967361], [6.3160377, 4.9646034], [6.299331, 4.977345], [6.2882857, 5.0010543], [6.2968736, 5.014741]]]]}, "geometry_name": "geom", "properties": {"name": "GBARAN", "hydrocarbon_type": "OIL_AND_GAS", "status": "PRODUCING", "area_sqkm": 17.2910665677615, "country": "Nigeria", "discovery_year": 1981, "shore_status": "ONSHORE"}}, {"type": "Feature", "id": "mps_mapping_accumulation.63eaa777-7c54-4db3-a55d-bb4790715194", "geometry": {"type": "MultiPolygon", "coordinates": [[[[6.2633405, 4.647006], [6.2828546, 4.647827], [6.2810693, 4.623535], [6.2626762, 4.628137], [6.2633405, 4.647006]]]]}, "geometry_name": "geom", "properties": {"name": "OBAMA", "hydrocarbon_type": "OIL", "status": "PRODUCING", "area_sqkm": 7.96441958004012, "country": "Nigeria", "discovery_year": 1973, "shore_status": "ONSHORE"}}, {"type": "Feature", "id": "mps_mapping_accumulation.c0f0b8ec-e2a0-49c4-aa8c-fa91f91168c8", "geometry": {"type": "MultiPolygon", "coordinates": [[[[6.2170053, 4.6155424], [6.210327, 4.5994205], [6.1942053, 4.5927424], [6.1780834, 4.5994205], [6.1714053, 4.6155424], [6.1780834, 4.6316643], [6.1942053, 4.6383424], [6.210327, 4.6316643], [6.2170053, 4.6155424]]]]}, "geometry_name": "geom", "properties": {"name": "PIRIGBENE", "hydrocarbon_type": "OIL", "status": "DISCOVERY", "area_sqkm": 19.5275249069584, "country": "Nigeria", "discovery_year": null, "shore_status": "ONSHORE"}}, {"type": "Feature", "id": "mps_mapping_accumulation.58c30df5-acf5-4765-b581-50deea489c6f", "geometry": {"type": "MultiPolygon", "coordinates": [[[[6.288513, 4.4900737], [6.256893, 4.4850693], [6.2541633, 4.4932585], [6.269177, 4.501448], [6.2905602, 4.4971256], [6.288513, 4.4900737]]]]}, "geometry_name": "geom", "properties": {"name": "OKIORI", "hydrocarbon_type": "OIL_AND_GAS", "status": "DISCOVERY", "area_sqkm": 5.34878984835905, "country": "Nigeria", "discovery_year": null, "shore_status": "ONSHORE"}}, {"type": "Feature", "id": "mps_mapping_accumulation.b4a28f09-3210-47f6-8dc9-edb19142bf37", "geometry": {"type": "MultiPolygon", "coordinates": [[[[6.268908, 4.367317], [6.2969685, 4.3641553], [6.3036585, 4.3413076], [6.2673073, 4.34197], [6.268908, 4.367317]]]]}, "geometry_name": "geom", "properties": {"name": "KANUS KIRI", "hydrocarbon_type": "OIL", "status": "PRODUCING", "area_sqkm": 14.1068188580295, "country": "Nigeria", "discovery_year": 1965, "shore_status": "BOTH"}}, {"type": "Feature", "id": "mps_mapping_accumulation.b2208814-44ef-41db-b86f-73706f313400", "geometry": {"type": "MultiPolygon", "coordinates": [[[[6.50413625, 5.670365], [6.55678969, 5.65100944], [6.56335798, 5.63588972], [6.53705769, 5.62740188], [6.51088272, 5.63244613], [6.49622075, 5.65040297], [6.50413625, 5.670365]]]]}, "geometry_name": "geom", "properties": {"name": "KWALE", "hydrocarbon_type": "OIL", "status": "PRODUCING", "area_sqkm": 25.5353048193371, "country": "Nigeria", "discovery_year": 1968, "shore_status": "ONSHORE"}}, {"type": "Feature", "id": "mps_mapping_accumulation.47d39a4b-6bce-47cc-8fa1-578cf0250753", "geometry": {"type": "MultiPolygon", "coordinates": [[[[6.483399, 5.5893636], [6.4591002, 5.5987024], [6.4557676, 5.611578], [6.4732776, 5.6095057], [6.483399, 5.5893636]]]]}, "geometry_name": "geom", "properties": {"name": "IGBUKU", "hydrocarbon_type": "OIL", "status": "PRODUCING", "area_sqkm": 5.93879706056073, "country": "Nigeria", "discovery_year": 1981, "shore_status": "ONSHORE"}}, {"type": "Feature", "id": "mps_mapping_accumulation.61daae17-dd5c-43fb-88bc-b065b02b773a", "geometry": {"type": "MultiPolygon", "coordinates": [[[[6.570364, 5.430306], [6.598368, 5.4390764], [6.618181, 5.4296002], [6.5746665, 5.384455], [6.5473785, 5.374624], [6.538774, 5.3926034], [6.5601583, 5.407756], [6.570364, 5.430306]]]]}, "geometry_name": "geom", "properties": {"name": "OBIAFU", "hydrocarbon_type": "OIL", "status": "PRODUCING", "area_sqkm": 28.6139288957731, "country": "Nigeria", "discovery_year": 1972, "shore_status": "ONSHORE"}}, {"type": "Feature", "id": "mps_mapping_accumulation.2efab91b-d460-4a8a-8bce-d2d199052c11", "geometry": {"type": "MultiPolygon", "coordinates": [[[[6.52605044, 5.27108731], [6.53613788, 5.27151337], [6.54390319, 5.25692231], [6.52780961, 5.24172286], [6.52605044, 5.27108731]]]]}, "geometry_name": "geom", "properties": {"name": "ADIBAWA NE", "hydrocarbon_type": "OIL_AND_GAS", "status": "PRODUCING", "area_sqkm": 6.86631541170852, "country": "Nigeria", "discovery_year": 1972, "shore_status": "ONSHORE"}}, {"type": "Feature", "id": "mps_mapping_accumulation.f20e847d-b9fd-4e39-b0c9-cebe7e66f519", "geometry": {"type": "MultiPolygon", "coordinates": [[[[6.44687925, 5.26110138], [6.49866848, 5.26090664], [6.50969441, 5.25030836], [6.501695, 5.24119042], [6.47314728, 5.24273056], [6.44218367, 5.25099042], [6.44687925, 5.26110138]]]]}, "geometry_name": "geom", "properties": {"name": "BISENI SAMABRI EAST", "hydrocarbon_type": "OIL", "status": "PRODUCING", "area_sqkm": 14.1244054542558, "country": "Nigeria", "discovery_year": 1973, "shore_status": "ONSHORE"}}, {"type": "Feature", "id": "mps_mapping_accumulation.a046f550-6eb7-40ab-8e32-da6af5dac62f", "geometry": {"type": "MultiPolygon", "coordinates": [[[[6.5155144, 5.254108], [6.5088363, 5.237986], [6.4927144, 5.231308], [6.4765925, 5.237986], [6.4699144, 5.254108], [6.4765925, 5.27023], [6.4927144, 5.276908], [6.5088363, 5.27023], [6.5155144, 5.254108]]]]}, "geometry_name": "geom", "properties": {"name": "BISENI", "hydrocarbon_type": "GAS", "status": "PRODUCING", "area_sqkm": 19.5092018117769, "country": "Nigeria", "discovery_year": 1973, "shore_status": "ONSHORE"}}, {"type": "Feature", "id": "mps_mapping_accumulation.6b7728ee-f6fd-491b-bf03-65f0f4d4ff15", "geometry": {"type": "MultiPolygon", "coordinates": [[[[6.543753, 5.1072345], [6.56650978, 5.11406769], [6.58411992, 5.09954783], [6.55107688, 5.08931325], [6.54008259, 5.09712934], [6.543753, 5.1072345]]]]}, "geometry_name": "geom", "properties": {"name": "UBIE", "hydrocarbon_type": "OIL_AND_GAS", "status": "PRODUCING", "area_sqkm": 10.7957138006754, "country": "Nigeria", "discovery_year": 1961, "shore_status": "ONSHORE"}}, {"type": "Feature", "id": "mps_mapping_accumulation.3b2983b4-71c3-4c7d-ad00-25affee51b68", "geometry": {"type": "MultiPolygon", "coordinates": [[[[6.4605346, 5.109112], [6.4954042, 5.1098766], [6.5248847, 5.0872984], [6.495684, 5.0746436], [6.450091, 5.096687], [6.449087, 5.1064796], [6.4605346, 5.109112]]]]}, "geometry_name": "geom", "properties": {"name": "OSHI", "hydrocarbon_type": "OIL", "status": "PRODUCING", "area_sqkm": 22.7868505893095, "country": "Nigeria", "discovery_year": 1972, "shore_status": "ONSHORE"}}, {"type": "Feature", "id": "mps_mapping_accumulation.2275d154-e100-4910-8150-a979fd7090bc", "geometry": {"type": "MultiPolygon", "coordinates": [[[[6.515128, 4.533212], [6.576339, 4.5268183], [6.581357, 4.5220256], [6.525262, 4.510742], [6.5014453, 4.523626], [6.515128, 4.533212]]]]}, "geometry_name": "geom", "properties": {"name": "SANTA BARBARA SOUTH", "hydrocarbon_type": "OIL", "status": "PRODUCING", "area_sqkm": 15.8398989203955, "country": "Nigeria", "discovery_year": null, "shore_status": "ONSHORE"}}, {"type": "Feature", "id": "mps_mapping_accumulation.fb7a166a-cc67-4978-a4e7-16f47c03da7a", "geometry": {"type": "MultiPolygon", "coordinates": [[[[6.648279, 5.64348], [6.7066603, 5.662692], [6.7312465, 5.6475873], [6.7411427, 5.6143374], [6.6560764, 5.612808], [6.6422815, 5.627254], [6.648279, 5.64348]]]]}, "geometry_name": "geom", "properties": {"name": "OGUTA", "hydrocarbon_type": "OIL_AND_GAS", "status": "PRODUCING", "area_sqkm": 47.6467184195181, "country": "Nigeria", "discovery_year": 1965, "shore_status": "ONSHORE"}}, {"type": "Feature", "id": "mps_mapping_accumulation.09584f47-f781-411a-89dd-52da152a706e", "geometry": {"type": "MultiPolygon", "coordinates": [[[[6.7724624, 5.6430497], [6.7972994, 5.639365], [6.79779, 5.623381], [6.7736225, 5.620145], [6.7663245, 5.6338053], [6.7724624, 5.6430497]]]]}, "geometry_name": "geom", "properties": {"name": "OSSU", "hydrocarbon_type": "OIL", "status": "PRODUCING", "area_sqkm": 9.40869283137238, "country": "Nigeria", "discovery_year": 1974, "shore_status": "ONSHORE"}}, {"type": "Feature", "id": "mps_mapping_accumulation.41578086-15b3-4191-8d0d-0c34bb3665fb", "geometry": {"type": "MultiPolygon", "coordinates": [[[[6.6729164, 5.4744024], [6.7201676, 5.4907556], [6.738996, 5.4692407], [6.6752033, 5.451871], [6.661129, 5.4641004], [6.6729164, 5.4744024]]]]}, "geometry_name": "geom", "properties": {"name": "M BEDE", "hydrocarbon_type": "OIL", "status": "PRODUCING", "area_sqkm": 24.3163835936008, "country": "Nigeria", "discovery_year": 1972, "shore_status": "ONSHORE"}}, {"type": "Feature", "id": "mps_mapping_accumulation.c6fafb59-5ce8-4f8b-9606-31074ce05a3f", "geometry": {"type": "MultiPolygon", "coordinates": [[[[6.7868896, 5.384657], [6.8053308, 5.382443], [6.8057823, 5.3678584], [6.7844615, 5.367098], [6.7868896, 5.384657]]]]}, "geometry_name": "geom", "properties": {"name": "ASSA", "hydrocarbon_type": "GAS", "status": "PRODUCING", "area_sqkm": 6.41302131189669, "country": "Nigeria", "discovery_year": 1961, "shore_status": "ONSHORE"}}, {"type": "Feature", "id": "mps_mapping_accumulation.1d6430a7-0cde-418b-8ad6-07e53e525305", "geometry": {"type": "MultiPolygon", "coordinates": [[[[6.735015, 5.36271], [6.728337, 5.346588], [6.712215, 5.33991], [6.696093, 5.346588], [6.689415, 5.36271], [6.696093, 5.378832], [6.712215, 5.38551], [6.728337, 5.378832], [6.735015, 5.36271]]]]}, "geometry_name": "geom", "properties": {"name": "NKISA", "hydrocarbon_type": "OIL_AND_GAS", "status": "DISCOVERY", "area_sqkm": 19.5058351572013, "country": "Nigeria", "discovery_year": 1977, "shore_status": "ONSHORE"}}, {"type": "Feature", "id": "mps_mapping_accumulation.555f3816-5a33-4f95-ac2e-4e6448bd9c7f", "geometry": {"type": "MultiPolygon", "coordinates": [[[[6.766356, 5.3746085], [6.74914, 5.378753], [6.758492, 5.394907], [6.748821, 5.4006457], [6.7838783, 5.4245615], [6.815813, 5.394719], [6.7986636, 5.3799224], [6.766356, 5.3746085]]]]}, "geometry_name": "geom", "properties": {"name": "ASSA NORTH", "hydrocarbon_type": "GAS", "status": "DISCOVERY", "area_sqkm": 24.2228091139316, "country": "Nigeria", "discovery_year": 1992, "shore_status": "ONSHORE"}}, {"type": "Feature", "id": "mps_mapping_accumulation.46d79d85-50bd-4654-8b29-3ae656c0d61c", "geometry": {"type": "MultiPolygon", "coordinates": [[[[6.8198156, 5.2183075], [6.8131375, 5.2021856], [6.7970157, 5.1955075], [6.780894, 5.2021856], [6.7742157, 5.2183075], [6.780894, 5.2344294], [6.7970157, 5.2411075], [6.8131375, 5.2344294], [6.8198156, 5.2183075]]]]}, "geometry_name": "geom", "properties": {"name": "OGWUGWU", "hydrocarbon_type": "OIL", "status": null, "area_sqkm": 19.510362512859, "country": "Nigeria", "discovery_year": 1966, "shore_status": "ONSHORE"}}, {"type": "Feature", "id": "mps_mapping_accumulation.f7f5c0eb-25b8-4376-8a2c-1b4066998bcb", "geometry": {"type": "MultiPolygon", "coordinates": [[[[6.827215, 5.247608], [6.820537, 5.231486], [6.804415, 5.224808], [6.788293, 5.231486], [6.781615, 5.247608], [6.788293, 5.26373], [6.804415, 5.270408], [6.820537, 5.26373], [6.827215, 5.247608]]]]}, "geometry_name": "geom", "properties": {"name": "AMAPU", "hydrocarbon_type": "GAS", "status": null, "area_sqkm": 19.5097129574361, "country": "Nigeria", "discovery_year": 1965, "shore_status": "ONSHORE"}}, {"type": "Feature", "id": "mps_mapping_accumulation.c5090338-4b42-42d6-94b2-32445bfdd1e5", "geometry": {"type": "MultiPolygon", "coordinates": [[[[6.6745176, 4.991866], [6.7135787, 4.991052], [6.724462, 4.9668446], [6.68373, 4.9643774], [6.6734004, 4.9744315], [6.6745176, 4.991866]]]]}, "geometry_name": "geom", "properties": {"name": "RUMUEKPE", "hydrocarbon_type": "OIL", "status": "PRODUCING", "area_sqkm": 15.0039446327762, "country": "Nigeria", "discovery_year": 1961, "shore_status": "ONSHORE"}}, {"type": "Feature", "id": "mps_mapping_accumulation.4a54b718-5e5d-4928-b5a1-9585f39b58d6", "geometry": {"type": "MultiPolygon", "coordinates": [[[[6.79868744, 5.01390544], [6.81991569, 5.01182963], [6.82932708, 4.994852], [6.80001984, 4.99404338], [6.79297422, 5.00459425], [6.79868744, 5.01390544]]]]}, "geometry_name": "geom", "properties": {"name": "OBELE", "hydrocarbon_type": "GAS", "status": "PRODUCING", "area_sqkm": 8.97017059782092, "country": "Nigeria", "discovery_year": 1964, "shore_status": "ONSHORE"}}, {"type": "Feature", "id": "mps_mapping_accumulation.7b4989c4-fcf7-4165-ac44-471ae3b1e647", "geometry": {"type": "MultiPolygon", "coordinates": [[[[6.737115, 5.042298], [6.730437, 5.026176], [6.714315, 5.019498], [6.698193, 5.026176], [6.691515, 5.042298], [6.698193, 5.05842], [6.714315, 5.065098], [6.730437, 5.05842], [6.737115, 5.042298]]]]}, "geometry_name": "geom", "properties": {"name": "ALIMINI", "hydrocarbon_type": "GAS", "status": null, "area_sqkm": 19.5156094369005, "country": "Nigeria", "discovery_year": 1963, "shore_status": "ONSHORE"}}, {"type": "Feature", "id": "mps_mapping_accumulation.a64053f5-36f5-43dc-937e-d03b1fa3dd0e", "geometry": {"type": "MultiPolygon", "coordinates": [[[[6.829614, 4.7585626], [6.822936, 4.7424407], [6.806814, 4.7357626], [6.790692, 4.7424407], [6.784014, 4.7585626], [6.790692, 4.7746844], [6.806814, 4.7813625], [6.822936, 4.7746844], [6.829614, 4.7585626]]]]}, "geometry_name": "geom", "properties": {"name": "ISIA", "hydrocarbon_type": "OIL", "status": null, "area_sqkm": 19.523752404617, "country": "Nigeria", "discovery_year": 1964, "shore_status": "ONSHORE"}}, {"type": "Feature", "id": "mps_mapping_accumulation.8a838b12-151f-47f6-a73a-5c0a46e4feef", "geometry": {"type": "MultiPolygon", "coordinates": [[[[6.7827787, 4.634272], [6.80472, 4.625287], [6.8107657, 4.608293], [6.779884, 4.6128488], [6.7722697, 4.6280866], [6.7827787, 4.634272]]]]}, "geometry_name": "geom", "properties": {"name": "IDAMA", "hydrocarbon_type": "OIL", "status": "PRODUCING", "area_sqkm": 9.65950915770966, "country": "Nigeria", "discovery_year": 1974, "shore_status": "ONSHORE"}}, {"type": "Feature", "id": "mps_mapping_accumulation.a23bd80f-ffcd-4c64-ada3-de23b5ff0738", "geometry": {"type": "MultiPolygon", "coordinates": [[[[7.01580969, 5.37848211], [7.03031691, 5.3845549], [7.02475018, 5.40125507], [7.01041165, 5.41643704], [6.9920246, 5.41542491], [6.99168722, 5.38792867], [7.01580969, 5.37848211]]]]}, "geometry_name": "geom", "properties": {"name": "ODINMA-1", "hydrocarbon_type": "OIL", "status": "DISCOVERY", "area_sqkm": 15.5776165921935, "country": "Nigeria", "discovery_year": 1995, "shore_status": "ONSHORE"}}, {"type": "Feature", "id": "mps_mapping_accumulation.4b457afc-0808-49a6-906b-450b873d1ebb", "geometry": {"type": "MultiPolygon", "coordinates": [[[[6.99269935, 5.20810663], [7.00923083, 5.22227647], [6.97903557, 5.24032615], [6.97785475, 5.22160171], [6.99269935, 5.20810663]]]]}, "geometry_name": "geom", "properties": {"name": "OWU", "hydrocarbon_type": "OIL", "status": "DISCOVERY", "area_sqkm": 9.31320260689834, "country": "Nigeria", "discovery_year": 1974, "shore_status": "ONSHORE"}}, {"type": "Feature", "id": "mps_mapping_accumulation.915e44c3-76d7-4695-8e1b-a596169b3b9d", "geometry": {"type": "MultiPolygon", "coordinates": [[[[7.04929437, 5.24850754], [7.02702748, 5.25559247], [7.02989519, 5.28376346], [7.05114995, 5.26976231], [7.04929437, 5.24850754]]]]}, "geometry_name": "geom", "properties": {"name": "ALAOMA", "hydrocarbon_type": "OIL", "status": "DISCOVERY", "area_sqkm": 10.4506575434728, "country": "Nigeria", "discovery_year": 1996, "shore_status": "ONSHORE"}}, {"type": "Feature", "id": "mps_mapping_accumulation.5a45be86-956c-4fc4-9333-0094348fa4b6", "geometry": {"type": "MultiPolygon", "coordinates": [[[[7.040316, 5.1372], [7.033638, 5.121078], [7.017516, 5.1144], [7.001394, 5.121078], [6.994716, 5.1372], [7.001394, 5.153322], [7.017516, 5.16], [7.033638, 5.153322], [7.040316, 5.1372]]]]}, "geometry_name": "geom", "properties": {"name": "ISU", "hydrocarbon_type": "OIL", "status": "PRODUCING", "area_sqkm": 19.5129699867482, "country": "Nigeria", "discovery_year": 1981, "shore_status": "ONSHORE"}}, {"type": "Feature", "id": "mps_mapping_accumulation.2afbfddd-5eec-48c2-9377-6e00b554a117", "geometry": {"type": "MultiPolygon", "coordinates": [[[[6.99281419, 5.0307025], [7.01188647, 5.03776641], [7.02641594, 5.02920281], [6.99733081, 5.01249433], [6.99281419, 5.0307025]]]]}, "geometry_name": "geom", "properties": {"name": "OTAMINI", "hydrocarbon_type": "OIL", "status": "PRODUCING", "area_sqkm": 6.74705232753806, "country": "Nigeria", "discovery_year": 1973, "shore_status": "ONSHORE"}}, {"type": "Feature", "id": "mps_mapping_accumulation.14743e71-0000-4a18-a2c0-da47354913ef", "geometry": {"type": "MultiPolygon", "coordinates": [[[[7.012678, 5.0084745], [7.03836416, 5.00613228], [7.04865636, 4.99254609], [7.02293622, 4.98639717], [7.0089735, 4.99862625], [7.012678, 5.0084745]]]]}, "geometry_name": "geom", "properties": {"name": "UMUECHEM", "hydrocarbon_type": "OIL", "status": "PRODUCING", "area_sqkm": 9.25272063444831, "country": "Nigeria", "discovery_year": 1961, "shore_status": "ONSHORE"}}, {"type": "Feature", "id": "mps_mapping_accumulation.1deb0c6a-8230-4530-a68e-318e70096316", "geometry": {"type": "MultiPolygon", "coordinates": [[[[6.924338, 4.855066], [6.955459, 4.855949], [6.9639206, 4.8474717], [6.939913, 4.8352675], [6.9210424, 4.843445], [6.924338, 4.855066]]]]}, "geometry_name": "geom", "properties": {"name": "AKPOR", "hydrocarbon_type": "OIL", "status": "PRODUCING", "area_sqkm": 9.70980005065757, "country": "Nigeria", "discovery_year": 1965, "shore_status": "ONSHORE"}}, {"type": "Feature", "id": "mps_mapping_accumulation.7408bc7d-2e96-462d-bd8f-7db1634e381c", "geometry": {"type": "MultiPolygon", "coordinates": [[[[6.971515, 4.8512793], [6.964837, 4.8351574], [6.948715, 4.8284793], [6.932593, 4.8351574], [6.925915, 4.8512793], [6.932593, 4.867401], [6.948715, 4.874079], [6.964837, 4.867401], [6.971515, 4.8512793]]]]}, "geometry_name": "geom", "properties": {"name": "AKPOR", "hydrocarbon_type": "OIL", "status": "PRODUCING", "area_sqkm": 19.5210798015335, "country": "Nigeria", "discovery_year": 1965, "shore_status": "ONSHORE"}}, {"type": "Feature", "id": "mps_mapping_accumulation.9c1a4172-ebde-48dc-9481-516a566aaa99", "geometry": {"type": "MultiPolygon", "coordinates": [[[[6.9796157, 4.868181], [6.9729376, 4.852059], [6.9568157, 4.845381], [6.940694, 4.852059], [6.9340158, 4.868181], [6.940694, 4.884303], [6.9568157, 4.890981], [6.9729376, 4.884303], [6.9796157, 4.868181]]]]}, "geometry_name": "geom", "properties": {"name": "ISOBA", "hydrocarbon_type": "OIL", "status": null, "area_sqkm": 19.5206771630172, "country": "Nigeria", "discovery_year": 1965, "shore_status": "ONSHORE"}}, {"type": "Feature", "id": "mps_mapping_accumulation.8ac21bad-49e6-401a-9ec6-8925891c2f1b", "geometry": {"type": "MultiPolygon", "coordinates": [[[[7.082597, 4.6442547], [7.0518665, 4.634091], [7.026039, 4.6627088], [7.00607, 4.665379], [7.0152774, 4.673949], [7.0760202, 4.678393], [7.0980616, 4.65962], [7.082597, 4.6442547]]]]}, "geometry_name": "geom", "properties": {"name": "ALAKIRI", "hydrocarbon_type": "OIL", "status": "PRODUCING", "area_sqkm": 29.4865927831639, "country": "Nigeria", "discovery_year": 1959, "shore_status": "BOTH"}}, {"type": "Feature", "id": "mps_mapping_accumulation.2870ebb3-36a6-45ee-af96-d180c2c92d6e", "geometry": {"type": "MultiPolygon", "coordinates": [[[[7.063584, 4.5175114], [7.072751, 4.5129676], [7.0454087, 4.5076265], [7.0245233, 4.5194244], [6.9397063, 4.533136], [7.0313787, 4.5345707], [7.063584, 4.5175114]]]]}, "geometry_name": "geom", "properties": {"name": "AKASO", "hydrocarbon_type": "OIL", "status": "PRODUCING", "area_sqkm": 21.4878089634541, "country": "Nigeria", "discovery_year": 1979, "shore_status": "BOTH"}}, {"type": "Feature", "id": "mps_mapping_accumulation.af3ef6e1-815f-45c4-9e1c-49eac7da3dc6", "geometry": {"type": "MultiPolygon", "coordinates": [[[[7.0107265, 4.081584], [7.0041213, 4.0656023], [6.988198, 4.0589905], [6.972282, 4.065622], [6.965698, 4.0816116], [6.972302, 4.0975943], [6.988227, 4.1042056], [7.0041428, 4.097574], [7.0107265, 4.081584]]]]}, "geometry_name": "geom", "properties": {"name": "J W", "hydrocarbon_type": "GAS", "status": null, "area_sqkm": 19.1335231825076, "country": "Nigeria", "discovery_year": 2002, "shore_status": "OFFSHORE"}}, {"type": "Feature", "id": "mps_mapping_accumulation.e84f20d8-032a-4853-b6b3-65e008c41e54", "geometry": {"type": "MultiPolygon", "coordinates": [[[[7.042909, 4.10078], [7.036231, 4.084658], [7.020109, 4.07798], [7.003987, 4.084658], [6.997309, 4.10078], [7.003987, 4.116902], [7.020109, 4.12358], [7.036231, 4.116902], [7.042909, 4.10078]]]]}, "geometry_name": "geom", "properties": {"name": "KF", "hydrocarbon_type": "OIL", "status": null, "area_sqkm": 19.540664844245, "country": "Nigeria", "discovery_year": 1971, "shore_status": "OFFSHORE"}}, {"type": "Feature", "id": "mps_mapping_accumulation.9fcf29e6-e8c4-4994-9cee-c5d14d382a4d", "geometry": {"type": "MultiPolygon", "coordinates": [[[[7.1686006, 4.9936075], [7.2128854, 4.994159], [7.2233725, 4.965447], [7.2178545, 4.9589863], [7.162409, 4.9670267], [7.152985, 4.9846077], [7.1686006, 4.9936075]]]]}, "geometry_name": "geom", "properties": {"name": "IMO RIVER", "hydrocarbon_type": "OIL", "status": "PRODUCING", "area_sqkm": 25.5878578850004, "country": "Nigeria", "discovery_year": 1959, "shore_status": "ONSHORE"}}, {"type": "Feature", "id": "mps_mapping_accumulation.b9650f31-3c91-4611-bf7c-47abcd1f5ab5", "geometry": {"type": "MultiPolygon", "coordinates": [[[[7.326417, 4.983178], [7.319739, 4.967056], [7.303617, 4.960378], [7.287495, 4.967056], [7.280817, 4.983178], [7.287495, 4.9993], [7.303617, 5.005978], [7.319739, 4.9993], [7.326417, 4.983178]]]]}, "geometry_name": "geom", "properties": {"name": "OBUZO", "hydrocarbon_type": "OIL", "status": null, "area_sqkm": 19.5173881588136, "country": "Nigeria", "discovery_year": 1971, "shore_status": "ONSHORE"}}, {"type": "Feature", "id": "mps_mapping_accumulation.e664431f-737f-40fe-9a04-de52a339201a", "geometry": {"type": "MultiPolygon", "coordinates": [[[[7.258017, 4.8327703], [7.251339, 4.8166485], [7.235217, 4.8099704], [7.2190948, 4.8166485], [7.212417, 4.8327703], [7.2190948, 4.848892], [7.235217, 4.8555703], [7.251339, 4.848892], [7.258017, 4.8327703]]]]}, "geometry_name": "geom", "properties": {"name": "OKOLOMA", "hydrocarbon_type": "GAS", "status": null, "area_sqkm": 19.521675895457, "country": "Nigeria", "discovery_year": 1959, "shore_status": "ONSHORE"}}, {"type": "Feature", "id": "mps_mapping_accumulation.441b877e-e501-4dd6-9792-9bb437db241b", "geometry": {"type": "MultiPolygon", "coordinates": [[[[7.2357664, 4.8744297], [7.2583904, 4.85903], [7.25021, 4.837167], [7.235247, 4.8457217], [7.2357664, 4.8744297]]]]}, "geometry_name": "geom", "properties": {"name": "ISIMIRI", "hydrocarbon_type": "OIL_AND_GAS", "status": "PRODUCING", "area_sqkm": 10.0178648195759, "country": "Nigeria", "discovery_year": 1964, "shore_status": "ONSHORE"}}, {"type": "Feature", "id": "mps_mapping_accumulation.55b8f70d-7279-4f0d-ad09-4ef74a768575", "geometry": {"type": "MultiPolygon", "coordinates": [[[[7.2734585, 4.857055], [7.2890315, 4.8622103], [7.300024, 4.8500524], [7.275078, 4.8424935], [7.2734585, 4.857055]]]]}, "geometry_name": "geom", "properties": {"name": "AFAM UMUOSI", "hydrocarbon_type": "GAS", "status": "PRODUCING", "area_sqkm": 6.17432370225431, "country": "Nigeria", "discovery_year": 1958, "shore_status": "ONSHORE"}}, {"type": "Feature", "id": "mps_mapping_accumulation.5998977d-0b20-498a-88b1-4fa9b851ecc5", "geometry": {"type": "MultiPolygon", "coordinates": [[[[7.2240534, 4.748348], [7.2459908, 4.759248], [7.2568045, 4.7549696], [7.23463, 4.7317557], [7.2240534, 4.748348]]]]}, "geometry_name": "geom", "properties": {"name": "TAI", "hydrocarbon_type": "OIL_AND_GAS", "status": "PRODUCING", "area_sqkm": 6.75360960518596, "country": "Nigeria", "discovery_year": 1965, "shore_status": "ONSHORE"}}, {"type": "Feature", "id": "mps_mapping_accumulation.21a89875-83d7-4320-983b-faa8ae63da17", "geometry": {"type": "MultiPolygon", "coordinates": [[[[7.30661756, 4.75653775], [7.33635853, 4.75048534], [7.341219, 4.74244589], [7.32643178, 4.72866731], [7.30516855, 4.73399989], [7.29274302, 4.74880909], [7.30661756, 4.75653775]]]]}, "geometry_name": "geom", "properties": {"name": "KOROKORO", "hydrocarbon_type": "OIL_AND_GAS", "status": "PRODUCING", "area_sqkm": 11.9407408142211, "country": "Nigeria", "discovery_year": 1959, "shore_status": "ONSHORE"}}, {"type": "Feature", "id": "mps_mapping_accumulation.af908e28-86dd-487f-ad6e-c0cf71b2171a", "geometry": {"type": "MultiPolygon", "coordinates": [[[[7.295617, 4.62184], [7.288939, 4.605718], [7.272817, 4.59904], [7.256695, 4.605718], [7.250017, 4.62184], [7.256695, 4.637962], [7.272817, 4.64464], [7.288939, 4.637962], [7.295617, 4.62184]]]]}, "geometry_name": "geom", "properties": {"name": "BODO", "hydrocarbon_type": "OIL", "status": null, "area_sqkm": 19.5274571478785, "country": "Nigeria", "discovery_year": 1959, "shore_status": "BOTH"}}, {"type": "Feature", "id": "mps_mapping_accumulation.2422002a-50c4-430a-843d-22fe919acad6", "geometry": {"type": "MultiPolygon", "coordinates": [[[[7.2566166, 4.633643], [7.2499385, 4.617521], [7.2338166, 4.610843], [7.2176948, 4.617521], [7.2110167, 4.633643], [7.2176948, 4.649765], [7.2338166, 4.656443], [7.2499385, 4.649765], [7.2566166, 4.633643]]]]}, "geometry_name": "geom", "properties": {"name": "BANIELE", "hydrocarbon_type": "OIL_AND_GAS", "status": null, "area_sqkm": 19.5271448206494, "country": "Nigeria", "discovery_year": 1989, "shore_status": "ONSHORE"}}, {"type": "Feature", "id": "mps_mapping_accumulation.c179a3ee-5b98-4f38-9bca-abdeb61180a9", "geometry": {"type": "MultiPolygon", "coordinates": [[[[7.271959, 4.6723175], [7.312965, 4.6884484], [7.333888, 4.672979], [7.2965755, 4.6329374], [7.2740097, 4.6455464], [7.2512746, 4.6412773], [7.2346253, 4.6607385], [7.2366834, 4.671739], [7.271959, 4.6723175]]]]}, "geometry_name": "geom", "properties": {"name": "BOMU", "hydrocarbon_type": "OIL_AND_GAS", "status": "PRODUCING", "area_sqkm": 40.8280412344322, "country": "Nigeria", "discovery_year": 1958, "shore_status": "ONSHORE"}}, {"type": "Feature", "id": "mps_mapping_accumulation.3820f775-87d0-45df-b8ab-e4fa2ad87f23", "geometry": {"type": "MultiPolygon", "coordinates": [[[[7.2249336, 4.620442], [7.25353, 4.63043], [7.2602196, 4.6259656], [7.2394633, 4.603296], [7.2261896, 4.607441], [7.2249336, 4.620442]]]]}, "geometry_name": "geom", "properties": {"name": "BODO W", "hydrocarbon_type": "OIL_AND_GAS", "status": "PRODUCING", "area_sqkm": 8.66147274336942, "country": "Nigeria", "discovery_year": 1962, "shore_status": "ONSHORE"}}, {"type": "Feature", "id": "mps_mapping_accumulation.3d39abc1-f824-4b9a-adef-eac8a012db65", "geometry": {"type": "MultiPolygon", "coordinates": [[[[7.328617, 4.6108365], [7.321939, 4.5947146], [7.305817, 4.5880365], [7.289695, 4.5947146], [7.283017, 4.6108365], [7.289695, 4.6269584], [7.305817, 4.6336365], [7.321939, 4.6269584], [7.328617, 4.6108365]]]]}, "geometry_name": "geom", "properties": {"name": "TEEBA", "hydrocarbon_type": "GAS", "status": null, "area_sqkm": 19.527833527298, "country": "Nigeria", "discovery_year": 1964, "shore_status": "BOTH"}}, {"type": "Feature", "id": "mps_mapping_accumulation.8336aa38-333d-4b83-bc31-3638bcf7ba36", "geometry": {"type": "MultiPolygon", "coordinates": [[[[7.1698594, 4.4673743], [7.1992064, 4.4834495], [7.229845, 4.4770684], [7.202424, 4.4467564], [7.164403, 4.451447], [7.1698594, 4.4673743]]]]}, "geometry_name": "geom", "properties": {"name": "BONNY", "hydrocarbon_type": "OIL_AND_GAS", "status": "PRODUCING", "area_sqkm": 20.1323579715431, "country": "Nigeria", "discovery_year": 1959, "shore_status": "BOTH"}}, {"type": "Feature", "id": "mps_mapping_accumulation.32d113ea-23d4-47f0-9d86-0eca530f4d4c", "geometry": {"type": "MultiPolygon", "coordinates": [[[[7.2928166, 4.4940157], [7.2861385, 4.477894], [7.2700167, 4.4712157], [7.253895, 4.477894], [7.2472167, 4.4940157], [7.253895, 4.5101376], [7.2700167, 4.5168157], [7.2861385, 4.5101376], [7.2928166, 4.4940157]]]]}, "geometry_name": "geom", "properties": {"name": "ASARAMATORU", "hydrocarbon_type": "OIL_AND_GAS", "status": "PRODUCING", "area_sqkm": 19.5306692133301, "country": "Nigeria", "discovery_year": 1973, "shore_status": "BOTH"}}, {"type": "Feature", "id": "mps_mapping_accumulation.cfa7ef6b-3e47-4460-a273-8a444c6f9f9a", "geometry": {"type": "MultiPolygon", "coordinates": [[[[7.2576466, 4.504071], [7.251051, 4.4880843], [7.235123, 4.48146], [7.2191935, 4.488079], [7.212593, 4.504064], [7.219188, 4.5200515], [7.2351165, 4.526675], [7.2510467, 4.5200562], [7.2576466, 4.504071]]]]}, "geometry_name": "geom", "properties": {"name": "BONNY NORTH", "hydrocarbon_type": "OIL_AND_GAS", "status": null, "area_sqkm": 19.1341019031456, "country": "Nigeria", "discovery_year": 1964, "shore_status": "BOTH"}}, {"type": "Feature", "id": "mps_mapping_accumulation.8aff6315-8054-41a3-aae0-b3845ef99e72", "geometry": {"type": "MultiPolygon", "coordinates": [[[[7.28432, 4.3524795], [7.3061466, 4.3639817], [7.355978, 4.366128], [7.347132, 4.3520174], [7.3025994, 4.332601], [7.288091, 4.334573], [7.28432, 4.3524795]]]]}, "geometry_name": "geom", "properties": {"name": "NGO IMA", "hydrocarbon_type": "GAS_AND_OIL", "status": "DISCOVERY", "area_sqkm": 22.1215122938456, "country": "Nigeria", "discovery_year": 1973, "shore_status": "OFFSHORE"}}, {"type": "Feature", "id": "mps_mapping_accumulation.655a0faa-51f6-41c9-8879-dbbd07551b6d", "geometry": {"type": "MultiPolygon", "coordinates": [[[[7.2542863, 4.249652], [7.298369, 4.267869], [7.407256, 4.283344], [7.3863277, 4.272222], [7.3554387, 4.273194], [7.316891, 4.2530947], [7.2967677, 4.255486], [7.26493, 4.2375717], [7.251562, 4.240463], [7.2542863, 4.249652]]]]}, "geometry_name": "geom", "properties": {"name": "KALAEKULE", "hydrocarbon_type": "OIL", "status": "PRODUCING", "area_sqkm": 18.166725214241, "country": "Nigeria", "discovery_year": 1966, "shore_status": "OFFSHORE"}}, {"type": "Feature", "id": "mps_mapping_accumulation.d268d365-40b6-492a-889b-ac3e3b1410d2", "geometry": {"type": "MultiPolygon", "coordinates": [[[[7.3353157, 4.230947], [7.3286376, 4.214825], [7.3125157, 4.208147], [7.296394, 4.214825], [7.289716, 4.230947], [7.296394, 4.247069], [7.3125157, 4.253747], [7.3286376, 4.247069], [7.3353157, 4.230947]]]]}, "geometry_name": "geom", "properties": {"name": "KORONAMA", "hydrocarbon_type": "OIL_AND_GAS", "status": null, "area_sqkm": 19.537314494764, "country": "Nigeria", "discovery_year": 1983, "shore_status": "OFFSHORE"}}, {"type": "Feature", "id": "mps_mapping_accumulation.2389931f-fe4b-4d26-bf01-c04b70c83fac", "geometry": {"type": "MultiPolygon", "coordinates": [[[[7.2996507, 4.1420107], [7.2838497, 4.143658], [7.267379, 4.141155], [7.3091426, 4.13613], [7.2996507, 4.1420107]]]]}, "geometry_name": "geom", "properties": {"name": "KONYE", "hydrocarbon_type": "OIL", "status": "DISCOVERY", "area_sqkm": 3.45475895290494, "country": "Nigeria", "discovery_year": 1985, "shore_status": "OFFSHORE"}}, {"type": "Feature", "id": "mps_mapping_accumulation.84e705a8-7f64-405d-9d40-f764cdcecdc4", "geometry": {"type": "MultiPolygon", "coordinates": [[[[7.475018, 4.7229433], [7.46834, 4.7068214], [7.452218, 4.7001433], [7.436096, 4.7068214], [7.429418, 4.7229433], [7.436096, 4.739065], [7.452218, 4.7457433], [7.46834, 4.739065], [7.475018, 4.7229433]]]]}, "geometry_name": "geom", "properties": {"name": "YOKURU", "hydrocarbon_type": "GAS", "status": null, "area_sqkm": 19.5245333974036, "country": "Nigeria", "discovery_year": 1962, "shore_status": "ONSHORE"}}, {"type": "Feature", "id": "mps_mapping_accumulation.48e53fcd-3e34-471b-b38d-f2a20b651eb4", "geometry": {"type": "MultiPolygon", "coordinates": [[[[7.516218, 4.785747], [7.50954, 4.769625], [7.493418, 4.762947], [7.477296, 4.769625], [7.470618, 4.785747], [7.477296, 4.801869], [7.493418, 4.808547], [7.50954, 4.801869], [7.516218, 4.785747]]]]}, "geometry_name": "geom", "properties": {"name": "MOBAZI", "hydrocarbon_type": "OIL", "status": null, "area_sqkm": 19.5229323157113, "country": "Nigeria", "discovery_year": 1965, "shore_status": "ONSHORE"}}, {"type": "Feature", "id": "mps_mapping_accumulation.07b7dcc5-c015-4651-b6e9-43f493e701a4", "geometry": {"type": "MultiPolygon", "coordinates": [[[[7.44969653, 4.6124173], [7.48994659, 4.61336312], [7.49814592, 4.60133327], [7.48987099, 4.58733015], [7.47744021, 4.58620468], [7.44051718, 4.5977719], [7.43901629, 4.60792174], [7.44969653, 4.6124173]]]]}, "geometry_name": "geom", "properties": {"name": "YORLA", "hydrocarbon_type": "OIL_AND_GAS", "status": "PRODUCING", "area_sqkm": 14.9063317119356, "country": "Nigeria", "discovery_year": 1970, "shore_status": "ONSHORE"}}, {"type": "Feature", "id": "mps_mapping_accumulation.f1b020c4-e17d-4fba-8785-18d99389983d", "geometry": {"type": "MultiPolygon", "coordinates": [[[[7.5494766, 4.520553], [7.542874, 4.504569], [7.5269427, 4.4979525], [7.5110154, 4.5045776], [7.504421, 4.5205655], [7.5110235, 4.53655], [7.526955, 4.5431676], [7.542883, 4.5365415], [7.5494766, 4.520553]]]]}, "geometry_name": "geom", "properties": {"name": "OPOBO NORTH", "hydrocarbon_type": "OIL_AND_GAS", "status": null, "area_sqkm": 19.1343278668477, "country": "Nigeria", "discovery_year": 1981, "shore_status": "OFFSHORE"}}, {"type": "Feature", "id": "mps_mapping_accumulation.a82c6b12-c3c8-4856-b6a5-c134d2b5f91a", "geometry": {"type": "MultiPolygon", "coordinates": [[[[7.542255, 4.2581763], [7.569568, 4.2717104], [7.578684, 4.2622457], [7.5751038, 4.2464356], [7.5561166, 4.233902], [7.532569, 4.239664], [7.542255, 4.2581763]]]]}, "geometry_name": "geom", "properties": {"name": "IKIKE", "hydrocarbon_type": "OIL", "status": "PRODUCING", "area_sqkm": 15.1996058648405, "country": "Nigeria", "discovery_year": 1967, "shore_status": "OFFSHORE"}}, {"type": "Feature", "id": "mps_mapping_accumulation.6dccd61d-b6b7-44df-8319-d2a48d17ed01", "geometry": {"type": "MultiPolygon", "coordinates": [[[[7.49461176, 4.11636036], [7.5920026, 4.12527508], [7.61663788, 4.13725722], [7.60992788, 4.1457885], [7.55270118, 4.15470321], [7.50333476, 4.15336121], [7.4784119, 4.13534007], [7.48061662, 4.11971536], [7.49461176, 4.11636036]]]]}, "geometry_name": "geom", "properties": {"name": "AMENAM-KPONO", "hydrocarbon_type": "OIL", "status": "PRODUCING", "area_sqkm": 45.5146275871978, "country": "Nigeria", "discovery_year": 1977, "shore_status": "OFFSHORE"}}, {"type": "Feature", "id": "mps_mapping_accumulation.c0911907-954b-498c-aa77-a8ebbabbcb19", "geometry": {"type": "MultiPolygon", "coordinates": [[[[7.52677183, 4.09903419], [7.53266704, 4.11655208], [7.51167433, 4.11573729], [7.51756954, 4.11127994], [7.51081161, 4.10557644], [7.52677183, 4.09903419]]]]}, "geometry_name": "geom", "properties": {"name": "EKPE WW", "hydrocarbon_type": "OIL", "status": "DISCOVERY", "area_sqkm": 3.50223364103325, "country": "Nigeria", "discovery_year": 1977, "shore_status": "OFFSHORE"}}, {"type": "Feature", "id": "mps_mapping_accumulation.1e2fdd51-3a44-4ea6-bfe6-7b70de0acf96", "geometry": {"type": "MultiPolygon", "coordinates": [[[[7.74241794, 4.53178831], [7.76777886, 4.53716858], [7.77713294, 4.52361038], [7.74679158, 4.51452927], [7.73621463, 4.52281869], [7.74241794, 4.53178831]]]]}, "geometry_name": "geom", "properties": {"name": "UTAPATE S", "hydrocarbon_type": "OIL", "status": "PRODUCING", "area_sqkm": 9.36530179463651, "country": "Nigeria", "discovery_year": 1960, "shore_status": "BOTH"}}, {"type": "Feature", "id": "mps_mapping_accumulation.bf1c2433-ca5c-41aa-ad3e-5bbb8f62cf74", "geometry": {"type": "MultiPolygon", "coordinates": [[[[7.73923316, 4.35899872], [7.73216969, 4.34859223], [7.75934518, 4.35495474], [7.73923316, 4.35899872]]]]}, "geometry_name": "geom", "properties": {"name": "OBU NORTH", "hydrocarbon_type": "OIL", "status": "DISCOVERY", "area_sqkm": 3.10114115656734, "country": "Nigeria", "discovery_year": null, "shore_status": "OFFSHORE"}}, {"type": "Feature", "id": "mps_mapping_accumulation.6fc7b7a3-3dc4-473e-b04c-8e54aca95cb1", "geometry": {"type": "MultiPolygon", "coordinates": [[[[7.74521824, 4.38951723], [7.72613069, 4.3737727], [7.71728787, 4.35328324], [7.74532608, 4.36503772], [7.75406106, 4.38736044], [7.74521824, 4.38951723]]]]}, "geometry_name": "geom", "properties": {"name": "NKOP", "hydrocarbon_type": "GAS", "status": "DISCOVERY", "area_sqkm": 7.76087107446274, "country": "Nigeria", "discovery_year": null, "shore_status": "OFFSHORE"}}, {"type": "Feature", "id": "mps_mapping_accumulation.e896301f-6b49-4832-bd87-1ba72e99e454", "geometry": {"type": "MultiPolygon", "coordinates": [[[[7.73206185, 4.35727329], [7.72408174, 4.33710734], [7.75708056, 4.36104766], [7.73206185, 4.35727329]]]]}, "geometry_name": "geom", "properties": {"name": "OBU", "hydrocarbon_type": "OIL", "status": "DISCOVERY", "area_sqkm": 5.70912078699079, "country": "Nigeria", "discovery_year": 1965, "shore_status": "OFFSHORE"}}, {"type": "Feature", "id": "mps_mapping_accumulation.43884ae8-01a3-4da3-bc94-8f035f75a655", "geometry": {"type": "MultiPolygon", "coordinates": [[[[7.71456492, 4.23081827], [7.70550643, 4.21733836], [7.70475155, 4.20170166], [7.71456492, 4.23081827]]]]}, "geometry_name": "geom", "properties": {"name": "EBIYA", "hydrocarbon_type": "OIL", "status": "DISCOVERY", "area_sqkm": 2.1554495750541, "country": "Nigeria", "discovery_year": null, "shore_status": "OFFSHORE"}}, {"type": "Feature", "id": "mps_mapping_accumulation.286a8e74-28a8-4a5a-9af8-b2150d597c8f", "geometry": {"type": "MultiPolygon", "coordinates": [[[[7.77613216, 4.24062715], [7.81074857, 4.26499882], [7.81222237, 4.27308677], [7.79338644, 4.27409327], [7.76096277, 4.24738507], [7.76225684, 4.23681683], [7.77613216, 4.24062715]]], [[[7.7953635, 4.25234568], [7.78357307, 4.24472504], [7.78120061, 4.24091472], [7.80880746, 4.25673114], [7.7953635, 4.25234568]]]]}, "geometry_name": "geom", "properties": {"name": "USARI", "hydrocarbon_type": "OIL", "status": "PRODUCING", "area_sqkm": 12.9556213215737, "country": "Nigeria", "discovery_year": 1964, "shore_status": "OFFSHORE"}}, {"type": "Feature", "id": "mps_mapping_accumulation.4eea408f-b579-4c56-98cf-4a59332ad931", "geometry": {"type": "MultiPolygon", "coordinates": [[[[7.71499628, 4.25292532], [7.70831025, 4.24257275], [7.72696644, 4.24192571], [7.71499628, 4.25292532]]]]}, "geometry_name": "geom", "properties": {"name": "USARI NORTH WEST", "hydrocarbon_type": "OIL", "status": "DISCOVERY", "area_sqkm": 2.72728247136618, "country": "Nigeria", "discovery_year": null, "shore_status": "OFFSHORE"}}, {"type": "Feature", "id": "mps_mapping_accumulation.2a8c31e1-d5a8-4ae6-9462-2f11a086fc07", "geometry": {"type": "MultiPolygon", "coordinates": [[[[7.7434329, 4.29042492], [7.75196418, 4.29665564], [7.76663032, 4.2853445], [7.74304947, 4.26406421], [7.73528504, 4.27877828], [7.7434329, 4.29042492]]]]}, "geometry_name": "geom", "properties": {"name": "OYOT", "hydrocarbon_type": "GAS", "status": "PRODUCING", "area_sqkm": 5.74337230577447, "country": "Nigeria", "discovery_year": 1979, "shore_status": "OFFSHORE"}}, {"type": "Feature", "id": "mps_mapping_accumulation.7b37d9cc-3660-4ad5-916b-15a6f52dd0cb", "geometry": {"type": "MultiPolygon", "coordinates": [[[[7.69313187, 4.1005679], [7.6982123, 4.08810647], [7.7071989, 4.09498422], [7.69756526, 4.11044119], [7.72042719, 4.10756547], [7.71187194, 4.11626451], [7.68469644, 4.11367636], [7.68057459, 4.10152647], [7.68833901, 4.09433719], [7.69313187, 4.1005679]]]]}, "geometry_name": "geom", "properties": {"name": "ADUA", "hydrocarbon_type": "OIL", "status": "PRODUCING", "area_sqkm": 5.9104184495902, "country": "Nigeria", "discovery_year": 1967, "shore_status": "OFFSHORE"}}, {"type": "Feature", "id": "mps_mapping_accumulation.18c4686d-f563-4829-8ee2-e459b9eedd92", "geometry": {"type": "MultiPolygon", "coordinates": [[[[7.79119371, 4.12660509], [7.82685256, 4.12797106], [7.83080667, 4.11790606], [7.80995774, 4.09971717], [7.78436389, 4.09734471], [7.77264536, 4.11725902], [7.79119371, 4.12660509]]]]}, "geometry_name": "geom", "properties": {"name": "ASABO", "hydrocarbon_type": "OIL", "status": "PRODUCING", "area_sqkm": 16.6788621108308, "country": "Nigeria", "discovery_year": 1966, "shore_status": "OFFSHORE"}}, {"type": "Feature", "id": "mps_mapping_accumulation.94bd20a8-5efc-4158-b553-5e4576bf5d27", "geometry": {"type": "MultiPolygon", "coordinates": [[[[6.78352981, 5.08005519], [6.79065483, 5.08447809], [6.80129081, 5.08314838], [6.80461056, 5.07863044], [6.80311175, 5.070344], [6.79554575, 5.06487842], [6.78587544, 5.06592397], [6.78047839, 5.07197727], [6.78352981, 5.08005519]]]]}, "geometry_name": "geom", "properties": {"name": "OLO", "hydrocarbon_type": "OIL", "status": "PRODUCING", "area_sqkm": 4.76656192892124, "country": "Nigeria", "discovery_year": 1988, "shore_status": "ONSHORE"}}, {"type": "Feature", "id": "mps_mapping_accumulation.88dcc618-55bf-40f7-98c2-970b78cb975c", "geometry": {"type": "MultiPolygon", "coordinates": [[[[6.849614, 4.7880683], [6.8478785, 4.779343], [6.842936, 4.7719464], [6.8355393, 4.767004], [6.826814, 4.7652683], [6.818089, 4.767004], [6.810692, 4.7719464], [6.8057494, 4.779343], [6.804014, 4.7880683], [6.8057494, 4.7967935], [6.810692, 4.80419], [6.818089, 4.8091326], [6.826814, 4.8108683], [6.8355393, 4.8091326], [6.842936, 4.80419], [6.8478785, 4.7967935], [6.849614, 4.7880683]]]]}, "geometry_name": "geom", "properties": {"name": "TEMA", "hydrocarbon_type": "GAS", "status": null, "area_sqkm": 19.5229191722687, "country": "Nigeria", "discovery_year": 1966, "shore_status": "ONSHORE"}}, {"type": "Feature", "id": "mps_mapping_accumulation.ce92704f-703a-4647-bcd6-adfc599d888c", "geometry": {"type": "MultiPolygon", "coordinates": [[[[6.8280888, 4.927791], [6.8230395, 4.928673], [6.8183107, 4.9268293], [6.8144636, 4.9235435], [6.8160667, 4.919376], [6.820635, 4.915609], [6.8285694, 4.9185743], [6.8313746, 4.925387], [6.8280888, 4.927791]]]]}, "geometry_name": "geom", "properties": {"name": "EMOHUA", "hydrocarbon_type": "OIL_AND_GAS", "status": "DISCOVERY", "area_sqkm": 1.83331873537983, "country": "Nigeria", "discovery_year": null, "shore_status": "ONSHORE"}}, {"type": "Feature", "id": "mps_mapping_accumulation.d17afcbb-f496-45d9-81c5-63040a0bddf0", "geometry": {"type": "MultiPolygon", "coordinates": [[[[6.883315, 4.9308887], [6.8815794, 4.9221635], [6.876637, 4.914767], [6.8692403, 4.9098244], [6.860515, 4.9080887], [6.85179, 4.9098244], [6.844393, 4.914767], [6.8394504, 4.9221635], [6.837715, 4.9308887], [6.8394504, 4.939614], [6.844393, 4.9470105], [6.85179, 4.951953], [6.860515, 4.9536886], [6.8692403, 4.951953], [6.876637, 4.9470105], [6.8815794, 4.939614], [6.883315, 4.9308887]]]]}, "geometry_name": "geom", "properties": {"name": "OGBODO", "hydrocarbon_type": "GAS", "status": null, "area_sqkm": 19.5188466223529, "country": "Nigeria", "discovery_year": 1972, "shore_status": "ONSHORE"}}, {"type": "Feature", "id": "mps_mapping_accumulation.5b6a4e06-f6dc-42af-ba9f-3ecba8bc7610", "geometry": {"type": "MultiPolygon", "coordinates": [[[[6.88473865, 5.18322506], [6.8713279, 5.18136948], [6.85707372, 5.17082644], [6.8507479, 5.16289808], [6.85142265, 5.14839086], [6.85471208, 5.14653529], [6.85994142, 5.14695701], [6.8758825, 5.1589339], [6.88591947, 5.17597145], [6.88473865, 5.18322506]]]]}, "geometry_name": "geom", "properties": {"name": "OMERELU", "hydrocarbon_type": "OIL", "status": "DISCOVERY", "area_sqkm": 9.61135141080091, "country": "Nigeria", "discovery_year": 1975, "shore_status": "ONSHORE"}}, {"type": "Feature", "id": "mps_mapping_accumulation.c19d5439-eb98-4096-a943-5906eb15b34c", "geometry": {"type": "MultiPolygon", "coordinates": [[[[6.9021807, 4.9859586], [6.900457, 4.977309], [6.895564, 4.9699793], [6.888247, 4.9650846], [6.879619, 4.963371], [6.870994, 4.965099], [6.8636847, 4.9700055], [6.858804, 4.9773436], [6.857095, 4.9859962], [6.858818, 4.9946465], [6.8637104, 5.0019765], [6.871028, 5.0068707], [6.8796563, 5.0085855], [6.888282, 5.0068574], [6.8955913, 5.0019503], [6.9004717, 4.9946117], [6.9021807, 4.9859586]]]]}, "geometry_name": "geom", "properties": {"name": "AGBADA WEST", "hydrocarbon_type": "OIL", "status": null, "area_sqkm": 19.1338509804946, "country": "Nigeria", "discovery_year": 1975, "shore_status": "ONSHORE"}}, {"type": "Feature", "id": "mps_mapping_accumulation.2249e7b8-022f-418d-bccf-2a2253a60b2f", "geometry": {"type": "MultiPolygon", "coordinates": [[[[6.9167156, 5.0705], [6.91498, 5.0617747], [6.9100375, 5.054378], [6.902641, 5.0494356], [6.8939157, 5.0477], [6.8851905, 5.0494356], [6.877794, 5.054378], [6.8728514, 5.0617747], [6.8711157, 5.0705], [6.8728514, 5.079225], [6.877794, 5.086622], [6.8851905, 5.0915647], [6.8939157, 5.0933], [6.902641, 5.0915647], [6.9100375, 5.086622], [6.91498, 5.079225], [6.9167156, 5.0705]]]]}, "geometry_name": "geom", "properties": {"name": "UMUANWA", "hydrocarbon_type": "GAS", "status": null, "area_sqkm": 19.5148157655627, "country": "Nigeria", "discovery_year": 1964, "shore_status": "ONSHORE"}}, {"type": "Feature", "id": "mps_mapping_accumulation.7e43f313-0ebf-471a-a0ec-8cf0ef595dbd", "geometry": {"type": "MultiPolygon", "coordinates": [[[[6.88278, 5.13983], [6.8812566, 5.1437716], [6.8840384, 5.1462655], [6.908594, 5.147361], [6.928225, 5.154086], [6.9464207, 5.1421847], [6.9485826, 5.137538], [6.943462, 5.1341753], [6.9282503, 5.13313], [6.9042253, 5.138558], [6.88278, 5.13983]]]]}, "geometry_name": "geom", "properties": {"name": "UBIMA", "hydrocarbon_type": "OIL", "status": "PRODUCING", "area_sqkm": 9.77327503953707, "country": "Nigeria", "discovery_year": 1964, "shore_status": "ONSHORE"}}, {"type": "Feature", "id": "mps_mapping_accumulation.dcffd01f-b4d6-4918-8a93-9324fd99e41d", "geometry": {"type": "MultiPolygon", "coordinates": [[[[6.9480977, 4.957176], [6.969177, 4.95632], [6.9863024, 4.9464035], [7.0028033, 4.9403057], [7.049568, 4.93639], [7.060538, 4.930382], [7.062532, 4.9234333], [7.0589714, 4.9194903], [7.0476794, 4.9169374], [7.0066614, 4.917734], [6.984048, 4.9124002], [6.9776726, 4.91253], [6.9705567, 4.919998], [6.9638066, 4.936261], [6.9492607, 4.9408746], [6.9428616, 4.9463773], [6.9417067, 4.9541683], [6.9480977, 4.957176]]]]}, "geometry_name": "geom", "properties": {"name": "AGBADA", "hydrocarbon_type": "OIL", "status": "PRODUCING", "area_sqkm": 34.5729221416205, "country": "Nigeria", "discovery_year": 1960, "shore_status": "ONSHORE"}}, {"type": "Feature", "id": "mps_mapping_accumulation.6de48af7-1374-4bfe-8da2-a0433890b850", "geometry": {"type": "MultiPolygon", "coordinates": [[[[6.9796047, 4.825328], [6.9686837, 4.823056], [6.967727, 4.8196282], [6.9698, 4.8160415], [6.9824347, 4.814487], [6.9925585, 4.8181934], [6.991841, 4.8218207], [6.9796047, 4.825328]]]]}, "geometry_name": "geom", "properties": {"name": "APARA", "hydrocarbon_type": "OIL_AND_GAS", "status": "PRODUCING", "area_sqkm": 2.65398242771195, "country": "Nigeria", "discovery_year": 1960, "shore_status": "ONSHORE"}}, {"type": "Feature", "id": "mps_mapping_accumulation.1ae6c39e-ea5c-425c-82cb-3274d5982e92", "geometry": {"type": "MultiPolygon", "coordinates": [[[[7.038516, 5.0663967], [7.0367804, 5.0576715], [7.031838, 5.050275], [7.0244412, 5.0453324], [7.015716, 5.0435967], [7.006991, 5.0453324], [6.9995937, 5.050275], [6.9946513, 5.0576715], [6.992916, 5.0663967], [6.9946513, 5.075122], [6.9995937, 5.0825186], [7.006991, 5.087461], [7.015716, 5.0891967], [7.0244412, 5.087461], [7.031838, 5.0825186], [7.0367804, 5.075122], [7.038516, 5.0663967]]]]}, "geometry_name": "geom", "properties": {"name": "OLA", "hydrocarbon_type": "OIL", "status": null, "area_sqkm": 19.5149994597792, "country": "Nigeria", "discovery_year": 1964, "shore_status": "ONSHORE"}}, {"type": "Feature", "id": "mps_mapping_accumulation.a188e769-ca50-4882-a882-3bf639d1cf4b", "geometry": {"type": "MultiPolygon", "coordinates": [[[[7.0341854, 4.840487], [7.040682, 4.844949], [7.0483923, 4.847197], [7.062936, 4.8437552], [7.078334, 4.8570232], [7.091881, 4.862403], [7.1036425, 4.8639355], [7.1087956, 4.8588057], [7.107442, 4.854345], [7.087935, 4.8322635], [7.0806203, 4.8298116], [7.06097, 4.831382], [7.0567794, 4.829006], [7.049724, 4.8202243], [7.0435214, 4.821569], [7.0357194, 4.8283496], [7.0326257, 4.835466], [7.0341854, 4.840487]]]]}, "geometry_name": "geom", "properties": {"name": "ELELENWA", "hydrocarbon_type": "OIL_AND_GAS", "status": "PRODUCING", "area_sqkm": 18.9853261251448, "country": "Nigeria", "discovery_year": 1959, "shore_status": "ONSHORE"}}, {"type": "Feature", "id": "mps_mapping_accumulation.168f0812-0a1b-4272-ab6c-3a57bd0f44f4", "geometry": {"type": "MultiPolygon", "coordinates": [[[[7.0754204, 4.918891], [7.0847435, 4.919872], [7.0937324, 4.917324], [7.1120825, 4.9024544], [7.1192517, 4.8988166], [7.140641, 4.898579], [7.16083, 4.8924656], [7.177479, 4.890983], [7.182728, 4.888645], [7.1838374, 4.885079], [7.174809, 4.8802447], [7.158655, 4.879726], [7.1418424, 4.865925], [7.1350465, 4.863743], [7.128772, 4.8643885], [7.1111016, 4.874866], [7.0996866, 4.899597], [7.072937, 4.908638], [7.070594, 4.914777], [7.0754204, 4.918891]]]]}, "geometry_name": "geom", "properties": {"name": "OBIGBO N", "hydrocarbon_type": "OIL", "status": "PRODUCING", "area_sqkm": 27.9461654402131, "country": "Nigeria", "discovery_year": 1963, "shore_status": "ONSHORE"}}, {"type": "Feature", "id": "mps_mapping_accumulation.bd65adea-50b1-4636-9868-c8399f437772", "geometry": {"type": "MultiPolygon", "coordinates": [[[[7.0976644, 4.986334], [7.1241093, 4.9852424], [7.1371865, 4.9749618], [7.1381245, 4.9696302], [7.1332316, 4.9655952], [7.1249757, 4.964059], [7.0951886, 4.971093], [7.081174, 4.9786186], [7.076987, 4.988205], [7.078679, 4.992401], [7.0811415, 4.9933085], [7.0976644, 4.986334]]]]}, "geometry_name": "geom", "properties": {"name": "NKALI", "hydrocarbon_type": "OIL_AND_GAS", "status": "PRODUCING", "area_sqkm": 12.3783737815086, "country": "Nigeria", "discovery_year": 1970, "shore_status": "ONSHORE"}}, {"type": "Feature", "id": "mps_mapping_accumulation.8e145ad8-e204-455b-9db5-9d797cbd05fd", "geometry": {"type": "MultiPolygon", "coordinates": [[[[7.1610165, 5.008389], [7.159281, 4.999664], [7.1543384, 4.992267], [7.1469417, 4.9873247], [7.1382165, 4.985589], [7.1294913, 4.9873247], [7.1220946, 4.992267], [7.117152, 4.999664], [7.1154165, 5.008389], [7.117152, 5.017114], [7.1220946, 5.024511], [7.1294913, 5.0294533], [7.1382165, 5.031189], [7.1469417, 5.0294533], [7.1543384, 5.024511], [7.159281, 5.017114], [7.1610165, 5.008389]]]]}, "geometry_name": "geom", "properties": {"name": "ODAGWA", "hydrocarbon_type": "OIL", "status": null, "area_sqkm": 19.5166353368787, "country": "Nigeria", "discovery_year": 1977, "shore_status": "ONSHORE"}}, {"type": "Feature", "id": "mps_mapping_accumulation.b83839ba-ace1-495f-92eb-cb6ab41b0a8c", "geometry": {"type": "MultiPolygon", "coordinates": [[[[7.1619163, 4.8610773], [7.1601806, 4.852352], [7.155238, 4.8449554], [7.1478415, 4.840013], [7.1391163, 4.8382773], [7.130391, 4.840013], [7.1229944, 4.8449554], [7.118052, 4.852352], [7.1163163, 4.8610773], [7.118052, 4.8698025], [7.1229944, 4.877199], [7.130391, 4.8821416], [7.1391163, 4.8838773], [7.1478415, 4.8821416], [7.155238, 4.877199], [7.1601806, 4.8698025], [7.1619163, 4.8610773]]]]}, "geometry_name": "geom", "properties": {"name": "OBIGBO", "hydrocarbon_type": "OIL_AND_GAS", "status": "PRODUCING", "area_sqkm": 19.5207323499966, "country": "Nigeria", "discovery_year": 1958, "shore_status": "ONSHORE"}}, {"type": "Feature", "id": "mps_mapping_accumulation.8d8a3949-36d1-4051-a698-2a216713713e", "geometry": {"type": "MultiPolygon", "coordinates": [[[[7.1327577, 4.8521986], [7.1370625, 4.8577886], [7.1474967, 4.861248], [7.1532793, 4.859408], [7.1575756, 4.85379], [7.1534085, 4.8455625], [7.141749, 4.8414454], [7.1331058, 4.844077], [7.1327577, 4.8521986]]]]}, "geometry_name": "geom", "properties": {"name": "OBIGBO", "hydrocarbon_type": "OIL", "status": "PRODUCING", "area_sqkm": 4.74962630734968, "country": "Nigeria", "discovery_year": null, "shore_status": "ONSHORE"}}, {"type": "Feature", "id": "mps_mapping_accumulation.ff226689-a34e-478d-b37b-dc8c77534c47", "geometry": {"type": "MultiPolygon", "coordinates": [[[[7.177578, 4.8274155], [7.183138, 4.8246055], [7.1848917, 4.8210187], [7.1712804, 4.8097987], [7.1637473, 4.811911], [7.156174, 4.819165], [7.157091, 4.823948], [7.1613955, 4.8290496], [7.1720376, 4.829727], [7.177578, 4.8274155]]]]}, "geometry_name": "geom", "properties": {"name": "AJOKPORI", "hydrocarbon_type": "OIL_AND_GAS", "status": "PRODUCING", "area_sqkm": 4.91760008948197, "country": "Nigeria", "discovery_year": 1967, "shore_status": "ONSHORE"}}, {"type": "Feature", "id": "mps_mapping_accumulation.ddea8dff-911c-46fb-845b-481e0b0e4815", "geometry": {"type": "MultiPolygon", "coordinates": [[[[7.2409167, 4.811269], [7.239181, 4.8025436], [7.2342386, 4.795147], [7.226842, 4.7902045], [7.2181168, 4.788469], [7.2093916, 4.7902045], [7.201995, 4.795147], [7.1970525, 4.8025436], [7.195317, 4.811269], [7.1970525, 4.819994], [7.201995, 4.827391], [7.2093916, 4.8323336], [7.2181168, 4.834069], [7.226842, 4.8323336], [7.2342386, 4.827391], [7.239181, 4.819994], [7.2409167, 4.811269]]]]}, "geometry_name": "geom", "properties": {"name": "BANGHAN", "hydrocarbon_type": "GAS", "status": null, "area_sqkm": 19.5222211595874, "country": "Nigeria", "discovery_year": 1964, "shore_status": "ONSHORE"}}, {"type": "Feature", "id": "mps_mapping_accumulation.e4f1da35-0d3f-4dee-acd9-4e3c34dc3e12", "geometry": {"type": "MultiPolygon", "coordinates": [[[[6.18075444, 4.46652031], [6.18765822, 4.46943844], [6.1921488, 4.46880713], [6.20590587, 4.45567406], [6.20989969, 4.44647891], [6.20888681, 4.43813], [6.20599031, 4.43344738], [6.20123845, 4.43192939], [6.19579092, 4.43371573], [6.18165481, 4.44727444], [6.17610477, 4.45877483], [6.17708066, 4.46285141], [6.18075444, 4.46652031]]]]}, "geometry_name": "geom", "properties": {"name": "ELEPA", "hydrocarbon_type": "OIL_AND_GAS", "status": "PRODUCING", "area_sqkm": 10.1936095802548, "country": "Nigeria", "discovery_year": null, "shore_status": "BOTH"}}, {"type": "Feature", "id": "mps_mapping_accumulation.b536b3aa-f8dc-4b88-8e3d-9057106a1f78", "geometry": {"type": "MultiPolygon", "coordinates": [[[[6.1839943, 4.354098], [6.194501, 4.3497458], [6.198853, 4.3392386], [6.194501, 4.328732], [6.1839943, 4.32438], [6.173487, 4.328732], [6.169135, 4.3392386], [6.173487, 4.3497458], [6.1839943, 4.354098]]]]}, "geometry_name": "geom", "properties": {"name": "IGABELE", "hydrocarbon_type": "OIL", "status": "DISCOVERY", "area_sqkm": 8.29669938165543, "country": "Nigeria", "discovery_year": null, "shore_status": "ONSHORE"}}, {"type": "Feature", "id": "mps_mapping_accumulation.1c900391-43d0-4167-b449-56aeadf4be9f", "geometry": {"type": "MultiPolygon", "coordinates": [[[[6.2843366, 4.4661784], [6.3126755, 4.473927], [6.3420806, 4.469783], [6.3537083, 4.4648314], [6.3661227, 4.4546], [6.3689337, 4.448391], [6.3685513, 4.4404945], [6.36597, 4.435102], [6.361295, 4.4312162], [6.3391447, 4.4259415], [6.3203473, 4.4262977], [6.2803373, 4.4338365], [6.275264, 4.437134], [6.2716565, 4.4427586], [6.268963, 4.4533796], [6.271736, 4.458796], [6.2843366, 4.4661784]]]]}, "geometry_name": "geom", "properties": {"name": "NEMBE CREEK", "hydrocarbon_type": "OIL", "status": "PRODUCING", "area_sqkm": 45.9760232368542, "country": "Nigeria", "discovery_year": 1973, "shore_status": "BOTH"}}, {"type": "Feature", "id": "mps_mapping_accumulation.d76ec174-0753-47df-a6eb-c6e032b23f41", "geometry": {"type": "MultiPolygon", "coordinates": [[[[6.35172381, 4.71346006], [6.36579086, 4.71714053], [6.38582731, 4.71648575], [6.39649887, 4.70910302], [6.39761028, 4.69968939], [6.39304284, 4.692794], [6.38236434, 4.68735647], [6.35005803, 4.68824745], [6.34274575, 4.69287084], [6.33968975, 4.69926053], [6.34360764, 4.70827225], [6.35172381, 4.71346006]]]]}, "geometry_name": "geom", "properties": {"name": "OLOIBIRI", "hydrocarbon_type": "OIL", "status": "PRODUCING", "area_sqkm": 18.1515847146085, "country": "Nigeria", "discovery_year": 1956, "shore_status": "ONSHORE"}}, {"type": "Feature", "id": "mps_mapping_accumulation.45a01546-cf51-4657-9d5a-0c8b16f2e93b", "geometry": {"type": "MultiPolygon", "coordinates": [[[[6.433576, 4.7048173], [6.4263597, 4.703868], [6.424366, 4.7013993], [6.424366, 4.696082], [6.4289236, 4.6927586], [6.432532, 4.6927586], [6.440033, 4.6976013], [6.440033, 4.7028236], [6.433576, 4.7048173]]]]}, "geometry_name": "geom", "properties": {"name": "KUGBO WEST", "hydrocarbon_type": "OIL", "status": "DISCOVERY", "area_sqkm": 1.8277112473153, "country": "Nigeria", "discovery_year": null, "shore_status": "ONSHORE"}}, {"type": "Feature", "id": "mps_mapping_accumulation.faa62bcd-0c51-42c5-826f-d93f0321b8fd", "geometry": {"type": "MultiPolygon", "coordinates": [[[[6.4753265, 4.428591], [6.4923873, 4.4385715], [6.5098877, 4.4425197], [6.534219, 4.441996], [6.5382357, 4.4398174], [6.5401487, 4.4356294], [6.5374517, 4.4274096], [6.5283313, 4.4205346], [6.5205626, 4.4186525], [6.4988136, 4.420922], [6.4942365, 4.417768], [6.4866004, 4.4070663], [6.4782934, 4.4033046], [6.470563, 4.405731], [6.465791, 4.4174685], [6.4675455, 4.4215937], [6.4753265, 4.428591]]]]}, "geometry_name": "geom", "properties": {"name": "ODEAMA CREEK", "hydrocarbon_type": "OIL", "status": "PRODUCING", "area_sqkm": 19.94184960073, "country": "Nigeria", "discovery_year": 1980, "shore_status": "ONSHORE"}}, {"type": "Feature", "id": "mps_mapping_accumulation.1779bf67-ad0b-4403-a55b-50036f31d131", "geometry": {"type": "MultiPolygon", "coordinates": [[[[6.5217643, 4.556586], [6.530295, 4.557769], [6.5562153, 4.5521827], [6.561517, 4.5476904], [6.561023, 4.5412736], [6.5594645, 4.539462], [6.5387077, 4.5406375], [6.522504, 4.5454617], [6.517874, 4.551173], [6.518869, 4.5547028], [6.5217643, 4.556586]]]]}, "geometry_name": "geom", "properties": {"name": "SANTA BARBARA", "hydrocarbon_type": "OIL", "status": "PRODUCING", "area_sqkm": 7.08200246561913, "country": "Nigeria", "discovery_year": 1972, "shore_status": "ONSHORE"}}, {"type": "Feature", "id": "mps_mapping_accumulation.99b6c3f5-a4b7-4107-b7fe-16a8bde9d872", "geometry": {"type": "MultiPolygon", "coordinates": [[[[6.6140113, 4.6761284], [6.6122756, 4.667403], [6.607333, 4.6600065], [6.5999365, 4.655064], [6.5912113, 4.6533284], [6.582486, 4.655064], [6.5750895, 4.6600065], [6.570147, 4.667403], [6.5684114, 4.6761284], [6.570147, 4.6848536], [6.5750895, 4.6922503], [6.582486, 4.6971927], [6.5912113, 4.6989284], [6.5999365, 4.6971927], [6.607333, 4.6922503], [6.6122756, 4.6848536], [6.6140113, 4.6761284]]]]}, "geometry_name": "geom", "properties": {"name": "SANGAMATORO", "hydrocarbon_type": "GAS", "status": null, "area_sqkm": 19.5258821607046, "country": "Nigeria", "discovery_year": 1965, "shore_status": "ONSHORE"}}, {"type": "Feature", "id": "mps_mapping_accumulation.a967426d-4ad6-40f2-af45-7f7a33b6ea02", "geometry": {"type": "MultiPolygon", "coordinates": [[[[6.58398156, 4.65405444], [6.61168603, 4.66702983], [6.64910219, 4.67144406], [6.667731, 4.66380131], [6.67316081, 4.65813787], [6.67456191, 4.65240739], [6.67279228, 4.64775084], [6.66698573, 4.64487755], [6.63637369, 4.63947163], [6.60950416, 4.62782378], [6.5937185, 4.62537094], [6.58194375, 4.62824381], [6.57302175, 4.63845669], [6.57474188, 4.646057], [6.58398156, 4.65405444]]]]}, "geometry_name": "geom", "properties": {"name": "SOKU", "hydrocarbon_type": "GAS", "status": "PRODUCING", "area_sqkm": 36.8404888338356, "country": "Nigeria", "discovery_year": 1958, "shore_status": "ONSHORE"}}]}