{"type":"FeatureCollection","features":[{"type":"Feature","id":"mps_mapping_block.f4319f63-aee4-4a5d-a8fb-b389efe2e924","geometry":{"type":"Polygon","coordinates":[[[35.0,-27.18214],[35.90917,-27.2985],[36.0,-27.36048],[36.0,-28.0],[35.0,-28.0],[35.0,-27.18214]]]},"properties":{"name":"2735","status":"OPEN","country":"South Africa","area_sqkm":"8221.83750354361","shore_status":"OFFSHORE"}},{"type":"Feature","id":"mps_mapping_block.d873a28b-2061-486d-94dd-42a911fc7f8d","geometry":{"type":"Polygon","coordinates":[[[33.0,-32.0],[33.0,-33.0],[32.0,-33.0],[32.0,-32.0],[33.0,-32.0]]]},"properties":{"name":"3232","status":"OPEN","country":"South Africa","area_sqkm":"10421.5124450714","shore_status":"OFFSHORE"}},{"type":"Feature","id":"mps_mapping_block.2ac9e680-cb44-4e0a-b21f-dfc1a3f8a0b4","geometry":{"type":"Polygon","coordinates":[[[33.0,-33.47418],[32.84007,-33.6536],[32.62623,-33.85401],[32.55157,-33.91041],[32.43446,-33.98411],[32.41002,-34.0],[32.0,-34.0],[32.0,-33.0],[33.0,-33.0],[33.0,-33.47418]]]},"properties":{"name":"3332","status":"OPEN","country":"South Africa","area_sqkm":"8887.84898363475","shore_status":"OFFSHORE"}},{"type":"Feature","id":"mps_mapping_block.30adf5ea-9d6d-4762-a8d9-dfa4e0f2cb7c","geometry":{"type":"Polygon","coordinates":[[[32.5,-30.5],[33.0,-30.5],[33.0,-31.0],[32.5,-31.0],[32.5,-30.5]]]},"properties":{"name":"3032D","status":"OPEN","country":"South Africa","area_sqkm":"2653.89993004742","shore_status":"OFFSHORE"}},{"type":"Feature","id":"mps_mapping_block.28832bec-8ed2-4945-8f00-f4ef5a15f4a8","geometry":{"type":"Polygon","coordinates":[[[32.86505,-27.0],[33.0,-27.0],[33.0,-27.5],[32.67822,-27.5],[32.6787,-27.4979],[32.6801,-27.4932],[32.6815,-27.4882],[32.6837,-27.4835],[32.686,-27.4785],[32.6884,-27.4738],[32.6904,-27.4691],[32.6926,-27.4643],[32.6948,-27.4593],[32.6976,-27.4546],[32.6998,-27.4496],[32.7029,-27.4449],[32.706,-27.4399],[32.7096,-27.4352],[32.7135,-27.4304],[32.714,-27.4263],[32.7162,-27.4213],[32.7176,-27.4165],[32.7193,-27.4118],[32.7204,-27.4068],[32.7223,-27.4021],[32.7246,-27.3974],[32.7271,-27.3924],[32.7298,-27.3877],[32.7321,-27.3835],[32.7323,-27.3785],[32.7337,-27.3738],[32.7351,-27.3691],[32.7373,-27.3641],[32.7387,-27.3593],[32.7404,-27.3543],[32.7432,-27.3499],[32.7448,-27.3452],[32.7482,-27.3402],[32.7515,-27.3354],[32.7532,-27.3307],[32.7507,-27.3282],[32.7518,-27.3235],[32.754,-27.3185],[32.7565,-27.3138],[32.7587,-27.3088],[32.7618,-27.304],[32.7643,-27.2991],[32.7662,-27.2952],[32.7685,-27.2902],[32.7704,-27.2854],[32.7721,-27.2807],[32.7743,-27.276],[32.7726,-27.2721],[32.7729,-27.2671],[32.7749,-27.2624],[32.7771,-27.2577],[32.7801,-27.2527],[32.7823,-27.2477],[32.7851,-27.2429],[32.7885,-27.2379],[32.7918,-27.2329],[32.7943,-27.2279],[32.7954,-27.2232],[32.7943,-27.2188],[32.7954,-27.2138],[32.7976,-27.2088],[32.7999,-27.2041],[32.8024,-27.1993],[32.8051,-27.1946],[32.8076,-27.1899],[32.8101,-27.1852],[32.8068,-27.1838],[32.8062,-27.1791],[32.8065,-27.1741],[32.8082,-27.1693],[32.8101,-27.1643],[32.8132,-27.1596],[32.8154,-27.1549],[32.8187,-27.1502],[32.8226,-27.1454],[32.8257,-27.1407],[32.829,-27.136],[32.8315,-27.1318],[32.829,-27.1299],[32.8307,-27.1249],[32.8337,-27.1202],[32.8362,-27.1154],[32.8398,-27.1107],[32.8435,-27.106],[32.8404,-27.1024],[32.8401,-27.0979],[32.8424,-27.0932],[32.8446,-27.0882],[32.8476,-27.0835],[32.8496,-27.0785],[32.8485,-27.0743],[32.8493,-27.0696],[32.8496,-27.0646],[32.8504,-27.0596],[32.8526,-27.0546],[32.8551,-27.0496],[32.8574,-27.0446],[32.8599,-27.0396],[32.8621,-27.0349],[32.8604,-27.0302],[32.8621,-27.0252],[32.8646,-27.0202],[32.8668,-27.0152],[32.8665,-27.0107],[32.8637,-27.0066],[32.8646,-27.0018],[32.86505,-27.0]]]},"properties":{"name":"2732B","status":"OPEN","country":"South Africa","area_sqkm":"1204.42343700243","shore_status":"BOTH"}},{"type":"Feature","id":"mps_mapping_block.3fadd213-c82d-4694-b3a8-8142ab07850c","geometry":{"type":"Polygon","coordinates":[[[34.0,-28.0],[34.0,-29.0],[33.0,-29.0],[33.0,-28.0],[34.0,-28.0]]]},"properties":{"name":"2833","status":"OPEN","country":"South Africa","area_sqkm":"10850.4251627101","shore_status":"OFFSHORE"}},{"type":"Feature","id":"mps_mapping_block.48dfcc33-9892-4112-9fab-1f823dcf79fc","geometry":{"type":"Polygon","coordinates":[[[32.57888,-28.0],[33.0,-28.0],[33.0,-28.5],[32.5,-28.5],[32.5,-28.25453],[32.5012,-28.2515],[32.5046,-28.2471],[32.5076,-28.2426],[32.5104,-28.2379],[32.5132,-28.2332],[32.5157,-28.2285],[32.5182,-28.2238],[32.5207,-28.2193],[32.5232,-28.2135],[32.5257,-28.209],[32.5279,-28.2043],[32.5304,-28.1993],[32.5332,-28.1949],[32.5357,-28.1901],[32.5382,-28.1854],[32.5407,-28.1807],[32.5429,-28.176],[32.5451,-28.1713],[32.5473,-28.1668],[32.5496,-28.1618],[32.5512,-28.1571],[32.5529,-28.1524],[32.5543,-28.1476],[32.556,-28.1429],[32.5568,-28.1385],[32.5585,-28.1338],[32.5601,-28.1288],[32.5612,-28.1246],[32.559,-28.1235],[32.5585,-28.1188],[32.5585,-28.114],[32.5585,-28.1093],[32.5587,-28.1046],[32.5587,-28.0999],[32.5593,-28.0949],[32.5598,-28.0904],[32.5601,-28.0857],[32.5612,-28.081],[32.5623,-28.0763],[32.5637,-28.0715],[32.5648,-28.0668],[32.5654,-28.0621],[32.5665,-28.0579],[32.5673,-28.0532],[32.5685,-28.0485],[32.5693,-28.0438],[32.5707,-28.0388],[32.5718,-28.034],[32.5721,-28.0293],[32.5732,-28.024],[32.574,-28.0196],[32.5754,-28.0149],[32.576,-28.0102],[32.5771,-28.0057],[32.5784,-28.001],[32.57888,-28.0]]]},"properties":{"name":"2832B","status":"OPEN","country":"South Africa","area_sqkm":"2580.70164290326","shore_status":"BOTH"}},{"type":"Feature","id":"mps_mapping_block.85a5d957-ad4c-4c7c-81ff-05a332c1468e","geometry":{"type":"Polygon","coordinates":[[[36.0,-28.0],[36.0,-29.0],[35.0,-29.0],[35.0,-28.0],[36.0,-28.0]]]},"properties":{"name":"2835","status":"OPEN","country":"South Africa","area_sqkm":"10850.4251627101","shore_status":"OFFSHORE"}},{"type":"Feature","id":"mps_mapping_block.9d6f228e-7c56-4093-a592-19308624f206","geometry":{"type":"Polygon","coordinates":[[[33.0,-31.0],[33.0,-32.0],[32.0,-32.0],[32.0,-31.0],[33.0,-31.0]]]},"properties":{"name":"3132","status":"OPEN","country":"South Africa","area_sqkm":"10533.5920460283","shore_status":"OFFSHORE"}},{"type":"Feature","id":"mps_mapping_block.9fbe9e15-0f56-4c5b-8ed9-008927edab6d","geometry":{"type":"Polygon","coordinates":[[[35.80595,-30.0],[35.57222,-30.38889],[35.54445,-30.42778],[35.54166,-30.42778],[35.48611,-30.5],[35.44167,-30.55555],[35.43611,-30.56111],[35.30555,-30.70833],[35.29444,-30.72222],[35.25,-30.76666],[35.10278,-30.91111],[35.01389,-30.99166],[35.00444,-31.0],[35.0,-31.0],[35.0,-30.0],[35.80595,-30.0]]]},"properties":{"name":"3035","status":"OPEN","country":"South Africa","area_sqkm":"4858.69256704813","shore_status":"OFFSHORE"}},{"type":"Feature","id":"mps_mapping_block.fb103049-d745-4a6d-a815-9d5aecf63463","geometry":{"type":"Polygon","coordinates":[[[34.10833,-32.0],[34.06667,-32.06944],[34.0,-32.17749],[34.0,-32.0],[34.10833,-32.0]]]},"properties":{"name":"3234","status":"OPEN","country":"South Africa","area_sqkm":"101.354777960983","shore_status":"OFFSHORE"}},{"type":"Feature","id":"mps_mapping_block.3956b47a-9dec-4936-bb0e-f8abf595d532","geometry":{"type":"Polygon","coordinates":[[[32.5,-29.5],[33.0,-29.5],[33.0,-30.0],[32.5,-30.0],[32.5,-29.5]]]},"properties":{"name":"2932D","status":"OPEN","country":"South Africa","area_sqkm":"2680.50607871075","shore_status":"OFFSHORE"}},{"type":"Feature","id":"mps_mapping_block.55d87e58-7ad9-430f-8441-47c1da7252c6","geometry":{"type":"Polygon","coordinates":[[[34.0,-31.0],[34.0,-32.0],[33.0,-32.0],[33.0,-31.0],[34.0,-31.0]]]},"properties":{"name":"3133","status":"OPEN","country":"South Africa","area_sqkm":"10533.5920460283","shore_status":"OFFSHORE"}},{"type":"Feature","id":"mps_mapping_block.56de0f48-f983-4219-9c9b-3f7ddf8ec874","geometry":{"type":"Polygon","coordinates":[[[36.2145,-29.0],[36.21389,-29.00277],[36.21111,-29.01945],[36.2,-29.05278],[36.16666,-29.15555],[36.13889,-29.23333],[36.08334,-29.37778],[36.05833,-29.43333],[36.04445,-29.48055],[36.01389,-29.56389],[36.0,-29.68334],[36.0,-29.0],[36.2145,-29.0]]]},"properties":{"name":"2936","status":"OPEN","country":"South Africa","area_sqkm":"726.301097190039","shore_status":"OFFSHORE"}},{"type":"Feature","id":"mps_mapping_block.6f54327c-d819-44c0-8d2f-d716ebf4dcaa","geometry":{"type":"Polygon","coordinates":[[[34.0,-32.17749],[33.98611,-32.2],[33.975,-32.21666],[33.85556,-32.39444],[33.81944,-32.44722],[33.78611,-32.50278],[33.69167,-32.63889],[33.59445,-32.76666],[33.59166,-32.76944],[33.47222,-32.93333],[33.41698,-33.0],[33.0,-33.0],[33.0,-32.0],[34.0,-32.0],[34.0,-32.17749]]]},"properties":{"name":"3233","status":"OPEN","country":"South Africa","area_sqkm":"8013.05530255068","shore_status":"OFFSHORE"}},{"type":"Feature","id":"mps_mapping_block.52c9e4d3-4d4c-4dc5-b394-0c6467f6287b","geometry":{"type":"Polygon","coordinates":[[[32.89182,-26.85736],[32.89184,-26.85736],[32.89234,-26.85777],[32.89287,-26.85791],[32.89901,-26.85791],[32.90354,-26.85889],[32.90623,-26.85939],[32.91498,-26.86125],[32.92742,-26.86458],[32.97679,-26.87825],[33.0,-26.88496],[33.0,-27.0],[32.86505,-27.0],[32.8657,-26.9974],[32.8674,-26.9927],[32.8696,-26.9879],[32.8715,-26.9832],[32.8723,-26.9785],[32.8729,-26.9738],[32.8746,-26.9688],[32.8757,-26.9638],[32.8732,-26.9591],[32.8724,-26.9543],[32.8726,-26.9493],[32.874,-26.9443],[32.8757,-26.9396],[32.8762,-26.9346],[32.8782,-26.9302],[32.8773,-26.9255],[32.8787,-26.9207],[32.8793,-26.916],[32.8799,-26.9113],[32.8807,-26.9066],[32.8815,-26.9016],[32.8815,-26.8968],[32.8807,-26.8938],[32.8815,-26.891],[32.8821,-26.886],[32.8835,-26.8813],[32.8851,-26.8763],[32.8868,-26.8716],[32.8885,-26.8668],[32.8899,-26.8618],[32.8918,-26.8574],[32.89182,-26.85736]]]},"properties":{"name":"2632D","status":"OPEN","country":"South Africa","area_sqkm":"176.885900652075","shore_status":"BOTH"}},{"type":"Feature","id":"mps_mapping_block.2179ecac-1b83-425f-aa39-00979476d113","geometry":{"type":"Polygon","coordinates":[[[32.67822,-27.5],[33.0,-27.5],[33.0,-28.0],[32.57888,-28.0],[32.5804,-27.9968],[32.5815,-27.9918],[32.5832,-27.9871],[32.5843,-27.9821],[32.5857,-27.9774],[32.5865,-27.9726],[32.5871,-27.9679],[32.5885,-27.9632],[32.5893,-27.9582],[32.5898,-27.9535],[32.591,-27.9485],[32.5918,-27.9438],[32.5926,-27.9393],[32.5943,-27.9343],[32.5943,-27.9296],[32.5948,-27.9249],[32.5929,-27.9199],[32.5926,-27.9152],[32.5915,-27.9104],[32.5907,-27.9054],[32.5904,-27.9004],[32.5901,-27.8957],[32.591,-27.891],[32.5912,-27.8863],[32.5918,-27.8815],[32.5926,-27.8768],[32.5935,-27.8721],[32.5943,-27.8674],[32.5948,-27.8627],[32.5954,-27.8579],[32.5965,-27.8532],[32.5968,-27.8482],[32.5973,-27.8432],[32.5985,-27.8382],[32.5996,-27.8332],[32.6004,-27.8282],[32.6004,-27.8235],[32.601,-27.8188],[32.6021,-27.8138],[32.6035,-27.809],[32.6048,-27.8038],[32.606,-27.7988],[32.6062,-27.794],[32.6079,-27.7893],[32.6079,-27.7843],[32.6093,-27.7793],[32.611,-27.7743],[32.6121,-27.7696],[32.6135,-27.7646],[32.6148,-27.7596],[32.6162,-27.7549],[32.6179,-27.7502],[32.6201,-27.7454],[32.6204,-27.7407],[32.6212,-27.7354],[32.6229,-27.7307],[32.624,-27.726],[32.6257,-27.721],[32.6273,-27.7163],[32.6293,-27.7113],[32.631,-27.7066],[32.6332,-27.7016],[32.6354,-27.6971],[32.6376,-27.6924],[32.6396,-27.6876],[32.641,-27.6827],[32.6418,-27.6779],[32.6426,-27.6732],[32.6443,-27.6682],[32.6462,-27.6635],[32.6476,-27.6588],[32.6479,-27.6543],[32.6487,-27.6493],[32.651,-27.6443],[32.6526,-27.6396],[32.6537,-27.6346],[32.6548,-27.6299],[32.6565,-27.6252],[32.6565,-27.6204],[32.6568,-27.6157],[32.6579,-27.611],[32.659,-27.606],[32.659,-27.601],[32.6598,-27.5963],[32.6615,-27.5913],[32.6629,-27.5865],[32.6651,-27.5818],[32.6671,-27.5768],[32.669,-27.5721],[32.6712,-27.5674],[32.6732,-27.5624],[32.6746,-27.5579],[32.6759,-27.5532],[32.6779,-27.5482],[32.6801,-27.5435],[32.6807,-27.5388],[32.6762,-27.5366],[32.6743,-27.5316],[32.674,-27.5265],[32.6743,-27.5221],[32.6746,-27.5174],[32.6751,-27.5124],[32.6765,-27.5077],[32.6776,-27.5027],[32.67822,-27.5]]]},"properties":{"name":"2732D","status":"OPEN","country":"South Africa","area_sqkm":"2048.5609395753","shore_status":"BOTH"}},{"type":"Feature","id":"mps_mapping_block.03c08058-2e50-4368-93f0-d02ce30dc743","geometry":{"type":"Polygon","coordinates":[[[35.00444,-31.0],[35.0,-31.00392],[35.0,-31.0],[35.00444,-31.0]]]},"properties":{"name":"3135","status":"OPEN","country":"South Africa","area_sqkm":"0.0919684909689426","shore_status":"OFFSHORE"}},{"type":"Feature","id":"mps_mapping_block.3a0b597e-8652-4d0a-a2b6-9be8c0d9d17a","geometry":{"type":"Polygon","coordinates":[[[36.44682,-28.0],[36.375,-28.23889],[36.33333,-28.35833],[36.31944,-28.46389],[36.31389,-28.48889],[36.29445,-28.64166],[36.2145,-29.0],[36.0,-29.0],[36.0,-28.0],[36.44682,-28.0]]]},"properties":{"name":"2836","status":"OPEN","country":"South Africa","area_sqkm":"3479.00275913002","shore_status":"OFFSHORE"}},{"type":"Feature","id":"mps_mapping_block.3d76123d-f338-4ddd-a164-45b18438b263","geometry":{"type":"Polygon","coordinates":[[[32.5,-28.5],[33.0,-28.5],[33.0,-29.0],[32.5,-29.0],[32.5,-28.5]]]},"properties":{"name":"2832D","status":"OPEN","country":"South Africa","area_sqkm":"2706.29621204459","shore_status":"OFFSHORE"}},{"type":"Feature","id":"mps_mapping_block.6c497600-4e5f-4a47-bdb8-9b0e7288d30a","geometry":{"type":"Polygon","coordinates":[[[35.0,-28.0],[35.0,-29.0],[34.0,-29.0],[34.0,-28.0],[35.0,-28.0]]]},"properties":{"name":"2834","status":"OPEN","country":"South Africa","area_sqkm":"10850.4251627101","shore_status":"OFFSHORE"}},{"type":"Feature","id":"mps_mapping_block.6eae7e19-70ea-4986-b589-5003775688cc","geometry":{"type":"Polygon","coordinates":[[[32.5,-30.0],[33.0,-30.0],[33.0,-30.5],[32.5,-30.5],[32.5,-30.0]]]},"properties":{"name":"3032B","status":"OPEN","country":"South Africa","area_sqkm":"2667.30458766241","shore_status":"OFFSHORE"}},{"type":"Feature","id":"mps_mapping_block.7b35eb22-8420-4f15-9651-9a7a615cee81","geometry":{"type":"Polygon","coordinates":[[[35.0,-29.0],[35.0,-30.0],[34.0,-30.0],[34.0,-29.0],[35.0,-29.0]]]},"properties":{"name":"2934","status":"OPEN","country":"South Africa","area_sqkm":"10748.0758418541","shore_status":"OFFSHORE"}},{"type":"Feature","id":"mps_mapping_block.80f9dae6-0bea-4d32-93d1-743bff4d42fc","geometry":{"type":"Polygon","coordinates":[[[34.0,-27.05414],[35.0,-27.18214],[35.0,-28.0],[34.0,-28.0],[34.0,-27.05414]]]},"properties":{"name":"2734","status":"OPEN","country":"South Africa","area_sqkm":"9650.6463106297","shore_status":"OFFSHORE"}},{"type":"Feature","id":"mps_mapping_block.91cc8180-7a32-4886-9306-e0c8755abc8b","geometry":{"type":"Polygon","coordinates":[[[36.0,-29.68334],[35.93333,-29.77222],[35.90278,-29.83889],[35.80595,-30.0],[35.0,-30.0],[35.0,-29.0],[36.0,-29.0],[36.0,-29.68334]]]},"properties":{"name":"2935","status":"OPEN","country":"South Africa","area_sqkm":"10403.4654328648","shore_status":"OFFSHORE"}},{"type":"Feature","id":"mps_mapping_block.a1014fbd-9d7b-44af-ad21-f006c363c0fe","geometry":{"type":"Polygon","coordinates":[[[35.0,-31.00392],[34.96666,-31.03333],[34.72222,-31.25278],[34.58055,-31.36389],[34.56111,-31.38055],[34.475,-31.44722],[34.24166,-31.78333],[34.22222,-31.80833],[34.10833,-32.0],[34.0,-32.0],[34.0,-31.0],[35.0,-31.0],[35.0,-31.00392]]]},"properties":{"name":"3134","status":"OPEN","country":"South Africa","area_sqkm":"5190.25063696124","shore_status":"OFFSHORE"}},{"type":"Feature","id":"mps_mapping_block.a29ae427-7728-419b-9107-849044ff6271","geometry":{"type":"Polygon","coordinates":[[[36.0,-27.36048],[36.01143,-27.36828],[36.5081,-27.69894],[36.52799,-27.71284],[36.52777,-27.71389],[36.51389,-27.77777],[36.51112,-27.78611],[36.44682,-28.0],[36.0,-28.0],[36.0,-27.36048]]]},"properties":{"name":"2736","status":"OPEN","country":"South Africa","area_sqkm":"2551.95706404682","shore_status":"OFFSHORE"}},{"type":"Feature","id":"mps_mapping_block.a8a5bbe4-d36f-4ac4-bd12-8d2958da9ee0","geometry":{"type":"Polygon","coordinates":[[[33.0,-26.88496],[33.01788,-26.89013],[33.16954,-26.9353],[33.18154,-26.93786],[33.18738,-26.93911],[33.2338,-26.94891],[33.389,-26.97594],[33.57698,-27.0],[33.0,-27.0],[33.0,-26.88496]]]},"properties":{"name":"2633","status":"OPEN","country":"South Africa","area_sqkm":"298.842568734612","shore_status":"OFFSHORE"}},{"type":"Feature","id":"mps_mapping_block.af61db07-725d-4c73-83a4-e0d2ab042ab1","geometry":{"type":"Polygon","coordinates":[[[33.57698,-27.0],[34.0,-27.05414],[34.0,-28.0],[33.0,-28.0],[33.0,-27.0],[33.57698,-27.0]]]},"properties":{"name":"2733","status":"OPEN","country":"South Africa","area_sqkm":"10828.2948411819","shore_status":"OFFSHORE"}},{"type":"Feature","id":"mps_mapping_block.bce88d83-4a91-4c71-b91a-96f855eadc9a","geometry":{"type":"Polygon","coordinates":[[[35.0,-30.0],[35.0,-31.0],[34.0,-31.0],[34.0,-30.0],[35.0,-30.0]]]},"properties":{"name":"3034","status":"OPEN","country":"South Africa","area_sqkm":"10642.4558223265","shore_status":"OFFSHORE"}},{"type":"Feature","id":"mps_mapping_block.dbde9a2a-e39f-49f7-b00a-e8d0b5375688","geometry":{"type":"Polygon","coordinates":[[[32.5,-29.0],[33.0,-29.0],[33.0,-29.5],[32.5,-29.5],[32.5,-29.0]]]},"properties":{"name":"2932B","status":"OPEN","country":"South Africa","area_sqkm":"2693.50356207614","shore_status":"OFFSHORE"}},{"type":"Feature","id":"mps_mapping_block.e6003568-aa57-4f48-ae43-e017cf4b5b64","geometry":{"type":"Polygon","coordinates":[[[34.0,-30.0],[34.0,-31.0],[33.0,-31.0],[33.0,-30.0],[34.0,-30.0]]]},"properties":{"name":"3033","status":"OPEN","country":"South Africa","area_sqkm":"10642.4558223265","shore_status":"OFFSHORE"}},{"type":"Feature","id":"mps_mapping_block.e7ed1136-1795-45ba-9666-4924497988ea","geometry":{"type":"Polygon","coordinates":[[[34.0,-29.0],[34.0,-30.0],[33.0,-30.0],[33.0,-29.0],[34.0,-29.0]]]},"properties":{"name":"2933","status":"OPEN","country":"South Africa","area_sqkm":"10748.0758418541","shore_status":"OFFSHORE"}},{"type":"Feature","id":"mps_mapping_block.f5b9a4df-fbfe-46ec-9f50-9f79a91c69d8","geometry":{"type":"Polygon","coordinates":[[[33.41698,-33.0],[33.39167,-33.03055],[33.31389,-33.12222],[33.26802,-33.17348],[33.0,-33.47418],[33.0,-33.0],[33.41698,-33.0]]]},"properties":{"name":"3333","status":"OPEN","country":"South Africa","area_sqkm":"1033.73705776667","shore_status":"OFFSHORE"}},{"type":"Feature","id":"mps_mapping_block.9f834a7a-c2a6-417c-8073-6fb43c281061","geometry":{"type":"Polygon","coordinates":[[[34.5,-21.2333],[34.75,-21.2333],[34.75,-21.4167],[34.6167,-21.4167],[34.6167,-21.3833],[34.5,-21.3833],[34.5,-21.2333]]]},"properties":{"name":"PANDA/TEMANE PSA 1","status":"CURRENT","country":"Mozambique","area_sqkm":"481.845765795219","shore_status":"ONSHORE"}},{"type":"Feature","id":"mps_mapping_block.4d5a5257-b06e-493d-9874-b867baf8cb38","geometry":{"type":"Polygon","coordinates":[[[35.40164,-16.13004],[35.4014,-16.13176],[35.40189,-16.1326],[35.40271,-16.13437],[35.40295,-16.13549],[35.40302,-16.13623],[35.40271,-16.13693],[35.40127,-16.13776],[35.4006,-16.13832],[35.39984,-16.13927],[35.39961,-16.14014],[35.39936,-16.14071],[35.39922,-16.14117],[35.39906,-16.14144],[35.3992,-16.14259],[35.39906,-16.14287],[35.39831,-16.14376],[35.39815,-16.14417],[35.39751,-16.14463],[35.39689,-16.14479],[35.39655,-16.14492],[35.39564,-16.14504],[35.39292,-16.14554],[35.39265,-16.14583],[35.3926,-16.14616],[35.39272,-16.14649],[35.39274,-16.14682],[35.39269,-16.14717],[35.39246,-16.14727],[35.39211,-16.14728],[35.39123,-16.14719],[35.39111,-16.14801],[35.39096,-16.14841],[35.39068,-16.14866],[35.39037,-16.14877],[35.38942,-16.14886],[35.38897,-16.1492],[35.38864,-16.14973],[35.38865,-16.15031],[35.38887,-16.15103],[35.38923,-16.15271],[35.38893,-16.15326],[35.38867,-16.15356],[35.38821,-16.15378],[35.38775,-16.15392],[35.38693,-16.15387],[35.38608,-16.15407],[35.38561,-16.15442],[35.38459,-16.15551],[35.38421,-16.15581],[35.384,-16.15592],[35.38374,-16.15622],[35.38358,-16.15621],[35.38354,-16.15633],[35.38337,-16.15628],[35.38314,-16.15578],[35.38307,-16.15571],[35.3827,-16.15556],[35.38218,-16.15555],[35.38167,-16.15537],[35.38103,-16.15534],[35.38028,-16.15558],[35.37946,-16.15514],[35.37886,-16.15475],[35.37848,-16.15434],[35.37849,-16.15425],[35.37867,-16.15399],[35.37871,-16.15361],[35.37865,-16.15355],[35.3775,-16.153],[35.37726,-16.15308],[35.3771,-16.15323],[35.37683,-16.15357],[35.37663,-16.15402],[35.37649,-16.15414],[35.37602,-16.15429],[35.37553,-16.15452],[35.37528,-16.15511],[35.37491,-16.15573],[35.3747,-16.15583],[35.37448,-16.15615],[35.37448,-16.15642],[35.37426,-16.15651],[35.37402,-16.15681],[35.37331,-16.15729],[35.37296,-16.15782],[35.37259,-16.15855],[35.37234,-16.15874],[35.37218,-16.1591],[35.37192,-16.15937],[35.37183,-16.15971],[35.37165,-16.16004],[35.37129,-16.16042],[35.37127,-16.16082],[35.37122,-16.16093],[35.37103,-16.16103],[35.37098,-16.16112],[35.37131,-16.16178],[35.37127,-16.16194],[35.37103,-16.16217],[35.37075,-16.16299],[35.37058,-16.16329],[35.37007,-16.16383],[35.36921,-16.16431],[35.3686,-16.16481],[35.36846,-16.16513],[35.36828,-16.1652],[35.36783,-16.16516],[35.36744,-16.16553],[35.36703,-16.16556],[35.36681,-16.16578],[35.36633,-16.16611],[35.36582,-16.16635],[35.36549,-16.16638],[35.36497,-16.16677],[35.36463,-16.16715],[35.3645,-16.16742],[35.36412,-16.16864],[35.36388,-16.1692],[35.36364,-16.16973],[35.36334,-16.1701],[35.36294,-16.17031],[35.3623,-16.17053],[35.36128,-16.17117],[35.36111,-16.17133],[35.36074,-16.1714],[35.35744,-16.17319],[35.3572,-16.17345],[35.35654,-16.17368],[35.35607,-16.17397],[35.35522,-16.17473],[35.35408,-16.17551],[35.35218,-16.17654],[35.35179,-16.17705],[35.35095,-16.17771],[35.35054,-16.17795],[35.34983,-16.17883],[35.34956,-16.17891],[35.34875,-16.18071],[35.34861,-16.18149],[35.34878,-16.18197],[35.34921,-16.1823],[35.34976,-16.18281],[35.3498,-16.18301],[35.34953,-16.18381],[35.34922,-16.18438],[35.34922,-16.18485],[35.34727,-16.18783],[35.34682,-16.18838],[35.34611,-16.18889],[35.34551,-16.18958],[35.34484,-16.19007],[35.34383,-16.1901],[35.343,-16.19042],[35.34245,-16.1902],[35.34083,-16.19144],[35.33999,-16.19187],[35.3394,-16.1921],[35.33886,-16.19216],[35.33818,-16.19215],[35.33627,-16.1914],[35.33544,-16.19144],[35.33482,-16.19183],[35.33457,-16.19226],[35.33413,-16.19471],[35.33393,-16.19543],[35.33325,-16.19646],[35.33278,-16.19689],[35.33241,-16.19717],[35.33133,-16.19733],[35.33034,-16.19793],[35.3295,-16.19828],[35.32856,-16.1988],[35.32779,-16.19907],[35.3261,-16.19964],[35.32518,-16.19988],[35.32452,-16.20017],[35.32402,-16.20017],[35.32348,-16.20038],[35.32206,-16.20151],[35.32179,-16.202],[35.32117,-16.20336],[35.32055,-16.20395],[35.32001,-16.20431],[35.31953,-16.2049],[35.31912,-16.20519],[35.31875,-16.20519],[35.31851,-16.20533],[35.31817,-16.20539],[35.31759,-16.20538],[35.31656,-16.20601],[35.316,-16.20645],[35.31576,-16.2067],[35.31359,-16.20743],[35.3125,-16.20909],[35.31228,-16.20969],[35.31143,-16.21099],[35.31095,-16.21152],[35.31086,-16.2117],[35.31043,-16.21213],[35.30994,-16.21228],[35.30965,-16.21252],[35.30937,-16.21301],[35.30936,-16.21318],[35.30902,-16.21371],[35.30844,-16.21498],[35.30798,-16.21574],[35.30783,-16.21621],[35.30761,-16.21728],[35.30759,-16.21759],[35.30765,-16.21816],[35.30767,-16.21826],[35.30788,-16.21873],[35.30804,-16.21985],[35.30833,-16.22077],[35.30838,-16.22149],[35.30822,-16.22217],[35.30792,-16.223],[35.30782,-16.22384],[35.30771,-16.22431],[35.30745,-16.22479],[35.30711,-16.22527],[35.30588,-16.22671],[35.30523,-16.22734],[35.30504,-16.22761],[35.30466,-16.22795],[35.30379,-16.22837],[35.30331,-16.22839],[35.30267,-16.22879],[35.30243,-16.22888],[35.30189,-16.2288],[35.30078,-16.22909],[35.30052,-16.22883],[35.29902,-16.22936],[35.29846,-16.2295],[35.29793,-16.2294],[35.2973,-16.22943],[35.29674,-16.23137],[35.29616,-16.23189],[35.29607,-16.2321],[35.29616,-16.23253],[35.29609,-16.23281],[35.29574,-16.23351],[35.29584,-16.23488],[35.29599,-16.2351],[35.29603,-16.23566],[35.29614,-16.23624],[35.29636,-16.23662],[35.29661,-16.23746],[35.29646,-16.2381],[35.29662,-16.23838],[35.29672,-16.23887],[35.29662,-16.23931],[35.29632,-16.24018],[35.2961,-16.24062],[35.29551,-16.24139],[35.29395,-16.24159],[35.29319,-16.24202],[35.29311,-16.24278],[35.2931,-16.24373],[35.29281,-16.24802],[35.29284,-16.24838],[35.29308,-16.24903],[35.29313,-16.24964],[35.29325,-16.24986],[35.29348,-16.24992],[35.29363,-16.25023],[35.29377,-16.25068],[35.29404,-16.25219],[35.29427,-16.25298],[35.29459,-16.25435],[35.29577,-16.25645],[35.29656,-16.25747],[35.29705,-16.2586],[35.29765,-16.25915],[35.29813,-16.26075],[35.29886,-16.26167],[35.29901,-16.26202],[35.29909,-16.26418],[35.29917,-16.26494],[35.29914,-16.26556],[35.29871,-16.26676],[35.29828,-16.26725],[35.29797,-16.26775],[35.29785,-16.26831],[35.29788,-16.26898],[35.29783,-16.26927],[35.29754,-16.26961],[35.29676,-16.27168],[35.29562,-16.27316],[35.29479,-16.27359],[35.29456,-16.27377],[35.29435,-16.27506],[35.29413,-16.27591],[35.2938,-16.2766],[35.29383,-16.27733],[35.29384,-16.27755],[35.29374,-16.27822],[35.29381,-16.27881],[35.29396,-16.27932],[35.29396,-16.27988],[35.29403,-16.2802],[35.29441,-16.28504],[35.29403,-16.28547],[35.29328,-16.28646],[35.29347,-16.28691],[35.29345,-16.28708],[35.29323,-16.28745],[35.29307,-16.28758],[35.29291,-16.28764],[35.29256,-16.2882],[35.29246,-16.28844],[35.2922,-16.28858],[35.29191,-16.28897],[35.29147,-16.28937],[35.29088,-16.2902],[35.28986,-16.29102],[35.28971,-16.29128],[35.28956,-16.29173],[35.28938,-16.29193],[35.28917,-16.29227],[35.28903,-16.29278],[35.28892,-16.29338],[35.28866,-16.29388],[35.2883,-16.29477],[35.28816,-16.29495],[35.28773,-16.2953],[35.28743,-16.29567],[35.28742,-16.2958],[35.28714,-16.29608],[35.28711,-16.2962],[35.28695,-16.29633],[35.2866,-16.29723],[35.28655,-16.2976],[35.28603,-16.29894],[35.28603,-16.29914],[35.28586,-16.29971],[35.28584,-16.30012],[35.28576,-16.30027],[35.28558,-16.30116],[35.2852,-16.30229],[35.28527,-16.30314],[35.28562,-16.30399],[35.28591,-16.30457],[35.28618,-16.30473],[35.28649,-16.30535],[35.28659,-16.30544],[35.28664,-16.30565],[35.28662,-16.30592],[35.28671,-16.30611],[35.28671,-16.30634],[35.28679,-16.30646],[35.2868,-16.30664],[35.28664,-16.30687],[35.28671,-16.30707],[35.28682,-16.30717],[35.28669,-16.30765],[35.28641,-16.3079],[35.28627,-16.30794],[35.28611,-16.3081],[35.28598,-16.30834],[35.28571,-16.3085],[35.28553,-16.30869],[35.28533,-16.3088],[35.28482,-16.30897],[35.28456,-16.30913],[35.28458,-16.30942],[35.28446,-16.30958],[35.28412,-16.30952],[35.284,-16.30958],[35.28398,-16.30973],[35.28371,-16.31001],[35.28374,-16.31039],[35.2835,-16.31061],[35.28355,-16.31108],[35.2835,-16.31114],[35.28355,-16.31127],[35.28348,-16.31134],[35.28353,-16.3114],[35.28348,-16.31148],[35.28364,-16.31223],[35.2836,-16.31274],[35.28338,-16.3133],[35.28331,-16.31375],[35.28321,-16.31381],[35.28321,-16.31391],[35.28297,-16.31426],[35.28283,-16.31428],[35.28282,-16.31466],[35.28276,-16.31474],[35.28257,-16.31484],[35.28246,-16.31506],[35.28204,-16.31539],[35.28204,-16.31547],[35.28195,-16.31551],[35.28194,-16.31568],[35.28139,-16.31603],[35.28131,-16.31629],[35.28125,-16.31676],[35.28101,-16.31734],[35.28101,-16.31754],[35.28066,-16.31824],[35.28019,-16.31843],[35.28013,-16.31856],[35.27933,-16.31897],[35.27874,-16.31945],[35.2785,-16.31976],[35.27838,-16.32011],[35.27831,-16.32077],[35.27817,-16.32101],[35.2782,-16.32188],[35.27855,-16.32292],[35.27859,-16.32387],[35.27859,-16.32439],[35.27837,-16.3253],[35.27833,-16.32581],[35.2785,-16.32633],[35.27945,-16.32733],[35.28006,-16.32776],[35.28084,-16.32811],[35.28162,-16.32824],[35.2824,-16.32828],[35.28324,-16.32862],[35.28375,-16.32891],[35.2847,-16.32962],[35.28527,-16.33021],[35.28552,-16.33065],[35.28567,-16.33103],[35.2859,-16.33201],[35.28623,-16.33238],[35.28631,-16.33264],[35.28645,-16.33282],[35.28659,-16.33309],[35.28683,-16.33328],[35.28704,-16.33353],[35.28705,-16.33387],[35.28717,-16.33398],[35.28713,-16.33429],[35.28722,-16.33437],[35.28732,-16.33459],[35.28735,-16.33487],[35.28754,-16.33543],[35.28807,-16.3363],[35.28847,-16.33726],[35.28885,-16.33753],[35.28927,-16.33764],[35.29147,-16.33928],[35.29251,-16.33986],[35.2929,-16.33989],[35.29349,-16.34009],[35.29371,-16.34023],[35.2943,-16.34033],[35.29466,-16.34044],[35.29528,-16.34088],[35.29588,-16.34111],[35.29649,-16.34125],[35.29751,-16.34123],[35.29786,-16.34106],[35.29801,-16.34133],[35.29803,-16.34168],[35.29828,-16.34217],[35.29849,-16.34243],[35.29872,-16.34253],[35.29905,-16.34279],[35.29918,-16.34302],[35.29961,-16.34336],[35.30003,-16.34388],[35.30035,-16.34397],[35.30064,-16.34426],[35.30108,-16.34453],[35.30172,-16.34485],[35.30232,-16.34546],[35.30262,-16.34556],[35.30287,-16.34572],[35.30272,-16.34593],[35.3027,-16.34616],[35.3024,-16.34667],[35.30236,-16.34698],[35.30195,-16.34751],[35.30182,-16.3478],[35.30161,-16.34794],[35.30148,-16.34811],[35.30127,-16.34822],[35.30117,-16.34839],[35.30104,-16.34845],[35.30088,-16.34869],[35.30083,-16.34886],[35.30062,-16.34895],[35.29993,-16.34978],[35.29958,-16.35052],[35.29924,-16.35154],[35.29879,-16.35209],[35.29875,-16.35229],[35.2986,-16.35244],[35.29848,-16.35301],[35.29783,-16.35401],[35.29763,-16.35439],[35.29759,-16.35457],[35.29718,-16.35484],[35.29697,-16.35552],[35.29675,-16.35597],[35.29677,-16.3562],[35.29667,-16.35625],[35.29664,-16.35666],[35.29659,-16.35675],[35.29617,-16.35729],[35.29608,-16.35756],[35.29574,-16.3577],[35.29535,-16.35841],[35.29492,-16.35902],[35.29483,-16.35909],[35.29475,-16.3593],[35.29485,-16.35951],[35.29477,-16.35985],[35.29454,-16.35981],[35.29419,-16.35981],[35.29394,-16.36037],[35.2938,-16.36052],[35.29362,-16.3607],[35.29354,-16.36091],[35.29347,-16.36142],[35.29291,-16.36258],[35.2928,-16.36263],[35.29278,-16.36285],[35.29252,-16.36343],[35.29241,-16.364],[35.29228,-16.36414],[35.29202,-16.36474],[35.29172,-16.36487],[35.29156,-16.36487],[35.29153,-16.36494],[35.29137,-16.36497],[35.29124,-16.36507],[35.29086,-16.36523],[35.29055,-16.36528],[35.29009,-16.3656],[35.29009,-16.36566],[35.28993,-16.36578],[35.28975,-16.36581],[35.28959,-16.36579],[35.28916,-16.36623],[35.28845,-16.36678],[35.28812,-16.36698],[35.28792,-16.36724],[35.28779,-16.36755],[35.28754,-16.36766],[35.28752,-16.36784],[35.28737,-16.36792],[35.28736,-16.36815],[35.28695,-16.36863],[35.28677,-16.36922],[35.28651,-16.36967],[35.28652,-16.3699],[35.28647,-16.36996],[35.28659,-16.37023],[35.28657,-16.37028],[35.28612,-16.37051],[35.28607,-16.37062],[35.28564,-16.37092],[35.2855,-16.37097],[35.28543,-16.37105],[35.2854,-16.37121],[35.28468,-16.37159],[35.28455,-16.3717],[35.28438,-16.37173],[35.28439,-16.37201],[35.2841,-16.37222],[35.28345,-16.37254],[35.28337,-16.37251],[35.2831,-16.37268],[35.28301,-16.37276],[35.283,-16.37283],[35.28237,-16.37331],[35.28197,-16.37343],[35.28182,-16.37352],[35.28164,-16.37371],[35.28143,-16.37415],[35.28108,-16.37451],[35.28085,-16.37488],[35.27991,-16.37541],[35.27978,-16.37562],[35.2794,-16.37569],[35.27933,-16.37581],[35.27914,-16.37582],[35.27803,-16.37668],[35.27772,-16.37702],[35.27771,-16.37714],[35.27738,-16.37746],[35.27734,-16.37784],[35.27677,-16.37836],[35.27664,-16.37841],[35.27665,-16.37853],[35.27645,-16.37859],[35.276,-16.37914],[35.27558,-16.38018],[35.2753,-16.38056],[35.27525,-16.38079],[35.27503,-16.38111],[35.27483,-16.38155],[35.27413,-16.38252],[35.2737,-16.38292],[35.27368,-16.38299],[35.27343,-16.38318],[35.27329,-16.38321],[35.27311,-16.38316],[35.27287,-16.38323],[35.27279,-16.3835],[35.27252,-16.38385],[35.27204,-16.38411],[35.27181,-16.3844],[35.27176,-16.38468],[35.27116,-16.38561],[35.27124,-16.38588],[35.2712,-16.38605],[35.27103,-16.38622],[35.27072,-16.38693],[35.27056,-16.38693],[35.27051,-16.38725],[35.27026,-16.38735],[35.26999,-16.38773],[35.26987,-16.38801],[35.26916,-16.38854],[35.26885,-16.38905],[35.26827,-16.3896],[35.26793,-16.39008],[35.26771,-16.39024],[35.26759,-16.39045],[35.26731,-16.39061],[35.26731,-16.39086],[35.26743,-16.39096],[35.26743,-16.39118],[35.26709,-16.39157],[35.26702,-16.39186],[35.26634,-16.39265],[35.26615,-16.39293],[35.26603,-16.3933],[35.26555,-16.39394],[35.26558,-16.39453],[35.26565,-16.39471],[35.26551,-16.39513],[35.26555,-16.39573],[35.26566,-16.39589],[35.26567,-16.39603],[35.26561,-16.39619],[35.26536,-16.39638],[35.26509,-16.39673],[35.26449,-16.39733],[35.26402,-16.39759],[35.26386,-16.39775],[35.26351,-16.39832],[35.26331,-16.3984],[35.26323,-16.39866],[35.26322,-16.39882],[35.26346,-16.39896],[35.26349,-16.3991],[35.26365,-16.39929],[35.26438,-16.39989],[35.2646,-16.40066],[35.26444,-16.40129],[35.26421,-16.40169],[35.26382,-16.40261],[35.26363,-16.40319],[35.26353,-16.4032],[35.26346,-16.40335],[35.26328,-16.40354],[35.26328,-16.40362],[35.26298,-16.40384],[35.26277,-16.4041],[35.26286,-16.40486],[35.26315,-16.40535],[35.2632,-16.40578],[35.26326,-16.40588],[35.2633,-16.40609],[35.26349,-16.40638],[35.26354,-16.40691],[35.26366,-16.40722],[35.26274,-16.40822],[35.26264,-16.40827],[35.26218,-16.40959],[35.26215,-16.40986],[35.26226,-16.41],[35.26213,-16.41012],[35.26216,-16.41043],[35.26211,-16.41048],[35.26218,-16.41103],[35.26238,-16.41126],[35.26235,-16.41165],[35.26226,-16.41173],[35.2623,-16.41219],[35.26215,-16.41291],[35.26161,-16.41329],[35.26064,-16.41489],[35.25981,-16.41582],[35.25944,-16.41633],[35.2594,-16.41684],[35.26041,-16.41769],[35.26135,-16.41865],[35.2618,-16.41901],[35.26194,-16.41925],[35.26214,-16.41938],[35.2629,-16.42027],[35.26314,-16.42065],[35.26353,-16.42111],[35.26382,-16.42165],[35.26402,-16.42218],[35.26417,-16.42282],[35.26417,-16.42328],[35.26401,-16.42392],[35.26378,-16.42442],[35.26367,-16.42486],[35.26364,-16.42555],[35.26369,-16.42601],[35.2645,-16.42829],[35.2648,-16.42866],[35.26542,-16.42912],[35.26604,-16.42968],[35.26671,-16.43051],[35.26745,-16.43127],[35.26821,-16.43295],[35.26832,-16.43339],[35.26821,-16.43394],[35.26795,-16.43447],[35.26733,-16.43641],[35.26726,-16.43673],[35.26684,-16.43757],[35.26677,-16.43843],[35.26684,-16.43914],[35.2672,-16.43987],[35.26714,-16.44067],[35.26702,-16.44117],[35.2668,-16.44156],[35.26656,-16.44187],[35.26644,-16.44261],[35.26505,-16.44329],[35.26432,-16.4439],[35.26389,-16.44415],[35.26339,-16.44464],[35.26315,-16.44516],[35.26299,-16.4458],[35.26287,-16.44697],[35.2629,-16.44792],[35.26306,-16.44879],[35.26361,-16.45035],[35.26401,-16.45189],[35.26379,-16.45321],[35.26382,-16.4541],[35.2637,-16.45481],[35.26407,-16.45582],[35.26358,-16.45693],[35.26364,-16.4576],[35.26379,-16.45816],[35.26367,-16.45877],[35.26324,-16.45939],[35.26287,-16.45982],[35.26278,-16.46083],[35.26269,-16.46129],[35.26226,-16.46249],[35.2622,-16.46313],[35.2622,-16.46378],[35.26238,-16.46421],[35.26226,-16.46479],[35.26195,-16.46541],[35.26186,-16.46624],[35.26198,-16.46701],[35.26223,-16.46771],[35.2625,-16.4683],[35.26259,-16.46894],[35.26256,-16.46965],[35.26266,-16.47005],[35.26296,-16.47063],[35.26306,-16.47134],[35.26293,-16.47195],[35.26241,-16.47284],[35.26207,-16.47361],[35.26204,-16.47407],[35.26207,-16.47456],[35.26192,-16.47499],[35.26124,-16.47546],[35.26078,-16.47607],[35.25983,-16.47708],[35.25903,-16.47782],[35.25854,-16.47884],[35.25817,-16.47994],[35.25777,-16.48031],[35.25746,-16.48071],[35.25734,-16.48126],[35.25587,-16.48292],[35.2539,-16.48464],[35.25282,-16.48541],[35.25199,-16.48609],[35.25138,-16.48633],[35.25086,-16.48667],[35.25046,-16.48741],[35.25018,-16.48775],[35.24957,-16.48815],[35.24898,-16.48873],[35.24837,-16.48925],[35.248,-16.48974],[35.24739,-16.49042],[35.2464,-16.49079],[35.24548,-16.49125],[35.24502,-16.49168],[35.24413,-16.49205],[35.24327,-16.49232],[35.24198,-16.49306],[35.24087,-16.4934],[35.23995,-16.49346],[35.2386,-16.49318],[35.23798,-16.49322],[35.23737,-16.49343],[35.23703,-16.49368],[35.2351,-16.49374],[35.23328,-16.49408],[35.23218,-16.49401],[35.22999,-16.49423],[35.22852,-16.49417],[35.22729,-16.49417],[35.22434,-16.49438],[35.22284,-16.49478],[35.22201,-16.49524],[35.22115,-16.49592],[35.22071,-16.4961],[35.2193,-16.49626],[35.21859,-16.4966],[35.21749,-16.49721],[35.21672,-16.49773],[35.21537,-16.49825],[35.21411,-16.49921],[35.21371,-16.49939],[35.21294,-16.49988],[35.21227,-16.50087],[35.21171,-16.50274],[35.21122,-16.50311],[35.21076,-16.50339],[35.21033,-16.50394],[35.21011,-16.50455],[35.20999,-16.50603],[35.20959,-16.50664],[35.20901,-16.5072],[35.20873,-16.50796],[35.20876,-16.50858],[35.20846,-16.51005],[35.20894,-16.51132],[35.20934,-16.5121],[35.21068,-16.51349],[35.21183,-16.51426],[35.2122,-16.515],[35.21211,-16.51554],[35.21195,-16.51604],[35.21159,-16.51638],[35.21104,-16.5167],[35.21062,-16.51675],[35.20906,-16.51738],[35.20764,-16.51775],[35.20714,-16.5178],[35.2063,-16.51809],[35.20591,-16.51813],[35.20516,-16.51803],[35.20348,-16.51751],[35.20171,-16.51673],[35.20032,-16.51634],[35.19938,-16.51618],[35.19819,-16.51624],[35.19717,-16.51648],[35.19586,-16.51698],[35.19469,-16.51721],[35.19334,-16.51754],[35.19196,-16.5178],[35.18951,-16.51812],[35.18854,-16.51838],[35.1876,-16.51887],[35.18695,-16.51912],[35.18645,-16.51951],[35.18518,-16.52061],[35.18438,-16.52151],[35.18356,-16.52252],[35.18309,-16.52294],[35.18168,-16.52393],[35.18039,-16.52452],[35.17975,-16.52466],[35.1791,-16.52517],[35.17799,-16.52544],[35.17711,-16.52689],[35.17614,-16.52825],[35.17663,-16.53155],[35.17799,-16.53544],[35.17828,-16.53816],[35.17721,-16.5401],[35.17488,-16.54194],[35.17158,-16.54398],[35.16905,-16.54525],[35.16672,-16.54583],[35.1641,-16.54709],[35.16109,-16.54903],[35.15736,-16.55244],[35.15524,-16.55355],[35.15395,-16.55367],[35.15285,-16.5537],[35.15192,-16.55373],[35.15034,-16.5542],[35.14917,-16.5548],[35.14659,-16.55658],[35.14562,-16.55745],[35.14456,-16.55897],[35.14391,-16.5607],[35.14345,-16.56234],[35.14407,-16.56407],[35.14578,-16.5657],[35.14854,-16.56674],[35.14972,-16.56738],[35.15108,-16.56854],[35.15177,-16.56955],[35.15196,-16.57031],[35.15175,-16.57119],[35.15124,-16.57199],[35.15066,-16.57261],[35.14967,-16.57298],[35.14663,-16.57328],[35.14539,-16.57349],[35.14486,-16.57418],[35.14495,-16.57481],[35.1455,-16.57551],[35.14581,-16.57607],[35.14621,-16.57702],[35.14676,-16.57779],[35.14734,-16.5785],[35.14848,-16.57923],[35.14968,-16.57985],[35.15097,-16.58062],[35.15192,-16.58141],[35.15226,-16.58221],[35.15235,-16.58332],[35.15223,-16.58443],[35.15223,-16.58544],[35.15254,-16.58661],[35.15306,-16.58759],[35.15367,-16.58836],[35.15604,-16.58953],[35.15635,-16.59023],[35.15641,-16.59125],[35.15595,-16.59226],[35.15521,-16.59515],[35.15505,-16.59721],[35.15533,-16.59924],[35.15558,-16.60056],[35.15613,-16.60185],[35.1569,-16.60292],[35.15779,-16.60372],[35.15856,-16.60467],[35.15902,-16.60566],[35.1596,-16.60833],[35.16012,-16.60965],[35.16089,-16.61005],[35.16185,-16.61027],[35.16267,-16.61014],[35.16366,-16.60947],[35.1644,-16.60867],[35.16538,-16.60812],[35.16658,-16.60772],[35.16802,-16.60744],[35.1703,-16.60686],[35.17134,-16.60707],[35.17226,-16.60775],[35.17257,-16.60836],[35.17257,-16.60913],[35.17198,-16.61008],[35.1714,-16.61079],[35.17033,-16.61343],[35.16971,-16.61438],[35.169,-16.61524],[35.16817,-16.6161],[35.16735,-16.61709],[35.16698,-16.61798],[35.16682,-16.61853],[35.16698,-16.61958],[35.16962,-16.62207],[35.17082,-16.62305],[35.17174,-16.6236],[35.17309,-16.62409],[35.17463,-16.62422],[35.17647,-16.62394],[35.17761,-16.62354],[35.17835,-16.62345],[35.17945,-16.62376],[35.18108,-16.62434],[35.18185,-16.62606],[35.18243,-16.62689],[35.18357,-16.62753],[35.1867,-16.62747],[35.18738,-16.62775],[35.1883,-16.62855],[35.18913,-16.62947],[35.19014,-16.63045],[35.1926,-16.63205],[35.19377,-16.6331],[35.19623,-16.63586],[35.19749,-16.63688],[35.19853,-16.63715],[35.20007,-16.63712],[35.20121,-16.63688],[35.20256,-16.63635],[35.20391,-16.63623],[35.20495,-16.63684],[35.20591,-16.63752],[35.20686,-16.63838],[35.20763,-16.63936],[35.2083,-16.64035],[35.20898,-16.64256],[35.21002,-16.64483],[35.21199,-16.64788],[35.21242,-16.64895],[35.21267,-16.64996],[35.21276,-16.65202],[35.21319,-16.65288],[35.21386,-16.65374],[35.21473,-16.65427],[35.21602,-16.65476],[35.21703,-16.65476],[35.21764,-16.65451],[35.21823,-16.65396],[35.21866,-16.65325],[35.21897,-16.65264],[35.21973,-16.65194],[35.22086,-16.65121],[35.22293,-16.64952],[35.22406,-16.64846],[35.22604,-16.64673],[35.22664,-16.64643],[35.2274,-16.64627],[35.22846,-16.6465],[35.22916,-16.648],[35.22994,-16.64934],[35.23061,-16.65031],[35.2316,-16.6519],[35.2321,-16.65365],[35.233,-16.65634],[35.2333,-16.65796],[35.2331,-16.65922],[35.23243,-16.66033],[35.23167,-16.6613],[35.231,-16.66197],[35.23081,-16.6628],[35.23081,-16.66346],[35.23118,-16.66425],[35.23206,-16.66512],[35.23275,-16.66568],[35.23395,-16.66701],[35.23429,-16.66775],[35.23457,-16.66867],[35.23492,-16.66955],[35.23568,-16.67047],[35.23658,-16.67142],[35.2375,-16.67213],[35.2381,-16.67273],[35.23906,-16.67384],[35.23985,-16.67457],[35.24121,-16.67536],[35.24374,-16.67598],[35.24524,-16.67672],[35.24619,-16.67743],[35.24708,-16.67861],[35.24741,-16.67932],[35.24794,-16.67983],[35.24851,-16.67985],[35.24907,-16.67964],[35.24957,-16.67932],[35.25043,-16.67914],[35.25241,-16.67916],[35.254,-16.67907],[35.25508,-16.67884],[35.25672,-16.67879],[35.25787,-16.67911],[35.25893,-16.67978],[35.25951,-16.68061],[35.25997,-16.6816],[35.26015,-16.68262],[35.26024,-16.68377],[35.26057,-16.68605],[35.26167,-16.6887],[35.26426,-16.69103],[35.26495,-16.69172],[35.2662,-16.69297],[35.26711,-16.69579],[35.26749,-16.69749],[35.2688,-16.69853],[35.27016,-16.69864],[35.27153,-16.69891],[35.27273,-16.69896],[35.27306,-16.69984],[35.27317,-16.70087],[35.27317,-16.70235],[35.27339,-16.7035],[35.2741,-16.70464],[35.27541,-16.70585],[35.27759,-16.70661],[35.28032,-16.70732],[35.283,-16.70781],[35.28797,-16.70972],[35.28863,-16.71032],[35.28879,-16.71142],[35.28879,-16.71311],[35.28896,-16.71584],[35.28863,-16.71814],[35.28666,-16.72262],[35.28607,-16.7249],[35.28533,-16.72632],[35.28438,-16.72733],[35.28321,-16.72867],[35.28186,-16.73133],[35.2815,-16.73231],[35.28157,-16.73399],[35.28177,-16.73474],[35.2823,-16.73557],[35.28293,-16.73607],[35.28361,-16.73646],[35.28539,-16.73734],[35.28731,-16.73823],[35.28872,-16.73857],[35.29003,-16.73882],[35.29314,-16.73916],[35.29376,-16.73935],[35.29427,-16.73959],[35.29451,-16.73994],[35.29446,-16.74039],[35.29411,-16.74067],[35.29329,-16.74076],[35.29236,-16.74096],[35.29144,-16.74134],[35.28641,-16.74497],[35.28555,-16.74571],[35.28501,-16.74647],[35.28484,-16.74678],[35.28478,-16.74712],[35.28478,-16.74739],[35.28491,-16.74788],[35.28513,-16.74831],[35.28605,-16.74976],[35.28635,-16.75022],[35.28751,-16.75271],[35.28819,-16.75388],[35.2889,-16.7548],[35.2896,-16.75542],[35.29323,-16.75763],[35.29406,-16.75846],[35.29483,-16.75938],[35.29562,-16.76036],[35.29642,-16.76153],[35.29685,-16.76304],[35.29682,-16.76408],[35.29719,-16.76771],[35.29722,-16.76854],[35.29673,-16.76958],[35.29581,-16.7709],[35.29443,-16.77225],[35.2936,-16.77297],[35.29252,-16.77364],[35.29135,-16.77447],[35.29028,-16.77551],[35.28896,-16.77717],[35.28791,-16.77837],[35.28727,-16.77947],[35.28713,-16.78004],[35.28709,-16.78044],[35.28713,-16.781],[35.28728,-16.78149],[35.28853,-16.78338],[35.28866,-16.7838],[35.28917,-16.78651],[35.2898,-16.78852],[35.28996,-16.78965],[35.28998,-16.79087],[35.28971,-16.79213],[35.28942,-16.79296],[35.28928,-16.79395],[35.28929,-16.79505],[35.28952,-16.79631],[35.28966,-16.79677],[35.29052,-16.79782],[35.29143,-16.7985],[35.29274,-16.79905],[35.29384,-16.79932],[35.2943,-16.79948],[35.2947,-16.79982],[35.29519,-16.80043],[35.29547,-16.80149],[35.29579,-16.80233],[35.29636,-16.80308],[35.29734,-16.80385],[35.29832,-16.80455],[35.29925,-16.80497],[35.30077,-16.80541],[35.30323,-16.80573],[35.30386,-16.80593],[35.30448,-16.8063],[35.3049,-16.80691],[35.30529,-16.80789],[35.30551,-16.80964],[35.30579,-16.81115],[35.30583,-16.81254],[35.30564,-16.81416],[35.3053,-16.8161],[35.30521,-16.81727],[35.30552,-16.81813],[35.30638,-16.81883],[35.30924,-16.82086],[35.31,-16.82151],[35.3109,-16.82317],[35.31142,-16.82433],[35.31219,-16.82544],[35.31262,-16.82615],[35.31354,-16.82713],[35.31424,-16.82818],[35.31464,-16.82916],[35.31467,-16.83048],[35.31452,-16.83159],[35.31385,-16.83288],[35.31317,-16.8338],[35.31246,-16.83463],[35.31145,-16.83635],[35.31047,-16.83773],[35.30957,-16.83868],[35.30894,-16.83918],[35.30533,-16.84065],[35.30493,-16.8413],[35.30466,-16.84194],[35.30441,-16.84265],[35.30461,-16.84322],[35.30455,-16.84456],[35.30458,-16.84544],[35.30448,-16.84656],[35.30458,-16.8477],[35.30466,-16.84828],[35.30541,-16.85044],[35.30553,-16.8511],[35.30577,-16.8515],[35.30573,-16.85207],[35.30577,-16.85244],[35.30559,-16.85364],[35.30531,-16.85444],[35.30454,-16.85613],[35.30426,-16.85655],[35.3033,-16.85842],[35.30166,-16.86021],[35.30103,-16.86068],[35.30011,-16.86097],[35.29921,-16.86143],[35.2982,-16.8621],[35.29741,-16.86265],[35.29682,-16.8632],[35.29626,-16.86385],[35.29569,-16.86497],[35.29434,-16.86819],[35.29315,-16.87064],[35.29278,-16.87121],[35.29201,-16.87199],[35.29119,-16.87241],[35.28917,-16.8729],[35.28683,-16.87298],[35.28413,-16.8732],[35.28271,-16.87368],[35.28205,-16.87404],[35.28152,-16.87452],[35.28094,-16.87515],[35.28046,-16.87604],[35.27932,-16.87816],[35.27894,-16.87864],[35.27869,-16.87919],[35.27866,-16.8797],[35.27901,-16.88035],[35.27901,-16.88055],[35.27994,-16.88094],[35.28068,-16.88104],[35.28158,-16.88169],[35.28282,-16.88291],[35.28339,-16.88381],[35.28362,-16.88427],[35.28375,-16.88493],[35.28376,-16.886],[35.28353,-16.88655],[35.28318,-16.88703],[35.2826,-16.88731],[35.28231,-16.88753],[35.28201,-16.88769],[35.28183,-16.88787],[35.28024,-16.88868],[35.2796,-16.88912],[35.27829,-16.88969],[35.27578,-16.89057],[35.27481,-16.89103],[35.27225,-16.89247],[35.27134,-16.8929],[35.27094,-16.8933],[35.27064,-16.89368],[35.27058,-16.89418],[35.2707,-16.89466],[35.2709,-16.8951],[35.27121,-16.89553],[35.27246,-16.89658],[35.27338,-16.89711],[35.27436,-16.89749],[35.2756,-16.8978],[35.27652,-16.89781],[35.27973,-16.89685],[35.2813,-16.89627],[35.28192,-16.89617],[35.28238,-16.89618],[35.28292,-16.89628],[35.2833,-16.89644],[35.28393,-16.89711],[35.28442,-16.8981],[35.2848,-16.89925],[35.28503,-16.90077],[35.28503,-16.90151],[35.28489,-16.90185],[35.28485,-16.90232],[35.28458,-16.90358],[35.28415,-16.90472],[35.28355,-16.9058],[35.28275,-16.90681],[35.2823,-16.90722],[35.2809,-16.90827],[35.28043,-16.90869],[35.27974,-16.90946],[35.27937,-16.91029],[35.27903,-16.91142],[35.27859,-16.9125],[35.27831,-16.91287],[35.27793,-16.91323],[35.27557,-16.91465],[35.2748,-16.91534],[35.27391,-16.91655],[35.27366,-16.91725],[35.27316,-16.919],[35.27295,-16.92122],[35.27286,-16.92262],[35.27286,-16.92445],[35.27294,-16.92575],[35.27287,-16.926],[35.27268,-16.9262],[35.27242,-16.9263],[35.27098,-16.92655],[35.26942,-16.92728],[35.26855,-16.9278],[35.26799,-16.92802],[35.26759,-16.92835],[35.26734,-16.92872],[35.26712,-16.92906],[35.26702,-16.92955],[35.26678,-16.92987],[35.26675,-16.9302],[35.2668,-16.9316],[35.2674,-16.93271],[35.26793,-16.9333],[35.26845,-16.93395],[35.26887,-16.93479],[35.27009,-16.93605],[35.27089,-16.93679],[35.27133,-16.93734],[35.27155,-16.93793],[35.27147,-16.93832],[35.27128,-16.93856],[35.27043,-16.93871],[35.27015,-16.93871],[35.26734,-16.93794],[35.26605,-16.93772],[35.26542,-16.93777],[35.26471,-16.93794],[35.26417,-16.9382],[35.26373,-16.93851],[35.26329,-16.93892],[35.26312,-16.93933],[35.2631,-16.93982],[35.26309,-16.94003],[35.2632,-16.94043],[35.26334,-16.94075],[35.26354,-16.94101],[35.26396,-16.94229],[35.26385,-16.94385],[35.26408,-16.94627],[35.26423,-16.94684],[35.26472,-16.9475],[35.26543,-16.94823],[35.26598,-16.94855],[35.26665,-16.94881],[35.26774,-16.94907],[35.26945,-16.94923],[35.27146,-16.94918],[35.27236,-16.94921],[35.27298,-16.94935],[35.27336,-16.94961],[35.27383,-16.95009],[35.27409,-16.95059],[35.27421,-16.9512],[35.27424,-16.95189],[35.27419,-16.95251],[35.27396,-16.9531],[35.27343,-16.95483],[35.2731,-16.95548],[35.2723,-16.95631],[35.27091,-16.95735],[35.26845,-16.95843],[35.26778,-16.95878],[35.26743,-16.95905],[35.26743,-16.95954],[35.26757,-16.95995],[35.26803,-16.96039],[35.26919,-16.96074],[35.27082,-16.96147],[35.27246,-16.96184],[35.27403,-16.96191],[35.27605,-16.96177],[35.27755,-16.9618],[35.27891,-16.96216],[35.27997,-16.96299],[35.28069,-16.96405],[35.28089,-16.96495],[35.28098,-16.96606],[35.28145,-16.96677],[35.28184,-16.96717],[35.28257,-16.96721],[35.2831,-16.9671],[35.28336,-16.96687],[35.28433,-16.9665],[35.28511,-16.96597],[35.28587,-16.96445],[35.28658,-16.96346],[35.28737,-16.96286],[35.28801,-16.96256],[35.28884,-16.96242],[35.28983,-16.96258],[35.29066,-16.96244],[35.29207,-16.9617],[35.29271,-16.96149],[35.29326,-16.96146],[35.29384,-16.96151],[35.2943,-16.96182],[35.29475,-16.96241],[35.29606,-16.96374],[35.29657,-16.96438],[35.29664,-16.96554],[35.29639,-16.96595],[35.29582,-16.96632],[35.29515,-16.96685],[35.29482,-16.96718],[35.29466,-16.96751],[35.29466,-16.96778],[35.29479,-16.96803],[35.29508,-16.96804],[35.29584,-16.96822],[35.29639,-16.96848],[35.29686,-16.96894],[35.29703,-16.96934],[35.29708,-16.96976],[35.29631,-16.97119],[35.29584,-16.9723],[35.29568,-16.97283],[35.2956,-16.97347],[35.29577,-16.97404],[35.29638,-16.97465],[35.29731,-16.97518],[35.29843,-16.97606],[35.29912,-16.97753],[35.29945,-16.97812],[35.29997,-16.97855],[35.30274,-16.97966],[35.30338,-16.98],[35.30403,-16.98045],[35.30443,-16.98089],[35.30486,-16.98156],[35.30502,-16.98293],[35.30472,-16.98465],[35.30452,-16.98536],[35.30403,-16.98649],[35.30243,-16.9891],[35.30208,-16.99089],[35.30213,-16.9921],[35.30262,-16.99399],[35.30303,-16.99492],[35.30305,-16.99596],[35.30244,-16.99718],[35.30146,-16.99846],[35.29973,-17.00005],[35.29638,-17.00232],[35.29508,-17.00341],[35.29396,-17.00458],[35.29328,-17.00538],[35.29294,-17.00624],[35.29275,-17.00723],[35.2929,-17.00799],[35.2932,-17.00892],[35.29384,-17.00999],[35.29472,-17.01105],[35.29562,-17.01245],[35.29624,-17.0136],[35.2967,-17.01419],[35.29702,-17.01514],[35.29722,-17.01621],[35.29727,-17.01753],[35.29707,-17.01984],[35.29665,-17.02202],[35.29603,-17.02397],[35.29491,-17.02641],[35.29375,-17.02861],[35.2928,-17.03085],[35.29214,-17.03265],[35.29195,-17.0336],[35.29195,-17.03453],[35.29233,-17.03523],[35.29287,-17.0355],[35.29333,-17.03561],[35.2938,-17.03604],[35.29447,-17.03721],[35.29492,-17.03822],[35.29527,-17.03944],[35.29563,-17.04017],[35.29624,-17.04105],[35.29776,-17.04299],[35.29862,-17.04395],[35.29952,-17.0448],[35.30061,-17.04568],[35.3012,-17.04639],[35.30154,-17.04696],[35.30172,-17.04807],[35.30168,-17.04898],[35.30139,-17.05009],[35.30082,-17.0513],[35.30014,-17.0522],[35.29817,-17.05441],[35.29738,-17.05584],[35.2971,-17.05688],[35.29693,-17.05785],[35.29726,-17.05925],[35.29748,-17.05991],[35.29833,-17.06075],[35.29968,-17.06148],[35.30039,-17.06172],[35.30128,-17.06188],[35.30192,-17.06186],[35.30281,-17.06163],[35.30726,-17.05998],[35.31036,-17.05847],[35.3115,-17.0584],[35.312,-17.05866],[35.31252,-17.05918],[35.31345,-17.06112],[35.31401,-17.0625],[35.31404,-17.06341],[35.31391,-17.06392],[35.31385,-17.06414],[35.31337,-17.06487],[35.3128,-17.06535],[35.31193,-17.06585],[35.31069,-17.06618],[35.30949,-17.06658],[35.30827,-17.06713],[35.30782,-17.0676],[35.3074,-17.06822],[35.30718,-17.06929],[35.30709,-17.07019],[35.30732,-17.07133],[35.30752,-17.07299],[35.30778,-17.07451],[35.30827,-17.07596],[35.3088,-17.07726],[35.30955,-17.07842],[35.3102,-17.07957],[35.31022,-17.0803],[35.30911,-17.08277],[35.30854,-17.08447],[35.30806,-17.0854],[35.30733,-17.08657],[35.30649,-17.08766],[35.30564,-17.08861],[35.30433,-17.08969],[35.30315,-17.09053],[35.30274,-17.0911],[35.30225,-17.09249],[35.30132,-17.09608],[35.30111,-17.09734],[35.30113,-17.09826],[35.30139,-17.09904],[35.30182,-17.09985],[35.30248,-17.10068],[35.30448,-17.10272],[35.30602,-17.10419],[35.30656,-17.10486],[35.30695,-17.10553],[35.30694,-17.10711],[35.30633,-17.10984],[35.30576,-17.11146],[35.30476,-17.11326],[35.30445,-17.11419],[35.30453,-17.11504],[35.30464,-17.11582],[35.30519,-17.11744],[35.30583,-17.11865],[35.30661,-17.11962],[35.30768,-17.12068],[35.30882,-17.12145],[35.3092,-17.12197],[35.30936,-17.12263],[35.30925,-17.1233],[35.30884,-17.12398],[35.30816,-17.12451],[35.30706,-17.12498],[35.30545,-17.1255],[35.30395,-17.12591],[35.30206,-17.12596],[35.29812,-17.12564],[35.29743,-17.12564],[35.29686,-17.12588],[35.2961,-17.12645],[35.29568,-17.12745],[35.29566,-17.12784],[35.2303,-17.12773],[35.09742,-17.12952],[35.09653,-17.12904],[35.09594,-17.12885],[35.0952,-17.12801],[35.09473,-17.12763],[35.09434,-17.12745],[35.09397,-17.12712],[35.09386,-17.12688],[35.09387,-17.12661],[35.09267,-17.12677],[35.09209,-17.12693],[35.09184,-17.12657],[35.09155,-17.12636],[35.09142,-17.12613],[35.09106,-17.12591],[35.09076,-17.12553],[35.09096,-17.12407],[35.09088,-17.12336],[35.09136,-17.12212],[35.09136,-17.12197],[35.09098,-17.1217],[35.09096,-17.12073],[35.0917,-17.12045],[35.0924,-17.12029],[35.09264,-17.12017],[35.09308,-17.11979],[35.09305,-17.11961],[35.09271,-17.11904],[35.09263,-17.11875],[35.09248,-17.11866],[35.09189,-17.11863],[35.09077,-17.11833],[35.0906,-17.1181],[35.09034,-17.11795],[35.0902,-17.11762],[35.09003,-17.11754],[35.08964,-17.11747],[35.08932,-17.11736],[35.08903,-17.11721],[35.08867,-17.11665],[35.08858,-17.11607],[35.08849,-17.11586],[35.08827,-17.11574],[35.08806,-17.11569],[35.08775,-17.11572],[35.08741,-17.11581],[35.08708,-17.11584],[35.08638,-17.1157],[35.08616,-17.11547],[35.08599,-17.11481],[35.08538,-17.1146],[35.08451,-17.11455],[35.08431,-17.11465],[35.08378,-17.11454],[35.08358,-17.11441],[35.08289,-17.1137],[35.08264,-17.11354],[35.0823,-17.11302],[35.08159,-17.11229],[35.08145,-17.11234],[35.08104,-17.11274],[35.0807,-17.11298],[35.08037,-17.11312],[35.07951,-17.11282],[35.07918,-17.11253],[35.07904,-17.11195],[35.07909,-17.11131],[35.07907,-17.11076],[35.07864,-17.11068],[35.0784,-17.11048],[35.07823,-17.10982],[35.07792,-17.10966],[35.07799,-17.1087],[35.07794,-17.10834],[35.07797,-17.10798],[35.07816,-17.1075],[35.07842,-17.10728],[35.07955,-17.10682],[35.07982,-17.10667],[35.08057,-17.107],[35.0809,-17.10635],[35.08123,-17.10613],[35.08143,-17.10607],[35.08168,-17.1056],[35.08185,-17.10508],[35.08259,-17.10457],[35.08315,-17.10436],[35.08346,-17.10431],[35.08413,-17.10411],[35.08499,-17.10408],[35.08532,-17.10392],[35.08553,-17.10376],[35.08556,-17.10345],[35.08537,-17.10299],[35.08519,-17.10278],[35.0851,-17.10246],[35.08523,-17.10211],[35.08518,-17.10177],[35.08501,-17.10157],[35.08484,-17.10103],[35.08516,-17.09986],[35.08558,-17.09937],[35.08606,-17.09901],[35.08665,-17.09889],[35.08714,-17.09889],[35.08744,-17.09898],[35.08734,-17.09846],[35.08713,-17.09794],[35.08713,-17.09756],[35.08743,-17.09723],[35.08767,-17.0971],[35.0882,-17.09694],[35.0883,-17.09669],[35.08828,-17.09647],[35.08884,-17.09618],[35.0893,-17.09604],[35.08942,-17.09582],[35.08937,-17.09552],[35.08941,-17.09497],[35.08951,-17.09471],[35.08977,-17.09442],[35.08989,-17.09418],[35.09001,-17.09359],[35.08998,-17.09342],[35.09,-17.09312],[35.09078,-17.09255],[35.09142,-17.09225],[35.09226,-17.09266],[35.09264,-17.09268],[35.09308,-17.09276],[35.09323,-17.09287],[35.0932,-17.09339],[35.09379,-17.09424],[35.09376,-17.09503],[35.094,-17.09536],[35.09439,-17.09529],[35.09501,-17.09485],[35.09534,-17.09487],[35.09629,-17.09472],[35.09657,-17.09472],[35.09703,-17.09481],[35.09732,-17.0948],[35.09765,-17.09469],[35.09798,-17.09473],[35.09822,-17.09486],[35.09886,-17.09494],[35.09924,-17.09494],[35.09964,-17.09477],[35.10001,-17.09454],[35.10067,-17.09387],[35.10111,-17.09373],[35.1015,-17.09367],[35.10258,-17.09331],[35.10246,-17.09255],[35.10278,-17.09232],[35.10344,-17.09195],[35.10384,-17.09186],[35.10424,-17.09156],[35.1044,-17.09124],[35.10502,-17.09044],[35.1053,-17.09001],[35.1066,-17.08985],[35.10692,-17.0897],[35.10739,-17.08918],[35.10745,-17.08884],[35.10752,-17.08872],[35.10807,-17.08829],[35.10831,-17.08764],[35.10852,-17.08725],[35.10764,-17.08704],[35.10732,-17.08693],[35.10616,-17.08677],[35.1057,-17.08661],[35.10519,-17.08665],[35.10422,-17.08662],[35.10355,-17.08631],[35.10326,-17.08596],[35.10276,-17.08601],[35.10204,-17.08565],[35.10184,-17.08551],[35.10065,-17.08593],[35.10019,-17.08585],[35.09958,-17.08585],[35.09942,-17.08512],[35.09883,-17.08449],[35.09861,-17.08408],[35.09842,-17.08359],[35.09838,-17.08254],[35.09856,-17.08205],[35.09858,-17.08161],[35.09848,-17.08134],[35.09805,-17.08084],[35.09752,-17.07998],[35.0975,-17.07959],[35.0973,-17.07908],[35.0966,-17.07828],[35.09672,-17.07796],[35.09646,-17.07793],[35.096,-17.07799],[35.09575,-17.07787],[35.09526,-17.07781],[35.09495,-17.07788],[35.09423,-17.07783],[35.09405,-17.07772],[35.09395,-17.07754],[35.09402,-17.07722],[35.094,-17.07683],[35.0934,-17.07588],[35.09318,-17.07569],[35.09295,-17.07569],[35.09268,-17.07581],[35.09245,-17.076],[35.09233,-17.07643],[35.09228,-17.07731],[35.09218,-17.07757],[35.09199,-17.07773],[35.09162,-17.07769],[35.09122,-17.0779],[35.09102,-17.07812],[35.09071,-17.07826],[35.09036,-17.07836],[35.09013,-17.07837],[35.08941,-17.07861],[35.08892,-17.07863],[35.08864,-17.07862],[35.08769,-17.07804],[35.08711,-17.07806],[35.08666,-17.078],[35.08612,-17.07802],[35.08593,-17.07785],[35.08581,-17.07754],[35.08577,-17.07704],[35.08538,-17.07688],[35.0851,-17.07669],[35.08452,-17.07648],[35.08438,-17.07606],[35.08433,-17.07565],[35.08434,-17.07536],[35.08428,-17.07516],[35.08367,-17.07495],[35.08346,-17.07473],[35.08335,-17.07456],[35.08324,-17.07415],[35.08305,-17.07399],[35.08279,-17.07334],[35.08275,-17.07304],[35.08226,-17.07246],[35.08208,-17.07205],[35.08206,-17.07112],[35.08217,-17.07067],[35.08233,-17.07041],[35.08243,-17.07005],[35.08274,-17.06974],[35.08288,-17.06945],[35.08318,-17.06931],[35.08329,-17.06912],[35.0824,-17.06842],[35.08219,-17.06805],[35.08219,-17.06775],[35.08228,-17.06739],[35.08278,-17.06678],[35.08343,-17.06673],[35.08358,-17.06647],[35.08362,-17.06585],[35.08378,-17.0656],[35.0844,-17.06493],[35.08502,-17.06469],[35.08479,-17.06375],[35.08426,-17.0631],[35.08386,-17.06284],[35.08338,-17.06284],[35.08303,-17.06298],[35.08259,-17.0632],[35.08205,-17.06367],[35.08172,-17.0638],[35.0817,-17.06412],[35.0814,-17.06435],[35.08095,-17.06457],[35.08052,-17.0647],[35.08018,-17.06492],[35.07983,-17.06482],[35.07955,-17.06482],[35.07849,-17.06502],[35.07822,-17.065],[35.07807,-17.06529],[35.0775,-17.06569],[35.07727,-17.066],[35.07679,-17.0662],[35.07639,-17.06595],[35.0761,-17.06586],[35.07586,-17.06567],[35.07528,-17.06551],[35.07499,-17.06539],[35.07481,-17.06519],[35.07462,-17.06477],[35.0746,-17.06453],[35.07448,-17.0642],[35.07396,-17.06351],[35.07357,-17.06316],[35.07358,-17.06292],[35.07393,-17.06257],[35.07301,-17.06179],[35.0728,-17.06138],[35.07247,-17.06134],[35.07205,-17.06134],[35.07162,-17.06121],[35.07139,-17.06086],[35.07113,-17.06067],[35.07077,-17.06017],[35.07038,-17.05994],[35.07002,-17.0592],[35.06951,-17.05865],[35.06933,-17.05833],[35.06869,-17.05794],[35.0683,-17.05783],[35.06715,-17.0571],[35.0669,-17.05703],[35.06614,-17.05619],[35.06596,-17.0559],[35.06596,-17.05568],[35.06632,-17.05496],[35.06635,-17.05403],[35.06584,-17.05406],[35.06556,-17.05392],[35.06511,-17.05382],[35.0647,-17.05361],[35.06434,-17.05332],[35.06389,-17.05266],[35.06363,-17.05239],[35.06286,-17.05193],[35.0624,-17.0519],[35.06213,-17.05173],[35.06194,-17.05155],[35.06175,-17.05156],[35.06108,-17.05177],[35.06047,-17.05188],[35.06014,-17.05214],[35.05954,-17.05238],[35.05925,-17.0517],[35.05924,-17.05142],[35.05915,-17.05109],[35.059,-17.05088],[35.05829,-17.0503],[35.05802,-17.05016],[35.05738,-17.04993],[35.05709,-17.04975],[35.05672,-17.04963],[35.05654,-17.0494],[35.05681,-17.04836],[35.05682,-17.04803],[35.05662,-17.04746],[35.05606,-17.04648],[35.0559,-17.0463],[35.0558,-17.04599],[35.05583,-17.04568],[35.05638,-17.0455],[35.05639,-17.04535],[35.05623,-17.04483],[35.05599,-17.04431],[35.05589,-17.04375],[35.05591,-17.0435],[35.05576,-17.04293],[35.05574,-17.04261],[35.05588,-17.04229],[35.0561,-17.04211],[35.05691,-17.04186],[35.05756,-17.04144],[35.05789,-17.04115],[35.05825,-17.04103],[35.05863,-17.04079],[35.05892,-17.04034],[35.05884,-17.04008],[35.05885,-17.03987],[35.05906,-17.03966],[35.05935,-17.03953],[35.05916,-17.03909],[35.05914,-17.03887],[35.05889,-17.03864],[35.05875,-17.03859],[35.05847,-17.03849],[35.05777,-17.03811],[35.05777,-17.038],[35.0582,-17.03745],[35.05833,-17.03716],[35.0588,-17.03652],[35.059,-17.03618],[35.059,-17.03599],[35.05871,-17.0355],[35.05873,-17.03488],[35.05864,-17.0347],[35.05882,-17.03429],[35.05915,-17.03399],[35.05939,-17.03365],[35.05955,-17.03314],[35.05967,-17.03297],[35.06063,-17.03231],[35.06151,-17.03085],[35.06157,-17.03045],[35.06132,-17.03019],[35.06113,-17.03008],[35.06098,-17.02988],[35.06066,-17.0296],[35.06038,-17.02949],[35.06015,-17.02915],[35.06004,-17.02887],[35.05988,-17.02871],[35.05988,-17.02857],[35.06013,-17.02799],[35.0605,-17.02733],[35.06055,-17.02691],[35.06049,-17.02656],[35.06051,-17.02636],[35.06069,-17.02617],[35.0609,-17.02607],[35.06185,-17.02543],[35.06257,-17.02518],[35.06287,-17.02493],[35.06302,-17.02441],[35.06321,-17.02414],[35.06332,-17.02388],[35.06331,-17.02345],[35.06337,-17.02309],[35.06337,-17.02267],[35.06356,-17.02229],[35.06373,-17.02163],[35.06358,-17.02139],[35.0633,-17.02132],[35.06282,-17.02144],[35.06256,-17.02141],[35.06187,-17.02108],[35.06147,-17.02098],[35.06112,-17.02111],[35.06052,-17.02056],[35.06019,-17.0204],[35.05996,-17.01997],[35.05937,-17.01965],[35.05885,-17.01979],[35.0585,-17.01969],[35.05788,-17.01971],[35.05744,-17.01897],[35.05691,-17.01907],[35.05678,-17.0193],[35.05648,-17.01933],[35.05635,-17.01926],[35.05626,-17.01862],[35.05574,-17.01842],[35.05583,-17.0181],[35.05581,-17.01741],[35.05587,-17.01716],[35.05581,-17.01683],[35.05568,-17.01658],[35.05584,-17.01617],[35.05608,-17.01606],[35.05644,-17.0162],[35.05684,-17.01618],[35.05728,-17.01594],[35.05756,-17.01587],[35.05779,-17.01572],[35.05774,-17.01517],[35.05762,-17.01503],[35.05704,-17.01461],[35.05714,-17.01396],[35.05692,-17.01368],[35.05639,-17.01336],[35.05628,-17.01317],[35.05611,-17.01301],[35.05619,-17.01241],[35.05604,-17.0121],[35.05564,-17.01199],[35.05499,-17.01192],[35.05468,-17.01194],[35.05439,-17.01204],[35.05398,-17.01196],[35.05372,-17.01201],[35.05325,-17.01183],[35.0531,-17.01157],[35.05309,-17.01137],[35.05276,-17.01125],[35.05129,-17.01111],[35.05106,-17.01087],[35.05105,-17.01047],[35.05216,-17.01028],[35.05261,-17.01029],[35.0535,-17.01015],[35.05418,-17.00979],[35.05461,-17.01005],[35.05473,-17.0099],[35.05501,-17.00968],[35.05528,-17.00954],[35.05549,-17.00928],[35.05557,-17.00901],[35.05586,-17.00869],[35.05572,-17.00832],[35.05524,-17.00812],[35.05525,-17.0079],[35.05518,-17.00761],[35.05497,-17.00745],[35.05478,-17.00721],[35.05473,-17.00683],[35.0549,-17.00616],[35.05516,-17.00595],[35.05602,-17.006],[35.05648,-17.00567],[35.05698,-17.00571],[35.05721,-17.00565],[35.05737,-17.00552],[35.05835,-17.00516],[35.05873,-17.00454],[35.05949,-17.00377],[35.05925,-17.0034],[35.05884,-17.00306],[35.05862,-17.00277],[35.05875,-17.00225],[35.05892,-17.00193],[35.05897,-17.00154],[35.05894,-17.00119],[35.05899,-17.00033],[35.05923,-17.00016],[35.05956,-17.00002],[35.05977,-16.9998],[35.05992,-16.99938],[35.06035,-16.99901],[35.06037,-16.99878],[35.06081,-16.99832],[35.06115,-16.99831],[35.0616,-16.99822],[35.062,-16.9979],[35.06209,-16.99777],[35.06221,-16.99712],[35.06203,-16.99669],[35.06214,-16.99626],[35.06218,-16.99578],[35.06203,-16.99531],[35.06239,-16.99455],[35.06267,-16.99419],[35.0629,-16.99405],[35.06319,-16.99406],[35.06341,-16.99401],[35.06394,-16.99406],[35.06436,-16.99404],[35.06454,-16.99397],[35.06512,-16.99356],[35.0652,-16.99339],[35.06547,-16.99355],[35.06585,-16.99353],[35.06667,-16.99368],[35.06724,-16.99334],[35.06751,-16.99336],[35.06795,-16.99355],[35.06836,-16.99379],[35.06865,-16.99388],[35.06948,-16.99388],[35.06984,-16.99381],[35.07008,-16.99372],[35.07033,-16.99353],[35.07074,-16.99343],[35.07141,-16.99319],[35.07163,-16.99307],[35.07176,-16.99323],[35.07206,-16.99331],[35.07337,-16.99267],[35.07429,-16.99232],[35.07435,-16.99214],[35.07465,-16.99182],[35.07461,-16.99137],[35.07467,-16.99105],[35.07496,-16.99047],[35.07517,-16.99025],[35.0761,-16.9897],[35.07647,-16.98959],[35.07683,-16.98938],[35.07713,-16.98909],[35.07736,-16.9887],[35.07759,-16.98851],[35.07807,-16.98801],[35.07821,-16.98775],[35.0784,-16.98755],[35.07864,-16.98747],[35.07921,-16.98751],[35.07988,-16.98718],[35.0805,-16.98695],[35.08116,-16.98656],[35.08159,-16.98613],[35.08182,-16.98601],[35.08204,-16.9858],[35.08249,-16.98534],[35.08266,-16.98506],[35.08288,-16.98487],[35.08323,-16.98464],[35.08356,-16.98457],[35.0843,-16.98483],[35.085,-16.98497],[35.08538,-16.98491],[35.08573,-16.98499],[35.08609,-16.98499],[35.08646,-16.98492],[35.08723,-16.98457],[35.08762,-16.985],[35.08774,-16.98524],[35.08788,-16.98571],[35.08856,-16.98611],[35.08885,-16.9862],[35.08953,-16.9861],[35.08994,-16.98594],[35.0902,-16.98598],[35.09079,-16.98577],[35.09175,-16.98619],[35.09215,-16.98626],[35.09271,-16.98646],[35.09294,-16.9866],[35.0936,-16.9873],[35.09385,-16.98698],[35.09456,-16.98637],[35.09529,-16.98616],[35.09552,-16.98606],[35.09599,-16.98553],[35.09618,-16.98539],[35.09651,-16.98527],[35.09686,-16.98529],[35.0969,-16.98482],[35.09754,-16.9838],[35.09829,-16.9831],[35.09819,-16.98284],[35.09825,-16.98263],[35.09848,-16.98226],[35.09873,-16.98206],[35.09936,-16.98195],[35.09954,-16.98185],[35.09985,-16.98181],[35.10026,-16.98188],[35.10054,-16.98177],[35.10072,-16.98159],[35.10125,-16.98129],[35.10229,-16.98087],[35.10259,-16.98062],[35.10285,-16.98005],[35.10294,-16.97973],[35.10342,-16.9796],[35.10379,-16.97958],[35.1043,-16.97946],[35.10442,-16.97932],[35.1052,-16.97891],[35.10527,-16.97869],[35.10553,-16.97854],[35.10586,-16.97845],[35.10714,-16.97846],[35.10764,-16.97835],[35.10852,-16.97751],[35.10932,-16.97717],[35.11019,-16.97705],[35.11055,-16.97647],[35.11091,-16.97615],[35.11118,-16.97601],[35.11175,-16.97591],[35.113,-16.97594],[35.11324,-16.97582],[35.11367,-16.97573],[35.11393,-16.97547],[35.11483,-16.97518],[35.11509,-16.97523],[35.11568,-16.97558],[35.11644,-16.97578],[35.11686,-16.97561],[35.11742,-16.97547],[35.11785,-16.97508],[35.11811,-16.97494],[35.11852,-16.97484],[35.11885,-16.97487],[35.12001,-16.97516],[35.12041,-16.97485],[35.12087,-16.97473],[35.12139,-16.97474],[35.12191,-16.97467],[35.12235,-16.97437],[35.1228,-16.97452],[35.12359,-16.975],[35.1239,-16.97511],[35.12424,-16.9753],[35.12467,-16.97538],[35.12514,-16.97537],[35.12585,-16.97557],[35.12741,-16.97482],[35.12743,-16.97466],[35.12759,-16.97435],[35.1279,-16.97413],[35.12864,-16.974],[35.12906,-16.97384],[35.12959,-16.97377],[35.12974,-16.97342],[35.13019,-16.97286],[35.13075,-16.97256],[35.13106,-16.97271],[35.13133,-16.97268],[35.13222,-16.97243],[35.13279,-16.97222],[35.13305,-16.97203],[35.13339,-16.97195],[35.13409,-16.97159],[35.13455,-16.97153],[35.13497,-16.97139],[35.13543,-16.97131],[35.13596,-16.97074],[35.13619,-16.97042],[35.13718,-16.96988],[35.13738,-16.96972],[35.13753,-16.9694],[35.13827,-16.96882],[35.13816,-16.96857],[35.13807,-16.96796],[35.13775,-16.96759],[35.13768,-16.96728],[35.13763,-16.96687],[35.13789,-16.96583],[35.13813,-16.96566],[35.13877,-16.96535],[35.13918,-16.96533],[35.13975,-16.96466],[35.14086,-16.96374],[35.14113,-16.96359],[35.14158,-16.96321],[35.14184,-16.96293],[35.14213,-16.9629],[35.14252,-16.96278],[35.14294,-16.96251],[35.14298,-16.96217],[35.14286,-16.96174],[35.14248,-16.9614],[35.14222,-16.96126],[35.1416,-16.96105],[35.14008,-16.95998],[35.13975,-16.95979],[35.1393,-16.95979],[35.13913,-16.95961],[35.13891,-16.95926],[35.13853,-16.95831],[35.13832,-16.9581],[35.13826,-16.95793],[35.1382,-16.95743],[35.13832,-16.9571],[35.13851,-16.95688],[35.13879,-16.95683],[35.13901,-16.95663],[35.13929,-16.95624],[35.13953,-16.95603],[35.14006,-16.95579],[35.14034,-16.95557],[35.14053,-16.95534],[35.14065,-16.955],[35.14085,-16.95488],[35.14096,-16.9546],[35.14125,-16.95434],[35.14163,-16.95374],[35.14172,-16.95343],[35.14175,-16.9527],[35.14196,-16.95236],[35.14203,-16.95201],[35.14248,-16.95153],[35.14265,-16.95115],[35.14303,-16.95089],[35.14348,-16.95034],[35.14385,-16.94979],[35.14448,-16.94898],[35.14477,-16.94882],[35.14491,-16.94853],[35.14491,-16.94782],[35.14534,-16.94683],[35.14568,-16.94659],[35.1458,-16.94618],[35.14565,-16.94575],[35.14548,-16.94491],[35.14543,-16.94442],[35.1455,-16.94403],[35.14624,-16.94357],[35.14652,-16.94327],[35.14648,-16.94251],[35.14686,-16.94206],[35.14719,-16.94185],[35.14746,-16.94144],[35.14775,-16.94058],[35.14803,-16.94027],[35.14838,-16.94021],[35.14915,-16.93984],[35.1502,-16.9399],[35.15043,-16.93974],[35.15063,-16.93932],[35.15089,-16.93908],[35.15131,-16.93911],[35.15174,-16.93904],[35.15211,-16.93891],[35.15235,-16.93859],[35.15267,-16.93827],[35.15311,-16.93828],[35.1536,-16.93806],[35.15391,-16.93777],[35.15422,-16.93696],[35.15427,-16.93658],[35.15424,-16.93618],[35.15436,-16.93582],[35.1551,-16.93523],[35.15549,-16.93527],[35.1564,-16.93548],[35.1568,-16.93576],[35.15731,-16.93597],[35.15729,-16.937],[35.15753,-16.9373],[35.15786,-16.93787],[35.15872,-16.93873],[35.15879,-16.93912],[35.15878,-16.93949],[35.1589,-16.94],[35.1589,-16.94046],[35.15931,-16.94118],[35.15938,-16.94154],[35.16026,-16.94175],[35.16128,-16.94232],[35.16335,-16.94214],[35.16379,-16.94206],[35.16414,-16.94191],[35.1651,-16.94142],[35.16573,-16.94034],[35.16602,-16.94008],[35.16642,-16.94008],[35.16683,-16.94018],[35.16719,-16.94049],[35.16754,-16.94068],[35.16802,-16.94072],[35.16835,-16.94044],[35.16854,-16.94013],[35.1688,-16.93989],[35.16945,-16.93949],[35.17037,-16.93877],[35.17087,-16.93827],[35.17152,-16.93787],[35.17161,-16.93754],[35.17164,-16.93723],[35.17147,-16.93699],[35.17118,-16.9368],[35.17087,-16.93668],[35.16961,-16.93566],[35.16902,-16.93525],[35.16876,-16.93494],[35.16842,-16.93466],[35.16807,-16.9342],[35.16792,-16.93382],[35.16788,-16.93349],[35.1679,-16.93263],[35.16804,-16.93223],[35.16811,-16.93144],[35.16804,-16.93102],[35.16792,-16.93064],[35.16777,-16.92877],[35.16773,-16.9284],[35.16776,-16.92799],[35.16785,-16.92757],[35.16788,-16.92626],[35.16778,-16.92497],[35.16778,-16.924],[35.16769,-16.92264],[35.16769,-16.92202],[35.16764,-16.92147],[35.16745,-16.92092],[35.16726,-16.92055],[35.16721,-16.92015],[35.16694,-16.91962],[35.1665,-16.91821],[35.16596,-16.91749],[35.16564,-16.9172],[35.16547,-16.91688],[35.16516,-16.9166],[35.16508,-16.91622],[35.16488,-16.9157],[35.16457,-16.91536],[35.16438,-16.91495],[35.16411,-16.91453],[35.16388,-16.9138],[35.16378,-16.91327],[35.16352,-16.913],[35.163,-16.91217],[35.1629,-16.91178],[35.16267,-16.91146],[35.16267,-16.9111],[35.16244,-16.91072],[35.1623,-16.91013],[35.16144,-16.90874],[35.16121,-16.90801],[35.16114,-16.9076],[35.16086,-16.907],[35.16051,-16.9069],[35.16035,-16.90656],[35.16003,-16.90612],[35.15988,-16.90582],[35.15965,-16.90517],[35.15956,-16.90479],[35.15942,-16.90348],[35.1591,-16.90261],[35.15912,-16.90226],[35.15892,-16.90181],[35.15868,-16.90105],[35.15866,-16.90062],[35.15869,-16.90017],[35.15882,-16.89973],[35.15931,-16.89917],[35.15966,-16.89855],[35.15977,-16.89858],[35.15988,-16.89837],[35.16018,-16.89817],[35.16037,-16.89788],[35.1605,-16.89756],[35.16056,-16.89727],[35.1605,-16.89687],[35.16048,-16.89618],[35.16033,-16.89575],[35.16026,-16.89537],[35.16012,-16.8951],[35.15982,-16.89472],[35.15971,-16.89466],[35.15928,-16.89464],[35.15869,-16.89486],[35.15781,-16.89504],[35.15734,-16.89506],[35.1569,-16.89504],[35.15629,-16.89476],[35.15552,-16.89408],[35.15518,-16.89395],[35.15488,-16.89371],[35.1546,-16.89325],[35.15429,-16.89259],[35.15396,-16.89225],[35.15365,-16.89185],[35.15333,-16.89167],[35.15322,-16.89107],[35.1532,-16.89059],[35.15337,-16.88984],[35.15343,-16.88928],[35.15325,-16.88919],[35.15224,-16.88885],[35.15211,-16.88867],[35.15235,-16.88843],[35.15248,-16.8882],[35.15269,-16.88716],[35.15298,-16.88689],[35.15311,-16.88656],[35.15318,-16.88605],[35.15305,-16.88568],[35.1531,-16.88501],[35.15313,-16.88485],[35.15331,-16.88469],[35.15337,-16.88434],[35.15334,-16.88414],[35.15322,-16.88391],[35.15277,-16.88345],[35.15265,-16.88321],[35.15258,-16.88288],[35.15228,-16.8825],[35.15224,-16.88215],[35.15227,-16.88186],[35.15219,-16.88166],[35.15236,-16.88112],[35.15329,-16.88041],[35.15341,-16.8801],[35.15327,-16.87981],[35.153,-16.87957],[35.15277,-16.87919],[35.15248,-16.87888],[35.15203,-16.8787],[35.15149,-16.87796],[35.15105,-16.87795],[35.15068,-16.87814],[35.15024,-16.87787],[35.14975,-16.87797],[35.14932,-16.87779],[35.14887,-16.87738],[35.14885,-16.87736],[35.14832,-16.87677],[35.14783,-16.8765],[35.14736,-16.876],[35.14708,-16.87591],[35.14684,-16.87561],[35.14686,-16.87534],[35.14703,-16.87483],[35.14673,-16.87468],[35.14655,-16.87439],[35.14654,-16.87415],[35.14624,-16.87395],[35.1467,-16.87336],[35.14695,-16.87314],[35.14713,-16.87304],[35.14739,-16.87273],[35.14783,-16.87293],[35.14823,-16.87306],[35.14854,-16.87303],[35.14868,-16.87292],[35.14843,-16.87257],[35.14846,-16.87229],[35.14858,-16.87191],[35.14886,-16.87017],[35.14898,-16.86993],[35.14916,-16.8693],[35.14959,-16.86921],[35.15022,-16.86927],[35.15066,-16.86902],[35.15086,-16.86872],[35.15114,-16.86849],[35.15123,-16.86832],[35.15127,-16.868],[35.15124,-16.86784],[35.15158,-16.86745],[35.1519,-16.86726],[35.15347,-16.86654],[35.15361,-16.86622],[35.15381,-16.86554],[35.15418,-16.86497],[35.15503,-16.86375],[35.15529,-16.86351],[35.15562,-16.86332],[35.15572,-16.86319],[35.15555,-16.86274],[35.15576,-16.86249],[35.15603,-16.86239],[35.15632,-16.86238],[35.15671,-16.8625],[35.15737,-16.86286],[35.15768,-16.86319],[35.15793,-16.86338],[35.15841,-16.8636],[35.15914,-16.86373],[35.15959,-16.86393],[35.15999,-16.86333],[35.16025,-16.8631],[35.16045,-16.86274],[35.16086,-16.86237],[35.16095,-16.86218],[35.16111,-16.8621],[35.16142,-16.86165],[35.1616,-16.86108],[35.16161,-16.86078],[35.16146,-16.85969],[35.16118,-16.85932],[35.16072,-16.85859],[35.16062,-16.85785],[35.16062,-16.85747],[35.16004,-16.85638],[35.15997,-16.856],[35.15971,-16.85547],[35.1595,-16.85528],[35.15933,-16.85487],[35.15931,-16.85444],[35.15917,-16.85406],[35.15945,-16.85342],[35.15975,-16.85337],[35.16005,-16.85359],[35.16034,-16.85346],[35.16109,-16.85293],[35.16159,-16.85236],[35.16165,-16.85187],[35.16189,-16.85147],[35.1624,-16.85101],[35.16255,-16.85073],[35.16183,-16.85021],[35.16088,-16.84911],[35.16078,-16.84835],[35.16062,-16.84805],[35.16059,-16.8477],[35.16036,-16.8475],[35.15984,-16.8473],[35.1597,-16.84713],[35.15971,-16.84674],[35.15988,-16.84645],[35.16021,-16.84621],[35.16067,-16.84605],[35.16076,-16.84559],[35.16116,-16.84518],[35.16004,-16.84456],[35.15894,-16.84385],[35.15842,-16.84317],[35.15854,-16.84294],[35.15874,-16.84278],[35.15875,-16.84219],[35.15846,-16.84174],[35.15838,-16.84132],[35.15801,-16.84115],[35.15796,-16.84088],[35.15746,-16.83977],[35.15729,-16.83972],[35.15705,-16.8398],[35.1565,-16.8398],[35.15517,-16.83936],[35.15512,-16.83923],[35.15465,-16.83896],[35.15471,-16.83877],[35.15494,-16.83859],[35.15503,-16.83831],[35.15489,-16.83807],[35.155,-16.83774],[35.15484,-16.83685],[35.15441,-16.83648],[35.15339,-16.83579],[35.15294,-16.83567],[35.15276,-16.8355],[35.15262,-16.83512],[35.15243,-16.83498],[35.152,-16.83411],[35.15174,-16.8337],[35.15174,-16.83339],[35.15197,-16.83304],[35.15174,-16.83265],[35.15162,-16.83229],[35.15136,-16.83208],[35.15108,-16.83194],[35.15046,-16.83205],[35.15023,-16.83222],[35.14933,-16.83255],[35.14892,-16.83286],[35.14877,-16.83245],[35.14879,-16.83215],[35.14858,-16.83186],[35.14853,-16.83173],[35.14818,-16.83169],[35.14806,-16.83162],[35.14769,-16.83154],[35.14748,-16.83171],[35.14668,-16.83114],[35.14586,-16.83078],[35.14557,-16.83078],[35.14467,-16.83063],[35.14405,-16.83061],[35.14351,-16.83047],[35.1431,-16.83046],[35.14277,-16.83039],[35.14225,-16.82998],[35.14194,-16.82987],[35.1416,-16.82987],[35.14135,-16.82979],[35.14154,-16.82901],[35.14142,-16.82868],[35.14127,-16.82841],[35.14097,-16.82829],[35.1409,-16.82819],[35.14089,-16.82791],[35.14075,-16.82765],[35.14032,-16.82711],[35.14031,-16.82687],[35.14038,-16.82661],[35.14071,-16.82627],[35.14073,-16.82577],[35.14051,-16.82554],[35.14049,-16.82528],[35.14037,-16.82484],[35.14049,-16.82401],[35.1408,-16.82348],[35.14054,-16.82325],[35.14042,-16.82289],[35.14039,-16.82239],[35.14049,-16.82191],[35.14039,-16.82174],[35.14004,-16.82162],[35.14001,-16.82147],[35.13975,-16.82125],[35.13958,-16.82094],[35.13935,-16.82025],[35.13901,-16.81963],[35.13894,-16.81935],[35.1387,-16.81904],[35.13836,-16.81912],[35.13804,-16.81899],[35.13773,-16.8188],[35.13732,-16.81865],[35.13692,-16.8184],[35.13628,-16.8182],[35.13583,-16.81812],[35.1356,-16.81843],[35.13471,-16.82023],[35.13456,-16.82061],[35.13436,-16.82083],[35.13485,-16.82125],[35.1349,-16.82175],[35.13518,-16.82199],[35.13521,-16.8227],[35.13447,-16.82344],[35.13383,-16.82427],[35.13347,-16.82439],[35.13335,-16.82488],[35.13302,-16.82434],[35.13266,-16.82415],[35.13237,-16.82392],[35.13197,-16.8237],[35.13159,-16.82342],[35.13099,-16.82285],[35.13042,-16.82208],[35.12976,-16.82151],[35.12933,-16.82139],[35.12864,-16.82099],[35.12819,-16.82035],[35.12772,-16.81989],[35.12705,-16.81937],[35.12712,-16.81918],[35.12674,-16.81897],[35.12697,-16.81869],[35.12652,-16.8185],[35.12497,-16.81859],[35.12482,-16.81894],[35.12443,-16.81904],[35.12417,-16.81932],[35.12409,-16.81956],[35.12363,-16.81981],[35.12305,-16.81969],[35.12232,-16.81935],[35.12188,-16.81888],[35.12143,-16.8189],[35.12106,-16.81919],[35.12086,-16.81904],[35.12045,-16.81902],[35.11999,-16.81911],[35.11983,-16.81933],[35.11966,-16.81946],[35.11955,-16.81947],[35.11919,-16.81931],[35.11871,-16.81942],[35.11828,-16.81939],[35.11811,-16.81963],[35.11784,-16.8197],[35.11741,-16.81959],[35.11698,-16.8197],[35.11674,-16.81957],[35.1162,-16.81906],[35.11615,-16.8189],[35.11629,-16.81851],[35.11655,-16.81825],[35.11628,-16.81808],[35.11554,-16.81823],[35.11493,-16.81826],[35.11473,-16.81808],[35.1141,-16.81785],[35.11358,-16.81786],[35.11312,-16.81775],[35.11148,-16.81813],[35.11092,-16.81794],[35.11041,-16.81849],[35.11022,-16.81829],[35.10984,-16.81837],[35.10944,-16.81821],[35.10912,-16.81828],[35.10893,-16.81824],[35.1087,-16.81804],[35.10847,-16.81817],[35.10826,-16.81819],[35.10789,-16.81835],[35.10778,-16.81835],[35.1075,-16.8182],[35.10715,-16.81817],[35.107,-16.81825],[35.10649,-16.81836],[35.10637,-16.81859],[35.10609,-16.81892],[35.10592,-16.81896],[35.10569,-16.81918],[35.10543,-16.8192],[35.10491,-16.81912],[35.10466,-16.81916],[35.10428,-16.81949],[35.10418,-16.81952],[35.10381,-16.81934],[35.1035,-16.81934],[35.10316,-16.81943],[35.10301,-16.81951],[35.10287,-16.81967],[35.10254,-16.8204],[35.10203,-16.82041],[35.10157,-16.82059],[35.10116,-16.82016],[35.10124,-16.81951],[35.10059,-16.81927],[35.10024,-16.81925],[35.09983,-16.81934],[35.09952,-16.81956],[35.09924,-16.82018],[35.09881,-16.82077],[35.09852,-16.82101],[35.09817,-16.82196],[35.09802,-16.82222],[35.09774,-16.82246],[35.09745,-16.82263],[35.09691,-16.82353],[35.09681,-16.82377],[35.0966,-16.82396],[35.09624,-16.82413],[35.09584,-16.82415],[35.09548,-16.82429],[35.09522,-16.82446],[35.09474,-16.82498],[35.09446,-16.82517],[35.09434,-16.82539],[35.09396,-16.82548],[35.09365,-16.82536],[35.09338,-16.82517],[35.09298,-16.82465],[35.09272,-16.82451],[35.09231,-16.82451],[35.09198,-16.8246],[35.09179,-16.82477],[35.09134,-16.82534],[35.09101,-16.82544],[35.09062,-16.82525],[35.09046,-16.82503],[35.09034,-16.82465],[35.09032,-16.82372],[35.09046,-16.82296],[35.09084,-16.82201],[35.09086,-16.8216],[35.09032,-16.82063],[35.0902,-16.82032],[35.08996,-16.81994],[35.08939,-16.81923],[35.08913,-16.8188],[35.08882,-16.81849],[35.08834,-16.81844],[35.08798,-16.81865],[35.08777,-16.81896],[35.08751,-16.8197],[35.08729,-16.82008],[35.08632,-16.82091],[35.08513,-16.8217],[35.08432,-16.82201],[35.08387,-16.82208],[35.08353,-16.8224],[35.08337,-16.82256],[35.08303,-16.82279],[35.08263,-16.82282],[35.0823,-16.82291],[35.08173,-16.82334],[35.08132,-16.82358],[35.08056,-16.82427],[35.07996,-16.82494],[35.07963,-16.82517],[35.07935,-16.82525],[35.07861,-16.8252],[35.07823,-16.82525],[35.07794,-16.82541],[35.07761,-16.82582],[35.07735,-16.82594],[35.07692,-16.82594],[35.07647,-16.82589],[35.07616,-16.82574],[35.07597,-16.82551],[35.07587,-16.82453],[35.07594,-16.82413],[35.07618,-16.82363],[35.07625,-16.82263],[35.07604,-16.82199],[35.07587,-16.8217],[35.07578,-16.82134],[35.07571,-16.82039],[35.07573,-16.81968],[35.07568,-16.81934],[35.07552,-16.81913],[35.07528,-16.81906],[35.07494,-16.81913],[35.07437,-16.81944],[35.07368,-16.81951],[35.07259,-16.81946],[35.07221,-16.81961],[35.07197,-16.81982],[35.07135,-16.82075],[35.07073,-16.82091],[35.07019,-16.8212],[35.06957,-16.82182],[35.06904,-16.82218],[35.06895,-16.82249],[35.06902,-16.82279],[35.06938,-16.82303],[35.06961,-16.82341],[35.06961,-16.82387],[35.06947,-16.8241],[35.06921,-16.82432],[35.06904,-16.82465],[35.06902,-16.82496],[35.06909,-16.82527],[35.06926,-16.82567],[35.06983,-16.82622],[35.07016,-16.82636],[35.07045,-16.8266],[35.07078,-16.82696],[35.07092,-16.82741],[35.07088,-16.82774],[35.07064,-16.8281],[35.06995,-16.82843],[35.06947,-16.82891],[35.06914,-16.82912],[35.06876,-16.82922],[35.06831,-16.8295],[35.06804,-16.82984],[35.06781,-16.83029],[35.06773,-16.83065],[35.06776,-16.83103],[35.06785,-16.83143],[35.06781,-16.83184],[35.06733,-16.83248],[35.067,-16.83274],[35.06676,-16.8331],[35.06657,-16.83398],[35.06638,-16.83429],[35.06576,-16.83467],[35.06507,-16.835],[35.06474,-16.83531],[35.06402,-16.83557],[35.06355,-16.83557],[35.06335,-16.83542],[35.06308,-16.8352],[35.06277,-16.83484],[35.06254,-16.83466],[35.06157,-16.83367],[35.06135,-16.83354],[35.06074,-16.83358],[35.0605,-16.83338],[35.06026,-16.83326],[35.05981,-16.83288],[35.05966,-16.83302],[35.05955,-16.83327],[35.05882,-16.8341],[35.05855,-16.83385],[35.05801,-16.83408],[35.05772,-16.83369],[35.05717,-16.83357],[35.05676,-16.83354],[35.05655,-16.83345],[35.05632,-16.83317],[35.0568,-16.83259],[35.0571,-16.83141],[35.05681,-16.83131],[35.05622,-16.8316],[35.0556,-16.83146],[35.05437,-16.83173],[35.05384,-16.8314],[35.05395,-16.83099],[35.05391,-16.83085],[35.05367,-16.83072],[35.05324,-16.83092],[35.05305,-16.83108],[35.05225,-16.8315],[35.05187,-16.83165],[35.05172,-16.8315],[35.05129,-16.8315],[35.05053,-16.83129],[35.05003,-16.8311],[35.04972,-16.83093],[35.0491,-16.83046],[35.04844,-16.83038],[35.04878,-16.83025],[35.04847,-16.82962],[35.04777,-16.82836],[35.0476,-16.82812],[35.04741,-16.82753],[35.04722,-16.82729],[35.04689,-16.82708],[35.04601,-16.82703],[35.04582,-16.82712],[35.04442,-16.82848],[35.04413,-16.8287],[35.04365,-16.82886],[35.04292,-16.82891],[35.0418,-16.82881],[35.04156,-16.82872],[35.04127,-16.82853],[35.04106,-16.82824],[35.04087,-16.8277],[35.04073,-16.82743],[35.04023,-16.82703],[35.03997,-16.82651],[35.03994,-16.82629],[35.03973,-16.82572],[35.03875,-16.82503],[35.03813,-16.82484],[35.03663,-16.8247],[35.03568,-16.82479],[35.03525,-16.82479],[35.0349,-16.82467],[35.03464,-16.82441],[35.03435,-16.82367],[35.03435,-16.82329],[35.03418,-16.82301],[35.03395,-16.82284],[35.03371,-16.82258],[35.03361,-16.82227],[35.03361,-16.82191],[35.03368,-16.82163],[35.03375,-16.82147],[35.0339,-16.82144],[35.034,-16.82118],[35.03399,-16.82093],[35.03411,-16.82078],[35.03423,-16.82082],[35.03453,-16.82115],[35.03475,-16.82132],[35.03515,-16.82089],[35.03709,-16.82096],[35.03684,-16.82027],[35.03627,-16.82018],[35.03617,-16.82006],[35.03623,-16.81983],[35.03623,-16.81952],[35.0363,-16.81938],[35.03599,-16.81901],[35.0357,-16.81853],[35.03614,-16.81807],[35.03593,-16.8179],[35.03592,-16.81776],[35.03613,-16.81761],[35.03584,-16.81741],[35.03578,-16.81711],[35.03581,-16.81697],[35.03615,-16.81646],[35.03603,-16.8163],[35.036,-16.81587],[35.03568,-16.81549],[35.03509,-16.81551],[35.03503,-16.81486],[35.03542,-16.81473],[35.03515,-16.81424],[35.03522,-16.81403],[35.03515,-16.81392],[35.03495,-16.81388],[35.03454,-16.81369],[35.03412,-16.81371],[35.03386,-16.81326],[35.03364,-16.81314],[35.03335,-16.81278],[35.03306,-16.81204],[35.03297,-16.81151],[35.03333,-16.81116],[35.03335,-16.81064],[35.03307,-16.8105],[35.03266,-16.81013],[35.03264,-16.81011],[35.03252,-16.80919],[35.03213,-16.80931],[35.03183,-16.80954],[35.03133,-16.80975],[35.03118,-16.8093],[35.03113,-16.80873],[35.03092,-16.80807],[35.03076,-16.80776],[35.02972,-16.80801],[35.02955,-16.80811],[35.02935,-16.8083],[35.02926,-16.8088],[35.02916,-16.80904],[35.02935,-16.80976],[35.02924,-16.80994],[35.02836,-16.80938],[35.02799,-16.80929],[35.02759,-16.80901],[35.02745,-16.80877],[35.02711,-16.80774],[35.02689,-16.8074],[35.02595,-16.80738],[35.02569,-16.80751],[35.02535,-16.80732],[35.02484,-16.80694],[35.02416,-16.80779],[35.02379,-16.80781],[35.02338,-16.80648],[35.02312,-16.80607],[35.02309,-16.80581],[35.02306,-16.80572],[35.02294,-16.80537],[35.02277,-16.80441],[35.02262,-16.80411],[35.02265,-16.80365],[35.02237,-16.80355],[35.02229,-16.80336],[35.02191,-16.8034],[35.02153,-16.80332],[35.02121,-16.80341],[35.02055,-16.8038],[35.02029,-16.80404],[35.01943,-16.80402],[35.01882,-16.80423],[35.01866,-16.80458],[35.0184,-16.80461],[35.01803,-16.80447],[35.01745,-16.80436],[35.0169,-16.80459],[35.01662,-16.80458],[35.01615,-16.8044],[35.01546,-16.80433],[35.01472,-16.80393],[35.01453,-16.80369],[35.01427,-16.80354],[35.01394,-16.80381],[35.01333,-16.80411],[35.01258,-16.80436],[35.01242,-16.80464],[35.01236,-16.80507],[35.01196,-16.80551],[35.01127,-16.80467],[35.0105,-16.80422],[35.01013,-16.80407],[35.00987,-16.80378],[35.00932,-16.80333],[35.00892,-16.80275],[35.00859,-16.80239],[35.0081,-16.80273],[35.00767,-16.80322],[35.0074,-16.80341],[35.00715,-16.80352],[35.00676,-16.80356],[35.0066,-16.8035],[35.00648,-16.80335],[35.00634,-16.80231],[35.00643,-16.80212],[35.00624,-16.80205],[35.00577,-16.80135],[35.00578,-16.80104],[35.00555,-16.80095],[35.00544,-16.80079],[35.00517,-16.80057],[35.00503,-16.8002],[35.00464,-16.79976],[35.00421,-16.79959],[35.00428,-16.79929],[35.00428,-16.79908],[35.00415,-16.7984],[35.00419,-16.79802],[35.00386,-16.79759],[35.00391,-16.79739],[35.00387,-16.79721],[35.00366,-16.79679],[35.00377,-16.79645],[35.00373,-16.79626],[35.00374,-16.79585],[35.00388,-16.79573],[35.00378,-16.79559],[35.00383,-16.79544],[35.00377,-16.79505],[35.00384,-16.79495],[35.00359,-16.79451],[35.00321,-16.79453],[35.00258,-16.79484],[35.0022,-16.79496],[35.00157,-16.7946],[35.00092,-16.79438],[35.00073,-16.79417],[35.00062,-16.79396],[35.00049,-16.79353],[35.00002,-16.79297],[34.99944,-16.79291],[34.99914,-16.79297],[34.99854,-16.79361],[34.99878,-16.79409],[34.99869,-16.79431],[34.99847,-16.79447],[34.99767,-16.79423],[34.99727,-16.79381],[34.99705,-16.79364],[34.99685,-16.79355],[34.9962,-16.79361],[34.99539,-16.79328],[34.99488,-16.79357],[34.99448,-16.79318],[34.99449,-16.79243],[34.99415,-16.79242],[34.99383,-16.79233],[34.99386,-16.79151],[34.99401,-16.79015],[34.99424,-16.78938],[34.99374,-16.78921],[34.99296,-16.78888],[34.9925,-16.78917],[34.99147,-16.78912],[34.99097,-16.78927],[34.99044,-16.78928],[34.99009,-16.78901],[34.98997,-16.78791],[34.99028,-16.7872],[34.99035,-16.78682],[34.99066,-16.78598],[34.99066,-16.78544],[34.9908,-16.78487],[34.99119,-16.78428],[34.99184,-16.7837],[34.99287,-16.78311],[34.99266,-16.78219],[34.993,-16.78093],[34.99273,-16.78048],[34.99267,-16.78031],[34.99303,-16.77911],[34.99337,-16.7787],[34.99347,-16.77831],[34.99325,-16.7777],[34.99326,-16.77744],[34.99345,-16.77713],[34.99383,-16.77594],[34.99486,-16.77577],[34.99469,-16.77501],[34.99402,-16.77444],[34.9939,-16.77393],[34.99446,-16.77292],[34.99408,-16.77268],[34.99292,-16.77171],[34.99277,-16.77144],[34.99238,-16.77119],[34.99153,-16.7705],[34.99119,-16.77032],[34.99115,-16.77023],[34.9908,-16.76997],[34.99062,-16.76959],[34.9896,-16.76858],[34.98925,-16.76807],[34.989,-16.76783],[34.98907,-16.76737],[34.98869,-16.76718],[34.98837,-16.76686],[34.98725,-16.76668],[34.98695,-16.7665],[34.98657,-16.76575],[34.98635,-16.76514],[34.98633,-16.76445],[34.98738,-16.76406],[34.98737,-16.76324],[34.98765,-16.76256],[34.98774,-16.76219],[34.98771,-16.76191],[34.98786,-16.76162],[34.98788,-16.76129],[34.98771,-16.76099],[34.98764,-16.76065],[34.98767,-16.75983],[34.98755,-16.7595],[34.98752,-16.75919],[34.98746,-16.75897],[34.98717,-16.75853],[34.98719,-16.75781],[34.987,-16.75751],[34.98684,-16.75741],[34.98666,-16.75723],[34.98639,-16.75667],[34.9861,-16.75635],[34.98605,-16.75608],[34.98626,-16.75577],[34.98662,-16.75569],[34.98687,-16.7554],[34.9868,-16.75452],[34.98678,-16.75431],[34.98652,-16.75413],[34.98644,-16.7538],[34.98602,-16.75321],[34.98481,-16.75224],[34.98439,-16.75193],[34.98322,-16.75158],[34.98383,-16.75098],[34.98429,-16.75076],[34.98473,-16.75012],[34.98481,-16.74977],[34.98472,-16.74893],[34.9839,-16.749],[34.98333,-16.74922],[34.98291,-16.74922],[34.98207,-16.74934],[34.98162,-16.74946],[34.98134,-16.74959],[34.98103,-16.74963],[34.98055,-16.74955],[34.9802,-16.7497],[34.97927,-16.74994],[34.97896,-16.75017],[34.9785,-16.75039],[34.97819,-16.75048],[34.97794,-16.75038],[34.97755,-16.75035],[34.97668,-16.7505],[34.97641,-16.75063],[34.97595,-16.75053],[34.97569,-16.75054],[34.97551,-16.75042],[34.97552,-16.75018],[34.97539,-16.74979],[34.97438,-16.74952],[34.97378,-16.74919],[34.97327,-16.74929],[34.97286,-16.74958],[34.97214,-16.75035],[34.97166,-16.75058],[34.97136,-16.75037],[34.97091,-16.74996],[34.97095,-16.74985],[34.97086,-16.74963],[34.97081,-16.74884],[34.97065,-16.74858],[34.97065,-16.74808],[34.97041,-16.74781],[34.97023,-16.74674],[34.97008,-16.7462],[34.97039,-16.74487],[34.97046,-16.74403],[34.97039,-16.74365],[34.9702,-16.74341],[34.96975,-16.74339],[34.96939,-16.7432],[34.96906,-16.74294],[34.9688,-16.74261],[34.9687,-16.74194],[34.96837,-16.74039],[34.96823,-16.74001],[34.96775,-16.73941],[34.96741,-16.73917],[34.96694,-16.73932],[34.9662,-16.73935],[34.96577,-16.73932],[34.96534,-16.73913],[34.96502,-16.73912],[34.96437,-16.73942],[34.96387,-16.73951],[34.96373,-16.74071],[34.96341,-16.74102],[34.96302,-16.7413],[34.96279,-16.74131],[34.96261,-16.74196],[34.96232,-16.74201],[34.96213,-16.7423],[34.96216,-16.74295],[34.9618,-16.74349],[34.96089,-16.7434],[34.9606,-16.7435],[34.9604,-16.74359],[34.96036,-16.74391],[34.96022,-16.74426],[34.95992,-16.74421],[34.95957,-16.74432],[34.95872,-16.74444],[34.95827,-16.74463],[34.95776,-16.74499],[34.95657,-16.74484],[34.95617,-16.7445],[34.95576,-16.74438],[34.95523,-16.74365],[34.955,-16.74344],[34.95474,-16.74301],[34.95393,-16.74245],[34.95391,-16.74196],[34.95335,-16.74177],[34.95326,-16.74154],[34.95295,-16.7413],[34.95276,-16.74101],[34.95206,-16.74137],[34.9518,-16.7417],[34.95166,-16.74201],[34.95145,-16.74225],[34.95112,-16.74244],[34.95062,-16.74284],[34.95016,-16.74287],[34.94988,-16.74306],[34.94947,-16.74318],[34.94924,-16.7433],[34.94864,-16.74323],[34.94836,-16.74311],[34.94771,-16.74296],[34.94758,-16.74284],[34.94743,-16.74267],[34.94764,-16.74156],[34.94717,-16.74141],[34.94643,-16.74231],[34.94593,-16.74237],[34.94576,-16.74208],[34.94555,-16.74196],[34.94529,-16.74192],[34.94495,-16.74201],[34.94476,-16.74234],[34.94462,-16.74275],[34.94462,-16.74313],[34.94474,-16.74358],[34.94472,-16.74411],[34.9446,-16.74446],[34.94484,-16.74465],[34.94473,-16.74485],[34.94372,-16.7453],[34.94271,-16.74514],[34.94243,-16.74546],[34.94236,-16.74577],[34.94199,-16.74572],[34.94158,-16.74603],[34.94124,-16.74635],[34.94092,-16.74702],[34.94046,-16.74766],[34.9413,-16.74861],[34.94074,-16.74882],[34.9402,-16.74884],[34.93972,-16.74875],[34.93929,-16.74875],[34.93884,-16.74882],[34.93858,-16.74901],[34.93836,-16.74939],[34.93824,-16.74979],[34.93779,-16.75022],[34.93736,-16.75032],[34.93694,-16.7502],[34.9366,-16.74998],[34.93591,-16.74984],[34.9352,-16.74964],[34.93471,-16.74974],[34.93429,-16.74963],[34.93417,-16.74903],[34.93394,-16.74865],[34.9338,-16.74811],[34.93349,-16.74815],[34.93201,-16.74856],[34.93161,-16.74853],[34.93122,-16.74844],[34.9303,-16.74841],[34.92963,-16.74836],[34.92931,-16.74829],[34.92848,-16.74842],[34.92805,-16.74829],[34.9278,-16.74798],[34.92749,-16.74789],[34.92676,-16.74786],[34.92653,-16.74778],[34.9263,-16.74776],[34.9261,-16.74762],[34.92587,-16.74756],[34.92514,-16.7475],[34.92454,-16.74784],[34.92435,-16.74808],[34.92375,-16.74831],[34.92249,-16.74839],[34.92213,-16.74825],[34.92184,-16.7483],[34.92127,-16.74795],[34.92121,-16.74783],[34.92121,-16.74769],[34.92132,-16.74725],[34.92097,-16.74706],[34.92057,-16.74703],[34.92027,-16.74706],[34.92003,-16.74725],[34.91966,-16.74737],[34.91894,-16.74657],[34.91881,-16.74613],[34.91887,-16.74534],[34.91908,-16.74457],[34.91895,-16.7441],[34.91875,-16.7438],[34.91875,-16.74348],[34.91887,-16.74259],[34.91941,-16.74224],[34.91945,-16.74149],[34.91848,-16.74111],[34.91797,-16.7408],[34.91781,-16.74065],[34.91777,-16.74044],[34.91814,-16.74006],[34.91781,-16.73964],[34.91774,-16.73936],[34.91776,-16.73904],[34.91734,-16.73865],[34.91658,-16.73848],[34.9162,-16.73777],[34.91546,-16.73693],[34.91521,-16.73656],[34.91519,-16.73625],[34.91531,-16.73592],[34.91596,-16.73533],[34.91658,-16.73553],[34.91701,-16.73454],[34.91649,-16.73421],[34.91609,-16.73371],[34.9159,-16.73337],[34.91583,-16.73293],[34.9157,-16.73259],[34.91574,-16.73205],[34.91515,-16.73189],[34.9152,-16.73126],[34.91542,-16.7305],[34.91568,-16.73019],[34.91559,-16.7297],[34.91565,-16.7292],[34.91606,-16.7288],[34.91603,-16.72836],[34.91577,-16.7279],[34.91578,-16.72741],[34.91587,-16.7272],[34.91603,-16.7264],[34.91616,-16.72607],[34.91643,-16.72561],[34.91645,-16.72538],[34.9164,-16.72517],[34.9164,-16.72473],[34.91611,-16.7245],[34.91588,-16.72424],[34.91588,-16.7237],[34.91535,-16.7235],[34.91516,-16.72321],[34.91507,-16.72292],[34.91469,-16.72262],[34.91485,-16.72233],[34.91481,-16.72191],[34.91465,-16.72178],[34.91427,-16.72158],[34.9139,-16.72126],[34.91366,-16.72061],[34.91403,-16.72024],[34.91478,-16.71974],[34.91514,-16.71904],[34.9154,-16.71889],[34.91581,-16.71881],[34.91619,-16.71906],[34.91668,-16.71859],[34.91715,-16.71828],[34.91703,-16.71797],[34.91711,-16.71774],[34.91767,-16.71736],[34.91714,-16.71709],[34.91633,-16.71659],[34.91605,-16.71633],[34.91534,-16.71641],[34.91486,-16.71624],[34.91453,-16.71602],[34.91414,-16.71527],[34.91397,-16.71484],[34.91364,-16.71429],[34.91269,-16.71351],[34.91243,-16.7132],[34.91258,-16.71309],[34.91265,-16.71252],[34.91294,-16.7123],[34.91302,-16.71214],[34.91284,-16.71149],[34.91292,-16.71115],[34.91287,-16.71086],[34.91271,-16.71048],[34.91266,-16.7102],[34.91289,-16.70955],[34.91284,-16.70939],[34.91247,-16.70892],[34.91235,-16.7084],[34.91244,-16.70795],[34.91246,-16.7072],[34.91201,-16.70631],[34.91202,-16.70605],[34.91193,-16.70582],[34.9124,-16.70469],[34.91247,-16.70434],[34.91266,-16.70399],[34.91286,-16.7032],[34.9129,-16.70249],[34.9128,-16.70188],[34.91286,-16.70154],[34.91313,-16.70109],[34.91321,-16.70078],[34.91341,-16.70047],[34.91376,-16.70018],[34.91398,-16.69991],[34.91413,-16.69962],[34.91414,-16.69944],[34.9137,-16.69904],[34.9133,-16.69878],[34.91297,-16.69845],[34.91266,-16.69838],[34.91245,-16.69824],[34.9119,-16.6982],[34.91124,-16.69827],[34.91164,-16.69756],[34.91183,-16.69705],[34.91142,-16.69665],[34.91107,-16.69662],[34.91049,-16.6963],[34.91054,-16.69599],[34.91031,-16.69583],[34.91019,-16.69562],[34.91017,-16.69485],[34.91033,-16.69409],[34.91007,-16.6937],[34.90968,-16.69342],[34.90936,-16.6933],[34.90879,-16.69319],[34.90854,-16.69305],[34.90824,-16.69305],[34.90791,-16.69295],[34.90784,-16.69278],[34.90736,-16.69277],[34.90667,-16.69263],[34.90595,-16.69208],[34.90565,-16.69209],[34.9053,-16.69223],[34.90491,-16.69224],[34.90449,-16.69193],[34.90377,-16.6919],[34.90304,-16.69227],[34.90278,-16.69248],[34.90227,-16.69234],[34.9018,-16.69231],[34.90142,-16.69219],[34.90101,-16.69211],[34.9003,-16.69166],[34.89996,-16.69154],[34.89966,-16.69152],[34.89935,-16.69138],[34.89912,-16.69098],[34.89861,-16.69069],[34.89814,-16.69056],[34.89775,-16.69031],[34.89671,-16.68994],[34.89632,-16.68971],[34.89604,-16.68962],[34.89571,-16.68962],[34.8954,-16.68952],[34.89497,-16.68895],[34.89478,-16.68881],[34.89449,-16.68879],[34.8941,-16.68889],[34.89375,-16.68889],[34.89279,-16.6886],[34.89233,-16.68836],[34.89201,-16.68801],[34.89172,-16.68775],[34.89146,-16.68765],[34.89085,-16.687],[34.89061,-16.68695],[34.89033,-16.68693],[34.88926,-16.687],[34.8884,-16.68721],[34.88801,-16.68737],[34.88752,-16.6874],[34.88704,-16.68782],[34.88694,-16.68819],[34.88698,-16.68873],[34.88649,-16.68931],[34.88637,-16.68935],[34.88617,-16.68932],[34.88605,-16.68935],[34.88581,-16.68933],[34.88531,-16.68925],[34.88482,-16.68875],[34.88463,-16.68861],[34.8843,-16.68847],[34.88407,-16.68855],[34.88369,-16.68852],[34.88345,-16.68858],[34.88331,-16.68862],[34.88321,-16.68876],[34.88298,-16.68865],[34.88268,-16.68863],[34.88263,-16.68885],[34.88229,-16.68901],[34.88193,-16.68912],[34.88074,-16.68916],[34.88033,-16.68909],[34.88005,-16.68885],[34.87986,-16.68824],[34.87981,-16.68757],[34.87969,-16.68724],[34.8795,-16.68702],[34.87855,-16.68643],[34.87836,-16.68621],[34.87805,-16.68598],[34.87774,-16.68588],[34.87738,-16.68589],[34.87732,-16.68571],[34.87719,-16.68558],[34.87714,-16.68522],[34.87701,-16.68492],[34.87678,-16.6846],[34.87654,-16.68434],[34.8758,-16.68391],[34.87566,-16.68378],[34.87577,-16.68331],[34.87557,-16.68297],[34.87457,-16.68248],[34.87427,-16.68223],[34.8741,-16.68191],[34.8741,-16.68179],[34.87399,-16.68155],[34.8732,-16.68045],[34.87294,-16.68016],[34.8723,-16.67977],[34.87201,-16.67965],[34.87077,-16.67965],[34.87048,-16.67972],[34.87024,-16.67991],[34.87013,-16.68026],[34.86998,-16.68048],[34.86975,-16.68072],[34.86928,-16.6809],[34.86913,-16.68078],[34.86882,-16.68038],[34.8686,-16.68023],[34.86771,-16.68],[34.86765,-16.67994],[34.8677,-16.67978],[34.86767,-16.6795],[34.86798,-16.67865],[34.86808,-16.67824],[34.86826,-16.67792],[34.86868,-16.67764],[34.86863,-16.67735],[34.86842,-16.67717],[34.86828,-16.67709],[34.86804,-16.67722],[34.8679,-16.67717],[34.86779,-16.67723],[34.86728,-16.67692],[34.86675,-16.67699],[34.86627,-16.67687],[34.86599,-16.67715],[34.86572,-16.67719],[34.86545,-16.67748],[34.86509,-16.67774],[34.86449,-16.67755],[34.86394,-16.67793],[34.86361,-16.67803],[34.86311,-16.67849],[34.86273,-16.67858],[34.86235,-16.67791],[34.86253,-16.67735],[34.86256,-16.6771],[34.8623,-16.67692],[34.86155,-16.67685],[34.86139,-16.67702],[34.86087,-16.67689],[34.86066,-16.6767],[34.8604,-16.67665],[34.86013,-16.67651],[34.85992,-16.67658],[34.85961,-16.67661],[34.85943,-16.67626],[34.8591,-16.67618],[34.85847,-16.67613],[34.85825,-16.6759],[34.85833,-16.67561],[34.85816,-16.67541],[34.85821,-16.67482],[34.85778,-16.67453],[34.85759,-16.67384],[34.85754,-16.67344],[34.85709,-16.67251],[34.85675,-16.67227],[34.85654,-16.67194],[34.85644,-16.67156],[34.85651,-16.67099],[34.85659,-16.67073],[34.85622,-16.67062],[34.85637,-16.67009],[34.85622,-16.66981],[34.85651,-16.6696],[34.85616,-16.66942],[34.85585,-16.66915],[34.85617,-16.66884],[34.85634,-16.66852],[34.85587,-16.668],[34.856,-16.66759],[34.85589,-16.66726],[34.85601,-16.66707],[34.85641,-16.66665],[34.85693,-16.6658],[34.85696,-16.66549],[34.8571,-16.66511],[34.8563,-16.66501],[34.85633,-16.6646],[34.85619,-16.66454],[34.85599,-16.66428],[34.85578,-16.66409],[34.85571,-16.66385],[34.85588,-16.66364],[34.85602,-16.66332],[34.85682,-16.66331],[34.85682,-16.66287],[34.85671,-16.66241],[34.85654,-16.66206],[34.85654,-16.66167],[34.8566,-16.66143],[34.85694,-16.66121],[34.8571,-16.66103],[34.85732,-16.66065],[34.85747,-16.66023],[34.85756,-16.65985],[34.85738,-16.65949],[34.85742,-16.65907],[34.85675,-16.65911],[34.85656,-16.65888],[34.85613,-16.65875],[34.85609,-16.65816],[34.85601,-16.65798],[34.85612,-16.6577],[34.85574,-16.65761],[34.85513,-16.65722],[34.85459,-16.65706],[34.85265,-16.65704],[34.85261,-16.65734],[34.85241,-16.65697],[34.85238,-16.65686],[34.8523,-16.65648],[34.85226,-16.6551],[34.85236,-16.65452],[34.85265,-16.6542],[34.85286,-16.65403],[34.85298,-16.65377],[34.85299,-16.65345],[34.85316,-16.6532],[34.85307,-16.65309],[34.85295,-16.65274],[34.8534,-16.65172],[34.85342,-16.65159],[34.85374,-16.65124],[34.85395,-16.65111],[34.85351,-16.65088],[34.85329,-16.65083],[34.85317,-16.65074],[34.85295,-16.65017],[34.85311,-16.64978],[34.85274,-16.64964],[34.85262,-16.64953],[34.85253,-16.64924],[34.85244,-16.64912],[34.85239,-16.64844],[34.85227,-16.64815],[34.85218,-16.64749],[34.8523,-16.64723],[34.85274,-16.64686],[34.85286,-16.64666],[34.85281,-16.6462],[34.85268,-16.64585],[34.85276,-16.6456],[34.85276,-16.64537],[34.85263,-16.64524],[34.85242,-16.64513],[34.85207,-16.64471],[34.85219,-16.64415],[34.85208,-16.64384],[34.85213,-16.64351],[34.85226,-16.64332],[34.85286,-16.64328],[34.8532,-16.64317],[34.85358,-16.64314],[34.85386,-16.64301],[34.85379,-16.64243],[34.85391,-16.64208],[34.85413,-16.64169],[34.85376,-16.64155],[34.85324,-16.64124],[34.85307,-16.64088],[34.85293,-16.64071],[34.85233,-16.64071],[34.85229,-16.64039],[34.85215,-16.63993],[34.85204,-16.63936],[34.85202,-16.63839],[34.85222,-16.63782],[34.85276,-16.6372],[34.85357,-16.63591],[34.85387,-16.63559],[34.85449,-16.63537],[34.85382,-16.63473],[34.85262,-16.63396],[34.85221,-16.63323],[34.85213,-16.63312],[34.85181,-16.6327],[34.85171,-16.63246],[34.85173,-16.63205],[34.85157,-16.63133],[34.85156,-16.63108],[34.85135,-16.63091],[34.85133,-16.63062],[34.85114,-16.63053],[34.84981,-16.63036],[34.84951,-16.63011],[34.84908,-16.62996],[34.84895,-16.62933],[34.84876,-16.62883],[34.84865,-16.62838],[34.84862,-16.62822],[34.84866,-16.62793],[34.84812,-16.62737],[34.84796,-16.62714],[34.84851,-16.62656],[34.84831,-16.6262],[34.84847,-16.62588],[34.84841,-16.62552],[34.84852,-16.62534],[34.84878,-16.6252],[34.84912,-16.6251],[34.84974,-16.62505],[34.84985,-16.62485],[34.84982,-16.62425],[34.84987,-16.62381],[34.85001,-16.62354],[34.85,-16.62283],[34.85005,-16.62208],[34.85021,-16.62155],[34.85033,-16.62088],[34.85011,-16.62043],[34.84995,-16.62026],[34.84961,-16.62016],[34.84918,-16.61963],[34.84879,-16.61955],[34.84856,-16.61966],[34.84827,-16.61961],[34.84812,-16.61928],[34.84705,-16.61905],[34.84682,-16.61895],[34.84586,-16.61892],[34.8455,-16.61881],[34.84494,-16.61885],[34.84469,-16.61874],[34.84449,-16.61851],[34.84467,-16.61846],[34.84477,-16.6183],[34.84464,-16.61768],[34.84477,-16.61738],[34.8448,-16.61698],[34.84455,-16.61675],[34.84451,-16.61646],[34.84426,-16.61594],[34.84402,-16.6153],[34.84389,-16.61409],[34.84377,-16.61397],[34.84315,-16.61385],[34.84244,-16.61319],[34.84192,-16.61289],[34.84178,-16.61262],[34.84144,-16.61218],[34.84138,-16.6115],[34.84123,-16.61114],[34.84151,-16.6103],[34.84182,-16.60984],[34.84235,-16.60929],[34.84311,-16.60883],[34.84328,-16.60864],[34.84314,-16.6081],[34.84279,-16.60806],[34.84273,-16.60771],[34.84253,-16.60723],[34.84239,-16.60709],[34.84217,-16.60702],[34.84176,-16.60661],[34.84042,-16.60573],[34.84016,-16.60566],[34.83969,-16.60563],[34.83889,-16.60545],[34.83708,-16.60541],[34.83678,-16.60536],[34.83678,-16.60504],[34.83715,-16.60447],[34.83734,-16.6043],[34.83748,-16.60404],[34.83759,-16.60359],[34.83774,-16.60327],[34.83739,-16.60288],[34.83687,-16.60258],[34.8365,-16.60224],[34.83634,-16.60202],[34.8358,-16.60163],[34.83555,-16.60152],[34.83525,-16.60159],[34.83459,-16.60155],[34.83355,-16.60113],[34.83332,-16.60099],[34.83318,-16.60081],[34.83298,-16.60065],[34.8328,-16.60062],[34.83218,-16.6009],[34.83168,-16.6014],[34.83146,-16.60143],[34.8313,-16.60162],[34.83121,-16.60185],[34.8311,-16.60234],[34.83058,-16.60285],[34.8304,-16.60319],[34.83013,-16.60338],[34.82987,-16.60457],[34.82947,-16.60473],[34.82931,-16.60534],[34.82918,-16.60561],[34.82922,-16.60594],[34.82908,-16.60617],[34.82868,-16.60641],[34.828,-16.60706],[34.8277,-16.60755],[34.82763,-16.60776],[34.82733,-16.60773],[34.82668,-16.60752],[34.82638,-16.60732],[34.82558,-16.60694],[34.82525,-16.60706],[34.82493,-16.60732],[34.82453,-16.60728],[34.82435,-16.60702],[34.8241,-16.60695],[34.82392,-16.60675],[34.82368,-16.60664],[34.82325,-16.60663],[34.82333,-16.60638],[34.82322,-16.60618],[34.82329,-16.60576],[34.82343,-16.60553],[34.82401,-16.60544],[34.82406,-16.60521],[34.82367,-16.60474],[34.82274,-16.60423],[34.82254,-16.60406],[34.82231,-16.60397],[34.82199,-16.60391],[34.82156,-16.60371],[34.82056,-16.60341],[34.82029,-16.60343],[34.82011,-16.6035],[34.81968,-16.60407],[34.81962,-16.60423],[34.81923,-16.60461],[34.81908,-16.60486],[34.81892,-16.605],[34.81853,-16.6052],[34.81778,-16.60541],[34.81749,-16.60528],[34.8173,-16.60538],[34.81704,-16.60512],[34.81693,-16.60515],[34.81676,-16.60536],[34.8166,-16.60509],[34.81617,-16.60488],[34.81589,-16.60484],[34.81562,-16.60495],[34.81529,-16.60482],[34.81504,-16.60456],[34.81499,-16.60427],[34.81458,-16.60383],[34.81415,-16.60388],[34.81364,-16.60387],[34.81347,-16.60394],[34.8133,-16.60382],[34.81329,-16.60351],[34.81339,-16.60328],[34.8132,-16.60296],[34.8134,-16.60228],[34.81305,-16.60197],[34.81281,-16.60167],[34.8127,-16.60138],[34.81317,-16.60113],[34.81327,-16.60027],[34.81212,-16.60008],[34.81168,-16.60024],[34.81135,-16.59987],[34.81136,-16.59968],[34.8115,-16.5993],[34.81146,-16.5991],[34.8115,-16.59847],[34.81132,-16.59824],[34.81082,-16.59792],[34.81059,-16.59767],[34.81043,-16.5974],[34.81034,-16.59715],[34.8105,-16.59698],[34.81011,-16.59662],[34.80914,-16.59656],[34.80894,-16.59669],[34.80874,-16.59668],[34.80854,-16.59658],[34.80849,-16.59645],[34.80796,-16.59599],[34.80733,-16.59563],[34.80709,-16.5956],[34.80689,-16.59547],[34.80665,-16.59547],[34.80641,-16.59537],[34.8063,-16.59506],[34.80589,-16.59483],[34.80543,-16.59487],[34.80509,-16.59525],[34.80498,-16.59544],[34.80468,-16.59572],[34.80416,-16.59546],[34.80377,-16.59572],[34.80318,-16.59603],[34.80265,-16.59607],[34.80243,-16.59596],[34.80163,-16.59536],[34.80168,-16.5951],[34.8017,-16.59453],[34.80145,-16.59437],[34.80123,-16.59426],[34.80006,-16.59417],[34.79994,-16.59382],[34.79963,-16.59364],[34.79928,-16.59352],[34.79828,-16.59333],[34.79816,-16.59312],[34.79813,-16.59258],[34.79832,-16.59217],[34.79853,-16.59184],[34.79803,-16.59139],[34.7976,-16.59136],[34.79725,-16.59094],[34.79699,-16.59072],[34.79649,-16.59062],[34.79634,-16.59089],[34.79604,-16.59107],[34.79593,-16.59089],[34.79582,-16.5905],[34.79531,-16.59022],[34.79505,-16.59013],[34.79474,-16.5901],[34.79461,-16.58997],[34.79437,-16.58991],[34.79422,-16.58977],[34.79407,-16.58946],[34.79355,-16.58923],[34.793,-16.58914],[34.79276,-16.58906],[34.7927,-16.58894],[34.79274,-16.58758],[34.79289,-16.58697],[34.793,-16.58692],[34.7929,-16.58659],[34.79254,-16.58665],[34.79207,-16.58597],[34.79172,-16.58597],[34.79128,-16.58576],[34.79096,-16.58637],[34.79063,-16.58667],[34.79022,-16.58671],[34.78983,-16.58666],[34.78974,-16.58647],[34.78925,-16.58648],[34.78894,-16.58622],[34.78874,-16.58614],[34.78863,-16.58594],[34.78803,-16.58582],[34.78783,-16.58575],[34.78753,-16.58556],[34.78738,-16.58486],[34.78704,-16.58436],[34.78704,-16.58408],[34.78673,-16.58369],[34.78634,-16.58348],[34.78608,-16.58342],[34.78569,-16.58392],[34.78532,-16.58426],[34.78525,-16.58451],[34.78514,-16.58471],[34.78519,-16.58566],[34.78515,-16.58588],[34.78482,-16.58658],[34.78458,-16.58657],[34.78416,-16.58636],[34.78395,-16.58666],[34.7839,-16.58696],[34.78356,-16.58724],[34.78347,-16.58743],[34.78333,-16.5875],[34.78235,-16.58732],[34.78176,-16.5871],[34.78171,-16.5868],[34.78162,-16.58662],[34.78121,-16.58632],[34.78075,-16.5863],[34.78022,-16.58611],[34.77975,-16.58611],[34.77923,-16.58593],[34.77896,-16.58591],[34.77903,-16.58544],[34.77914,-16.58525],[34.7793,-16.58509],[34.77951,-16.58498],[34.7795,-16.58475],[34.7796,-16.58425],[34.78009,-16.5836],[34.77967,-16.58355],[34.77937,-16.58357],[34.77925,-16.5835],[34.77902,-16.58348],[34.77872,-16.58351],[34.77855,-16.58296],[34.77787,-16.58253],[34.77757,-16.58252],[34.77732,-16.58259],[34.77689,-16.58321],[34.77681,-16.58337],[34.77677,-16.58359],[34.77676,-16.58398],[34.77682,-16.58407],[34.77677,-16.58414],[34.77642,-16.58404],[34.77584,-16.58398],[34.77559,-16.58423],[34.77552,-16.58452],[34.77555,-16.58473],[34.77543,-16.5849],[34.77542,-16.58506],[34.77544,-16.58529],[34.77554,-16.58552],[34.77553,-16.58577],[34.77518,-16.5863],[34.77522,-16.58662],[34.77518,-16.58691],[34.77491,-16.58692],[34.77461,-16.58688],[34.7742,-16.58656],[34.77387,-16.58636],[34.77359,-16.58602],[34.77334,-16.58601],[34.77314,-16.58629],[34.77258,-16.58605],[34.77247,-16.58592],[34.77238,-16.58568],[34.77241,-16.58527],[34.77234,-16.58514],[34.77234,-16.58493],[34.77227,-16.58462],[34.772,-16.58439],[34.77175,-16.58393],[34.77145,-16.5835],[34.77141,-16.58298],[34.77154,-16.58244],[34.77152,-16.58214],[34.77163,-16.58199],[34.77167,-16.58182],[34.77193,-16.58151],[34.77173,-16.58123],[34.77191,-16.5811],[34.77181,-16.58092],[34.77161,-16.58036],[34.77167,-16.57989],[34.77184,-16.57975],[34.77204,-16.57965],[34.77251,-16.57898],[34.7735,-16.57865],[34.7737,-16.57832],[34.77368,-16.57793],[34.77355,-16.5775],[34.77336,-16.57724],[34.77338,-16.57693],[34.7736,-16.57633],[34.77393,-16.57624],[34.77474,-16.57579],[34.77509,-16.57586],[34.7754,-16.57583],[34.77569,-16.57576],[34.77638,-16.57571],[34.77667,-16.5756],[34.77691,-16.57533],[34.77743,-16.57489],[34.77784,-16.57473],[34.77816,-16.5738],[34.77826,-16.57365],[34.77828,-16.57351],[34.77879,-16.57355],[34.77934,-16.57369],[34.78009,-16.57348],[34.78025,-16.57297],[34.77995,-16.57243],[34.78022,-16.57182],[34.7805,-16.57172],[34.78132,-16.57109],[34.78122,-16.57066],[34.78087,-16.56981],[34.78106,-16.56943],[34.78065,-16.56911],[34.7806,-16.56843],[34.78033,-16.56845],[34.77967,-16.56831],[34.77974,-16.56787],[34.77959,-16.56755],[34.77962,-16.56718],[34.77978,-16.56698],[34.77992,-16.56661],[34.77991,-16.56587],[34.7794,-16.56558],[34.77892,-16.56505],[34.7789,-16.56454],[34.77921,-16.5642],[34.77926,-16.56365],[34.77889,-16.56327],[34.77898,-16.56288],[34.77871,-16.56237],[34.77881,-16.56232],[34.77879,-16.562],[34.77892,-16.56187],[34.77897,-16.56176],[34.77931,-16.56165],[34.77914,-16.56119],[34.77927,-16.56078],[34.77901,-16.56022],[34.77888,-16.55983],[34.77857,-16.55944],[34.77818,-16.55918],[34.77804,-16.55891],[34.77805,-16.5586],[34.7782,-16.55835],[34.77835,-16.55773],[34.7788,-16.55723],[34.77843,-16.55668],[34.77838,-16.55623],[34.77826,-16.55587],[34.77819,-16.55494],[34.77805,-16.55427],[34.77767,-16.5541],[34.77754,-16.5539],[34.77734,-16.55277],[34.77736,-16.55191],[34.77723,-16.55157],[34.777,-16.55128],[34.777,-16.55078],[34.7771,-16.55042],[34.77722,-16.54969],[34.7772,-16.5492],[34.77682,-16.54895],[34.77636,-16.5483],[34.77591,-16.54757],[34.77587,-16.54728],[34.77591,-16.54685],[34.7757,-16.54614],[34.77528,-16.54572],[34.77535,-16.54526],[34.77499,-16.54499],[34.77491,-16.54471],[34.77491,-16.54409],[34.77477,-16.54383],[34.77457,-16.54362],[34.77358,-16.54301],[34.77324,-16.54291],[34.77317,-16.54316],[34.77284,-16.54328],[34.77234,-16.543],[34.77165,-16.54288],[34.77108,-16.54257],[34.77073,-16.5425],[34.77046,-16.54247],[34.76996,-16.54256],[34.76946,-16.54283],[34.76913,-16.54285],[34.76895,-16.54279],[34.76854,-16.54198],[34.76853,-16.54184],[34.76843,-16.54172],[34.76825,-16.54162],[34.76788,-16.54095],[34.7674,-16.54092],[34.76703,-16.54078],[34.76684,-16.54083],[34.76656,-16.54074],[34.76637,-16.54055],[34.76627,-16.5404],[34.76603,-16.53936],[34.76615,-16.53877],[34.7661,-16.53843],[34.76617,-16.53769],[34.7661,-16.53731],[34.76591,-16.53653],[34.76569,-16.53624],[34.76555,-16.53594],[34.76532,-16.53531],[34.76463,-16.53442],[34.76461,-16.53393],[34.7647,-16.53329],[34.76455,-16.53295],[34.7645,-16.53266],[34.76426,-16.53251],[34.76401,-16.53248],[34.76324,-16.53198],[34.76291,-16.53184],[34.76265,-16.5316],[34.7622,-16.53136],[34.76223,-16.5311],[34.7623,-16.53087],[34.76237,-16.52984],[34.76247,-16.52955],[34.76231,-16.52926],[34.76182,-16.52922],[34.76152,-16.52897],[34.76116,-16.52877],[34.76089,-16.52848],[34.76088,-16.52823],[34.76102,-16.52765],[34.76139,-16.52703],[34.76138,-16.52676],[34.76151,-16.52634],[34.76144,-16.52601],[34.76123,-16.5257],[34.76056,-16.52525],[34.76032,-16.52494],[34.76016,-16.52465],[34.75999,-16.5241],[34.75973,-16.52372],[34.75935,-16.52349],[34.75861,-16.52329],[34.75816,-16.52339],[34.7578,-16.52396],[34.75716,-16.52467],[34.75682,-16.5247],[34.75613,-16.52453],[34.75532,-16.52415],[34.75523,-16.52375],[34.75521,-16.52313],[34.75506,-16.52282],[34.7548,-16.52272],[34.75452,-16.52272],[34.7539,-16.52287],[34.7534,-16.52258],[34.7529,-16.52249],[34.75283,-16.52218],[34.75283,-16.52187],[34.75299,-16.52158],[34.75349,-16.52134],[34.75378,-16.52115],[34.75385,-16.52077],[34.75371,-16.52046],[34.75349,-16.52027],[34.7531,-16.52005],[34.75293,-16.51973],[34.75302,-16.51956],[34.75299,-16.51894],[34.75319,-16.5187],[34.75287,-16.51787],[34.75266,-16.51761],[34.75242,-16.51746],[34.75222,-16.51723],[34.75171,-16.51704],[34.75169,-16.51668],[34.75145,-16.51604],[34.75142,-16.51573],[34.75121,-16.51492],[34.75119,-16.51456],[34.75129,-16.51429],[34.75145,-16.51407],[34.75212,-16.51362],[34.75243,-16.51278],[34.75182,-16.51237],[34.75083,-16.51197],[34.75042,-16.51173],[34.75017,-16.51147],[34.74911,-16.51127],[34.74868,-16.51131],[34.74819,-16.51144],[34.7479,-16.51137],[34.74762,-16.51139],[34.74744,-16.51132],[34.74693,-16.51149],[34.74658,-16.51152],[34.74508,-16.51103],[34.74467,-16.51096],[34.74423,-16.51061],[34.74382,-16.51042],[34.74343,-16.51033],[34.74321,-16.51002],[34.74295,-16.50987],[34.74264,-16.5099],[34.74233,-16.51009],[34.74201,-16.51033],[34.7419,-16.51055],[34.74162,-16.51078],[34.74114,-16.51078],[34.74081,-16.5107],[34.74035,-16.51067],[34.74013,-16.51077],[34.73976,-16.51042],[34.7396,-16.51011],[34.73957,-16.50985],[34.73945,-16.50959],[34.73922,-16.5093],[34.73893,-16.50883],[34.73872,-16.50859],[34.7386,-16.50827],[34.73831,-16.50795],[34.73762,-16.50792],[34.73729,-16.50783],[34.73688,-16.50759],[34.73655,-16.50706],[34.73627,-16.50678],[34.73567,-16.50604],[34.73529,-16.50592],[34.73493,-16.5059],[34.73343,-16.5059],[34.73301,-16.506],[34.7327,-16.50616],[34.73206,-16.50665],[34.73187,-16.50653],[34.73147,-16.50641],[34.73114,-16.50606],[34.73076,-16.50581],[34.73019,-16.50578],[34.72994,-16.50562],[34.72905,-16.50429],[34.72868,-16.50412],[34.72824,-16.50307],[34.72778,-16.50301],[34.72726,-16.50312],[34.72698,-16.503],[34.72665,-16.50283],[34.72643,-16.50259],[34.72603,-16.50203],[34.72566,-16.50214],[34.72515,-16.50197],[34.72501,-16.50217],[34.72475,-16.50241],[34.72431,-16.5025],[34.7239,-16.50244],[34.72327,-16.50269],[34.72287,-16.50266],[34.72249,-16.50238],[34.72192,-16.501],[34.72137,-16.50012],[34.72137,-16.49933],[34.72163,-16.49879],[34.72139,-16.49849],[34.72127,-16.49809],[34.72178,-16.49783],[34.72173,-16.4975],[34.72161,-16.49719],[34.72132,-16.49698],[34.72061,-16.49688],[34.71914,-16.49707],[34.71892,-16.49703],[34.71871,-16.49698],[34.71863,-16.49676],[34.71797,-16.49638],[34.71731,-16.4965],[34.71657,-16.49672],[34.71614,-16.49679],[34.71595,-16.49717],[34.71576,-16.49736],[34.71549,-16.49743],[34.7148,-16.49745],[34.71377,-16.49726],[34.71254,-16.49728],[34.71208,-16.49713],[34.7114,-16.49736],[34.71102,-16.49724],[34.71076,-16.49707],[34.71025,-16.49744],[34.7099,-16.49757],[34.709,-16.49879],[34.70844,-16.49929],[34.70756,-16.50052],[34.70723,-16.50066],[34.70701,-16.5007],[34.70612,-16.50066],[34.70563,-16.50085],[34.70521,-16.50109],[34.70458,-16.50123],[34.7038,-16.50158],[34.70362,-16.50178],[34.70334,-16.50196],[34.70297,-16.50243],[34.70253,-16.50243],[34.70195,-16.50286],[34.70151,-16.50285],[34.70099,-16.50318],[34.70042,-16.50339],[34.69973,-16.50395],[34.69918,-16.50412],[34.69887,-16.50483],[34.69871,-16.50509],[34.69822,-16.50507],[34.69776,-16.50525],[34.69742,-16.50524],[34.69697,-16.5051],[34.69673,-16.50509],[34.69642,-16.50518],[34.69617,-16.50519],[34.6953,-16.50504],[34.69498,-16.50505],[34.69464,-16.505],[34.69441,-16.50469],[34.69427,-16.50428],[34.69397,-16.50418],[34.69351,-16.50383],[34.69327,-16.50443],[34.6928,-16.50509],[34.69258,-16.50523],[34.69213,-16.5053],[34.69191,-16.50522],[34.69165,-16.50519],[34.69074,-16.50528],[34.68956,-16.505],[34.68991,-16.50333],[34.6899,-16.50312],[34.6897,-16.50282],[34.6893,-16.50268],[34.68902,-16.50252],[34.68796,-16.50276],[34.68778,-16.50302],[34.68708,-16.50301],[34.68671,-16.50288],[34.68621,-16.50283],[34.68567,-16.50291],[34.68531,-16.50285],[34.68516,-16.5024],[34.68492,-16.50262],[34.68461,-16.50278],[34.68444,-16.50305],[34.68413,-16.50319],[34.68373,-16.50326],[34.68254,-16.50324],[34.68228,-16.50297],[34.6821,-16.50254],[34.68276,-16.50252],[34.68287,-16.50205],[34.68321,-16.50177],[34.68325,-16.5015],[34.68351,-16.50121],[34.68385,-16.50112],[34.68454,-16.50117],[34.68463,-16.50057],[34.68482,-16.50026],[34.68508,-16.50002],[34.68527,-16.49971],[34.68539,-16.49903],[34.68563,-16.49869],[34.68558,-16.49836],[34.68532,-16.4981],[34.68516,-16.49772],[34.68508,-16.49745],[34.68508,-16.49719],[34.68497,-16.49684],[34.68466,-16.49657],[34.68404,-16.49634],[34.6838,-16.49595],[34.6838,-16.49507],[34.68392,-16.49474],[34.6842,-16.49453],[34.68432,-16.49422],[34.68432,-16.4936],[34.68423,-16.49336],[34.68404,-16.49308],[34.68397,-16.49243],[34.68397,-16.49184],[34.68389,-16.49148],[34.68378,-16.49122],[34.68313,-16.49074],[34.68275,-16.49024],[34.68274,-16.48949],[34.68273,-16.48915],[34.68278,-16.48884],[34.68301,-16.48853],[34.68313,-16.48801],[34.68316,-16.48663],[34.68273,-16.48594],[34.68247,-16.48565],[34.68237,-16.48537],[34.68263,-16.4847],[34.68287,-16.48449],[34.68294,-16.48396],[34.68282,-16.48372],[34.68251,-16.48365],[34.68154,-16.48368],[34.68113,-16.48358],[34.68087,-16.48337],[34.68025,-16.48246],[34.68018,-16.48218],[34.68013,-16.48156],[34.68002,-16.4813],[34.67978,-16.48115],[34.67963,-16.48083],[34.6793,-16.48037],[34.67925,-16.47968],[34.67935,-16.47906],[34.67954,-16.47857],[34.67952,-16.47803],[34.67982,-16.4774],[34.68007,-16.47723],[34.6803,-16.47699],[34.68056,-16.47699],[34.68128,-16.47675],[34.68137,-16.47641],[34.68173,-16.47609],[34.6822,-16.47544],[34.6824,-16.47527],[34.68247,-16.47478],[34.68256,-16.4745],[34.68253,-16.47423],[34.68243,-16.47389],[34.68265,-16.47344],[34.68299,-16.47316],[34.68306,-16.47286],[34.68335,-16.47242],[34.68348,-16.472],[34.68371,-16.47171],[34.68383,-16.47131],[34.68407,-16.47089],[34.68411,-16.47059],[34.6843,-16.47033],[34.6843,-16.46995],[34.6842,-16.4694],[34.68394,-16.46842],[34.68397,-16.46809],[34.68387,-16.46778],[34.68394,-16.46746],[34.68396,-16.46706],[34.68382,-16.46671],[34.68386,-16.46624],[34.68341,-16.46604],[34.68311,-16.46578],[34.68297,-16.46552],[34.68292,-16.46531],[34.68292,-16.46497],[34.68316,-16.4644],[34.6832,-16.46412],[34.68354,-16.46382],[34.68311,-16.46355],[34.68294,-16.46338],[34.68244,-16.46357],[34.68211,-16.46327],[34.68194,-16.46295],[34.68192,-16.46264],[34.68204,-16.46238],[34.68147,-16.46179],[34.6811,-16.46126],[34.68102,-16.46085],[34.68083,-16.46079],[34.68011,-16.4595],[34.67987,-16.45901],[34.67977,-16.45865],[34.67945,-16.45812],[34.67927,-16.45793],[34.67897,-16.45772],[34.67899,-16.45748],[34.67918,-16.45727],[34.67942,-16.45717],[34.67959,-16.45694],[34.67988,-16.4567],[34.67997,-16.45644],[34.67996,-16.45632],[34.68038,-16.45598],[34.68098,-16.45532],[34.68109,-16.45501],[34.68103,-16.45446],[34.68113,-16.45403],[34.6811,-16.45375],[34.68067,-16.45341],[34.68055,-16.45311],[34.67976,-16.45246],[34.67964,-16.4522],[34.67959,-16.45191],[34.67943,-16.45195],[34.67909,-16.45213],[34.67892,-16.45217],[34.67869,-16.45209],[34.67837,-16.45209],[34.67801,-16.45195],[34.67773,-16.45142],[34.67714,-16.45115],[34.67733,-16.45069],[34.67671,-16.4502],[34.67672,-16.44963],[34.67725,-16.44893],[34.67757,-16.44875],[34.67766,-16.44851],[34.67783,-16.44834],[34.67792,-16.44811],[34.67785,-16.4477],[34.67767,-16.4474],[34.67783,-16.44647],[34.67795,-16.44623],[34.67785,-16.44578],[34.67812,-16.44529],[34.67826,-16.44489],[34.67846,-16.44454],[34.67854,-16.44416],[34.67876,-16.44382],[34.67907,-16.44359],[34.67921,-16.44333],[34.6793,-16.44304],[34.6793,-16.44275],[34.67949,-16.44251],[34.6796,-16.44221],[34.67959,-16.44185],[34.67983,-16.44156],[34.67992,-16.44135],[34.6799,-16.44078],[34.68022,-16.44027],[34.68023,-16.44004],[34.68076,-16.43968],[34.68099,-16.43942],[34.68106,-16.43911],[34.68106,-16.43911],[34.68102,-16.43847],[34.68069,-16.43846],[34.67992,-16.43822],[34.67973,-16.43833],[34.67901,-16.43911],[34.6788,-16.43933],[34.67852,-16.43973],[34.67845,-16.44004],[34.67828,-16.4404],[34.67809,-16.44064],[34.67761,-16.44121],[34.67735,-16.4413],[34.67664,-16.4413],[34.67623,-16.44121],[34.6755,-16.44087],[34.67504,-16.44104],[34.67338,-16.44102],[34.67262,-16.44109],[34.67217,-16.44128],[34.67181,-16.44135],[34.67152,-16.44128],[34.67098,-16.44103],[34.66979,-16.4419],[34.66961,-16.44219],[34.66921,-16.4423],[34.66841,-16.44309],[34.668,-16.44356],[34.66772,-16.44361],[34.66691,-16.44361],[34.6665,-16.44368],[34.66619,-16.44368],[34.66586,-16.4438],[34.66564,-16.44378],[34.6651,-16.44461],[34.66482,-16.44473],[34.66448,-16.44468],[34.66389,-16.44468],[34.66358,-16.44473],[34.66317,-16.44482],[34.66246,-16.44518],[34.66193,-16.44551],[34.66129,-16.4463],[34.66115,-16.44663],[34.66108,-16.44704],[34.66076,-16.44768],[34.66064,-16.44807],[34.66046,-16.44807],[34.66027,-16.44832],[34.66022,-16.44859],[34.66025,-16.44894],[34.66022,-16.44912],[34.65975,-16.44927],[34.65937,-16.44931],[34.65891,-16.44932],[34.65853,-16.44923],[34.65827,-16.44923],[34.65796,-16.44942],[34.65787,-16.44982],[34.65775,-16.45006],[34.65756,-16.45023],[34.65732,-16.4503],[34.6553,-16.45034],[34.65506,-16.45051],[34.65451,-16.45103],[34.65427,-16.45163],[34.65408,-16.45189],[34.65368,-16.45225],[34.65322,-16.45253],[34.65289,-16.45289],[34.6528,-16.45306],[34.65249,-16.45322],[34.65206,-16.45322],[34.6517,-16.45313],[34.65137,-16.45294],[34.65115,-16.45275],[34.65073,-16.45263],[34.65018,-16.45208],[34.64904,-16.45146],[34.64866,-16.45132],[34.64823,-16.45122],[34.64797,-16.45099],[34.64713,-16.45053],[34.64673,-16.45042],[34.64623,-16.45037],[34.64592,-16.4502],[34.64561,-16.44977],[34.64533,-16.44961],[34.64516,-16.44944],[34.64475,-16.44882],[34.64452,-16.44861],[34.64454,-16.44847],[34.6445,-16.44815],[34.6446,-16.44755],[34.6444,-16.44598],[34.64452,-16.44538],[34.64479,-16.44438],[34.64526,-16.44318],[34.6456,-16.44173],[34.6457,-16.44114],[34.64548,-16.4408],[34.64524,-16.44043],[34.64507,-16.43993],[34.64422,-16.43984],[34.64362,-16.43986],[34.64337,-16.43976],[34.64321,-16.43909],[34.64302,-16.43885],[34.64297,-16.4384],[34.64283,-16.43788],[34.64259,-16.43761],[34.64207,-16.43671],[34.64161,-16.43647],[34.6413,-16.43647],[34.64107,-16.43671],[34.64073,-16.43685],[34.64045,-16.43688],[34.64019,-16.43704],[34.6395,-16.43773],[34.63833,-16.4379],[34.63802,-16.43802],[34.63719,-16.43847],[34.63681,-16.43861],[34.6365,-16.43892],[34.63609,-16.43923],[34.63574,-16.43932],[34.63504,-16.43939],[34.63468,-16.439],[34.63437,-16.4385],[34.63467,-16.43792],[34.63481,-16.4373],[34.63431,-16.43645],[34.63459,-16.43595],[34.63459,-16.43557],[34.63436,-16.43538],[34.63407,-16.43538],[34.63376,-16.43547],[34.63355,-16.43569],[34.63331,-16.43581],[34.63293,-16.43578],[34.63264,-16.43564],[34.63176,-16.43551],[34.63144,-16.43529],[34.63119,-16.43521],[34.63088,-16.43519],[34.63043,-16.43507],[34.6301,-16.43478],[34.62999,-16.4342],[34.63,-16.4339],[34.62988,-16.43362],[34.63005,-16.43333],[34.62995,-16.43307],[34.62989,-16.43263],[34.63007,-16.4323],[34.63009,-16.43207],[34.62986,-16.4315],[34.62931,-16.43093],[34.62919,-16.43067],[34.62862,-16.43022],[34.62824,-16.42958],[34.62781,-16.42943],[34.62738,-16.42919],[34.62691,-16.42869],[34.6266,-16.42845],[34.62629,-16.42805],[34.62626,-16.42716],[34.62593,-16.42708],[34.62539,-16.42705],[34.62485,-16.42709],[34.62369,-16.42707],[34.62347,-16.42689],[34.62334,-16.42664],[34.62336,-16.42631],[34.62312,-16.4261],[34.62302,-16.42587],[34.62281,-16.42601],[34.62259,-16.42598],[34.62218,-16.42583],[34.62188,-16.42538],[34.62166,-16.42482],[34.62141,-16.42441],[34.61937,-16.42441],[34.61887,-16.42469],[34.6187,-16.42491],[34.6185,-16.42552],[34.61834,-16.4258],[34.61827,-16.42609],[34.61788,-16.42607],[34.6173,-16.42626],[34.61686,-16.4261],[34.61654,-16.42587],[34.61618,-16.42572],[34.61561,-16.42595],[34.6152,-16.42629],[34.61422,-16.4258],[34.61408,-16.42554],[34.61401,-16.42467],[34.61324,-16.42316],[34.61278,-16.42292],[34.61263,-16.4227],[34.61268,-16.42241],[34.61282,-16.42215],[34.61287,-16.42179],[34.61285,-16.42148],[34.61268,-16.42129],[34.61144,-16.42126],[34.61096,-16.42139],[34.61077,-16.42154],[34.61017,-16.42149],[34.60993,-16.42128],[34.60957,-16.42115],[34.60925,-16.4212],[34.60894,-16.42103],[34.60851,-16.42103],[34.60794,-16.42139],[34.60763,-16.42153],[34.60709,-16.422],[34.60682,-16.42212],[34.60635,-16.42218],[34.60602,-16.42236],[34.60603,-16.4226],[34.60592,-16.42277],[34.60568,-16.42294],[34.60524,-16.42297],[34.60492,-16.4235],[34.60437,-16.42422],[34.60407,-16.42419],[34.60368,-16.42401],[34.60295,-16.42383],[34.60264,-16.42369],[34.60257,-16.42315],[34.60261,-16.42248],[34.60254,-16.42212],[34.60211,-16.42136],[34.60188,-16.42112],[34.60176,-16.42093],[34.60171,-16.42072],[34.6014,-16.42027],[34.60131,-16.42001],[34.60128,-16.4197],[34.6014,-16.41922],[34.60138,-16.41901],[34.60119,-16.41877],[34.60059,-16.4186],[34.60035,-16.41834],[34.59978,-16.41789],[34.59916,-16.41751],[34.59881,-16.41741],[34.59795,-16.41741],[34.59762,-16.41748],[34.59731,-16.41765],[34.59681,-16.41806],[34.59612,-16.41822],[34.5949,-16.41826],[34.59439,-16.41812],[34.59388,-16.41786],[34.59379,-16.41766],[34.59385,-16.41677],[34.59386,-16.4156],[34.59401,-16.41527],[34.59398,-16.41439],[34.59389,-16.41414],[34.59363,-16.41374],[34.5931,-16.41344],[34.5925,-16.41299],[34.59241,-16.41268],[34.59218,-16.41228],[34.59197,-16.41162],[34.59203,-16.41132],[34.59167,-16.41073],[34.59148,-16.41056],[34.59135,-16.41002],[34.59113,-16.40967],[34.59048,-16.40911],[34.59043,-16.4088],[34.59049,-16.40855],[34.59045,-16.40809],[34.59057,-16.4077],[34.59079,-16.4074],[34.591,-16.40694],[34.59126,-16.40663],[34.59155,-16.40587],[34.5917,-16.40564],[34.59175,-16.40527],[34.5919,-16.40487],[34.59172,-16.40427],[34.59141,-16.40387],[34.59114,-16.40342],[34.59091,-16.40278],[34.59065,-16.40256],[34.58979,-16.40221],[34.58943,-16.40197],[34.58934,-16.40164],[34.58915,-16.40135],[34.58919,-16.40116],[34.5891,-16.40093],[34.58853,-16.40066],[34.58841,-16.4004],[34.58807,-16.40025],[34.58802,-16.39996],[34.58786,-16.39959],[34.58739,-16.3992],[34.58727,-16.39893],[34.58723,-16.39863],[34.58732,-16.39822],[34.58705,-16.39785],[34.58715,-16.3975],[34.58715,-16.39712],[34.58732,-16.39628],[34.58727,-16.39601],[34.58717,-16.39581],[34.58699,-16.39574],[34.58667,-16.39571],[34.58642,-16.39554],[34.58643,-16.39537],[34.58618,-16.39498],[34.58592,-16.39484],[34.58565,-16.39444],[34.58552,-16.39413],[34.58551,-16.39382],[34.58556,-16.39347],[34.5854,-16.39296],[34.58529,-16.39277],[34.58535,-16.39233],[34.58553,-16.39202],[34.5858,-16.3916],[34.58605,-16.39145],[34.58596,-16.39136],[34.58585,-16.39125],[34.58558,-16.39113],[34.5847,-16.39053],[34.58454,-16.39034],[34.5848,-16.39006],[34.58501,-16.38969],[34.5852,-16.38946],[34.5852,-16.38903],[34.58532,-16.38884],[34.58538,-16.38845],[34.58597,-16.38712],[34.58628,-16.38709],[34.58652,-16.38681],[34.58648,-16.38639],[34.58695,-16.38584],[34.58706,-16.38554],[34.58715,-16.38507],[34.58621,-16.38396],[34.58584,-16.38372],[34.5854,-16.38307],[34.5855,-16.38277],[34.58574,-16.38247],[34.58646,-16.38201],[34.58658,-16.3817],[34.58684,-16.38153],[34.58712,-16.38144],[34.58711,-16.38041],[34.58724,-16.37997],[34.58743,-16.37975],[34.58772,-16.37915],[34.58736,-16.37901],[34.58696,-16.37898],[34.58677,-16.37882],[34.58643,-16.37837],[34.58636,-16.3781],[34.58656,-16.37777],[34.58674,-16.37759],[34.58728,-16.37732],[34.58781,-16.37694],[34.58789,-16.37659],[34.58772,-16.37603],[34.58784,-16.37584],[34.58786,-16.37561],[34.58784,-16.37389],[34.58813,-16.37364],[34.58833,-16.37326],[34.5885,-16.37307],[34.58872,-16.37291],[34.58898,-16.37286],[34.58929,-16.37273],[34.5895,-16.37251],[34.58965,-16.3722],[34.58976,-16.37192],[34.58986,-16.37125],[34.58984,-16.37047],[34.58967,-16.36968],[34.58943,-16.36932],[34.58853,-16.36828],[34.58819,-16.36811],[34.58791,-16.36787],[34.58734,-16.36704],[34.58717,-16.36668],[34.58684,-16.36566],[34.5868,-16.36542],[34.58674,-16.36502],[34.58639,-16.36452],[34.58629,-16.36399],[34.58627,-16.36318],[34.58634,-16.36237],[34.58507,-16.36021],[34.58474,-16.35994],[34.58428,-16.35975],[34.58392,-16.35947],[34.58362,-16.35896],[34.58358,-16.35856],[34.58327,-16.35787],[34.58289,-16.3577],[34.58164,-16.35726],[34.58161,-16.35659],[34.58127,-16.35619],[34.58058,-16.3558],[34.58006,-16.35569],[34.57998,-16.35563],[34.57941,-16.35547],[34.57915,-16.35527],[34.57891,-16.35498],[34.57889,-16.35483],[34.57879,-16.35476],[34.57871,-16.35434],[34.57869,-16.35373],[34.5786,-16.3534],[34.57858,-16.35302],[34.57857,-16.35274],[34.57868,-16.35187],[34.57865,-16.3512],[34.5786,-16.35065],[34.57846,-16.35034],[34.57853,-16.35007],[34.57868,-16.34984],[34.57825,-16.34863],[34.57755,-16.34913],[34.57741,-16.34946],[34.57719,-16.34942],[34.57674,-16.34943],[34.57605,-16.34929],[34.57509,-16.34881],[34.57469,-16.3485],[34.57415,-16.34832],[34.57351,-16.34791],[34.57308,-16.34788],[34.5727,-16.34753],[34.57259,-16.34724],[34.57249,-16.34636],[34.57259,-16.34603],[34.57254,-16.34539],[34.57175,-16.34498],[34.57128,-16.34505],[34.57071,-16.34492],[34.57009,-16.34486],[34.56981,-16.34493],[34.56883,-16.345],[34.56873,-16.34413],[34.569,-16.34285],[34.56963,-16.342],[34.56997,-16.34183],[34.57052,-16.34176],[34.57074,-16.34158],[34.57092,-16.34129],[34.57091,-16.34121],[34.57112,-16.34082],[34.57156,-16.34025],[34.57186,-16.33975],[34.5722,-16.33938],[34.57266,-16.33905],[34.57286,-16.33823],[34.57321,-16.3379],[34.57359,-16.33656],[34.57357,-16.33624],[34.57338,-16.33592],[34.57362,-16.33523],[34.57376,-16.33501],[34.57431,-16.33455],[34.57441,-16.33397],[34.57432,-16.33355],[34.57433,-16.33319],[34.57386,-16.33314],[34.57366,-16.33266],[34.57361,-16.33235],[34.57377,-16.33209],[34.57439,-16.33164],[34.57417,-16.33066],[34.57425,-16.33028],[34.57501,-16.32975],[34.57513,-16.32916],[34.57561,-16.32874],[34.57523,-16.32842],[34.57525,-16.32785],[34.57535,-16.3273],[34.57561,-16.32642],[34.57558,-16.32609],[34.57539,-16.3258],[34.57555,-16.32521],[34.57541,-16.32448],[34.57523,-16.32402],[34.57523,-16.32353],[34.57503,-16.32318],[34.57499,-16.32295],[34.57489,-16.32283],[34.57485,-16.32188],[34.5743,-16.32131],[34.5728,-16.32054],[34.57259,-16.31997],[34.57239,-16.31964],[34.57213,-16.31933],[34.57197,-16.31895],[34.57178,-16.318],[34.5714,-16.31721],[34.57146,-16.31691],[34.57143,-16.31652],[34.57127,-16.31618],[34.57099,-16.31607],[34.57092,-16.31586],[34.57075,-16.31562],[34.57059,-16.31524],[34.57042,-16.31436],[34.56984,-16.31427],[34.56961,-16.31409],[34.56938,-16.31383],[34.56929,-16.31342],[34.56856,-16.31304],[34.56799,-16.31284],[34.56706,-16.31303],[34.56668,-16.31329],[34.56496,-16.31323],[34.56458,-16.3131],[34.56378,-16.31264],[34.56363,-16.3123],[34.56344,-16.31214],[34.56326,-16.31188],[34.56295,-16.31188],[34.56283,-16.31204],[34.56258,-16.31215],[34.56222,-16.31212],[34.56194,-16.31216],[34.56147,-16.31203],[34.56107,-16.31198],[34.56083,-16.31181],[34.56066,-16.3115],[34.56019,-16.31117],[34.55978,-16.31119],[34.5594,-16.31136],[34.55888,-16.31134],[34.55833,-16.31138],[34.55686,-16.31091],[34.55636,-16.31081],[34.55598,-16.31079],[34.55562,-16.31067],[34.5551,-16.31067],[34.5545,-16.31036],[34.55403,-16.30986],[34.55355,-16.30917],[34.55341,-16.30886],[34.55307,-16.30872],[34.55257,-16.3083],[34.55195,-16.30831],[34.55118,-16.30812],[34.55101,-16.30775],[34.55086,-16.3072],[34.55065,-16.30705],[34.5506,-16.30639],[34.55037,-16.3061],[34.54967,-16.30494],[34.54924,-16.30481],[34.54891,-16.30498],[34.54867,-16.30517],[34.54843,-16.30546],[34.54808,-16.30565],[34.54743,-16.30589],[34.54603,-16.30589],[34.54577,-16.30603],[34.54515,-16.30601],[34.54389,-16.30532],[34.54332,-16.30475],[34.54313,-16.30441],[34.54294,-16.3042],[34.54297,-16.30402],[34.54288,-16.30365],[34.54269,-16.30333],[34.5426,-16.30282],[34.54273,-16.30205],[34.54246,-16.30153],[34.54248,-16.30108],[34.54228,-16.30083],[34.54229,-16.30063],[34.54248,-16.30041],[34.54259,-16.30012],[34.54303,-16.29984],[34.5432,-16.29965],[34.54322,-16.29913],[34.54317,-16.29813],[34.54313,-16.29782],[34.54298,-16.29758],[34.54291,-16.29699],[34.54268,-16.29675],[34.54239,-16.29661],[34.54153,-16.29642],[34.54091,-16.2962],[34.54011,-16.2962],[34.53975,-16.29616],[34.53956,-16.29599],[34.53923,-16.29551],[34.53901,-16.29532],[34.53849,-16.29506],[34.53832,-16.29489],[34.53808,-16.2943],[34.53754,-16.2937],[34.53749,-16.29347],[34.53735,-16.29318],[34.53715,-16.29294],[34.53668,-16.29273],[34.53589,-16.29254],[34.53542,-16.2923],[34.53516,-16.2923],[34.53463,-16.29221],[34.53444,-16.29199],[34.53428,-16.29171],[34.53363,-16.29135],[34.5333,-16.29087],[34.53304,-16.29033],[34.53232,-16.28933],[34.53211,-16.28818],[34.53182,-16.28809],[34.53156,-16.28809],[34.53128,-16.28818],[34.5309,-16.28849],[34.53054,-16.28849],[34.53021,-16.2883],[34.52997,-16.28807],[34.52971,-16.28797],[34.5294,-16.28797],[34.52878,-16.28785],[34.52847,-16.28771],[34.52799,-16.28668],[34.52785,-16.28616],[34.52754,-16.28578],[34.5274,-16.28552],[34.52719,-16.28478],[34.5269,-16.28461],[34.52642,-16.28414],[34.52616,-16.28364],[34.52597,-16.28343],[34.52547,-16.28312],[34.52514,-16.28264],[34.52511,-16.28205],[34.52502,-16.28181],[34.52481,-16.28169],[34.52466,-16.2814],[34.52459,-16.28114],[34.52457,-16.28057],[34.5245,-16.28026],[34.52431,-16.28002],[34.52402,-16.27988],[34.52295,-16.27971],[34.52197,-16.27971],[34.52155,-16.27974],[34.52124,-16.27981],[34.52076,-16.28005],[34.52038,-16.28043],[34.52014,-16.28059],[34.51998,-16.28083],[34.51996,-16.28113],[34.51974,-16.28136],[34.51964,-16.28169],[34.51919,-16.28209],[34.51888,-16.28259],[34.51867,-16.28278],[34.51852,-16.283],[34.51844,-16.28392],[34.51812,-16.28412],[34.51793,-16.28473],[34.51757,-16.28523],[34.5168,-16.28595],[34.51652,-16.28568],[34.5162,-16.2859],[34.51592,-16.28633],[34.51581,-16.28676],[34.51543,-16.28676],[34.51516,-16.28792],[34.51471,-16.28828],[34.51392,-16.28869],[34.51335,-16.28883],[34.51269,-16.2889],[34.51135,-16.28859],[34.5107,-16.28912],[34.5079,-16.29049],[34.50725,-16.29154],[34.50702,-16.29154],[34.50659,-16.29143],[34.50545,-16.29078],[34.50497,-16.29061],[34.50449,-16.29058],[34.50383,-16.29064],[34.50279,-16.29116],[34.50096,-16.29173],[34.49797,-16.29375],[34.49606,-16.29542],[34.49555,-16.29599],[34.49518,-16.29623],[34.49488,-16.29592],[34.49446,-16.29575],[34.49423,-16.29551],[34.4939,-16.29556],[34.49313,-16.29549],[34.49266,-16.29518],[34.49197,-16.29513],[34.49161,-16.29525],[34.49116,-16.29561],[34.49083,-16.29568],[34.49054,-16.29558],[34.49016,-16.29639],[34.48965,-16.29629],[34.48882,-16.29558],[34.48842,-16.29449],[34.48797,-16.29447],[34.48704,-16.29401],[34.48688,-16.29373],[34.48681,-16.29337],[34.48681,-16.29268],[34.48649,-16.29216],[34.48629,-16.29192],[34.48614,-16.29161],[34.48569,-16.29145],[34.48551,-16.29122],[34.48537,-16.29086],[34.48583,-16.29011],[34.48609,-16.28984],[34.48626,-16.28934],[34.48617,-16.28896],[34.48552,-16.2888],[34.485,-16.28876],[34.48471,-16.28854],[34.48424,-16.28799],[34.48359,-16.28759],[34.48312,-16.28742],[34.48286,-16.28716],[34.48262,-16.28704],[34.48152,-16.28661],[34.48088,-16.28654],[34.47961,-16.28601],[34.47917,-16.28583],[34.47843,-16.28564],[34.47816,-16.28545],[34.47722,-16.28455],[34.47674,-16.2839],[34.47664,-16.28321],[34.47666,-16.28249],[34.47646,-16.28195],[34.47649,-16.28145],[34.4763,-16.28119],[34.47645,-16.2809],[34.47617,-16.28066],[34.47607,-16.2804],[34.47612,-16.27957],[34.47603,-16.27928],[34.47579,-16.27914],[34.47543,-16.27909],[34.47515,-16.27912],[34.47436,-16.27945],[34.47374,-16.27952],[34.47358,-16.27975],[34.47328,-16.27989],[34.47298,-16.28012],[34.47275,-16.28038],[34.47239,-16.2804],[34.47212,-16.28057],[34.47137,-16.28071],[34.47079,-16.28121],[34.4703,-16.2821],[34.46974,-16.28242],[34.46888,-16.28237],[34.46863,-16.2822],[34.4682,-16.28204],[34.46776,-16.28169],[34.4672,-16.28112],[34.46653,-16.28114],[34.46617,-16.28142],[34.46585,-16.28179],[34.46493,-16.28211],[34.46489,-16.2816],[34.46472,-16.28154],[34.46424,-16.28157],[34.4633,-16.28126],[34.46296,-16.28133],[34.46263,-16.28147],[34.46184,-16.28147],[34.46149,-16.2814],[34.46125,-16.28121],[34.46113,-16.28078],[34.46082,-16.28055],[34.45968,-16.2805],[34.45938,-16.28043],[34.45912,-16.28029],[34.45859,-16.27918],[34.45827,-16.27879],[34.45811,-16.27871],[34.45765,-16.27888],[34.45724,-16.27933],[34.45677,-16.27997],[34.45605,-16.28042],[34.45569,-16.28071],[34.45553,-16.281],[34.45438,-16.28184],[34.45404,-16.28199],[34.45383,-16.28192],[34.4534,-16.28095],[34.45295,-16.28061],[34.45262,-16.2808],[34.45252,-16.281],[34.45215,-16.28103],[34.45162,-16.28088],[34.45136,-16.28069],[34.45119,-16.28043],[34.45085,-16.28019],[34.45059,-16.27955],[34.45023,-16.27895],[34.45002,-16.27824],[34.44978,-16.27798],[34.4495,-16.27776],[34.44909,-16.2776],[34.44864,-16.27726],[34.44845,-16.27688],[34.44847,-16.27648],[34.44854,-16.27617],[34.449,-16.27543],[34.44897,-16.27469],[34.44883,-16.27395],[34.44833,-16.27384],[34.44759,-16.27348],[34.44638,-16.27348],[34.44583,-16.27342],[34.44536,-16.27329],[34.44469,-16.27298],[34.44321,-16.27274],[34.44288,-16.27265],[34.44255,-16.27248],[34.44226,-16.27224],[34.44186,-16.272],[34.44155,-16.27172],[34.44086,-16.27136],[34.44062,-16.271],[34.43992,-16.26971],[34.43971,-16.26893],[34.43973,-16.26821],[34.43925,-16.2677],[34.43915,-16.26732],[34.43883,-16.26665],[34.43858,-16.26636],[34.43795,-16.26617],[34.43759,-16.26588],[34.43719,-16.26577],[34.43687,-16.26558],[34.43663,-16.26532],[34.43644,-16.26497],[34.43642,-16.26459],[34.43634,-16.2643],[34.43288,-16.26521],[34.43261,-16.26534],[34.43224,-16.26532],[34.43149,-16.26462],[34.4312,-16.26441],[34.4309,-16.2643],[34.43039,-16.26376],[34.43018,-16.26317],[34.42967,-16.26269],[34.42956,-16.2624],[34.42932,-16.26208],[34.42903,-16.26192],[34.42885,-16.26176],[34.42858,-16.26116],[34.42809,-16.26071],[34.42798,-16.26039],[34.42766,-16.25986],[34.42758,-16.25916],[34.42734,-16.25846],[34.42721,-16.25826],[34.42685,-16.25782],[34.42606,-16.25702],[34.42565,-16.25624],[34.42539,-16.25595],[34.42499,-16.25576],[34.42416,-16.25522],[34.42435,-16.25365],[34.42401,-16.25252],[34.42403,-16.25179],[34.42321,-16.25156],[34.42167,-16.25131],[34.42026,-16.2506],[34.41952,-16.25016],[34.41939,-16.24955],[34.4191,-16.24888],[34.41927,-16.24866],[34.41961,-16.24803],[34.41926,-16.24738],[34.4188,-16.24722],[34.41875,-16.24679],[34.41902,-16.24623],[34.41927,-16.24547],[34.41957,-16.24497],[34.41888,-16.24446],[34.41904,-16.24406],[34.41985,-16.24318],[34.42003,-16.24275],[34.41995,-16.24263],[34.42094,-16.24236],[34.42116,-16.24139],[34.42127,-16.24043],[34.42161,-16.2402],[34.42167,-16.23949],[34.42029,-16.2391],[34.42012,-16.23857],[34.41987,-16.23809],[34.41933,-16.23781],[34.41911,-16.23762],[34.41907,-16.23713],[34.41888,-16.23658],[34.41843,-16.23595],[34.41793,-16.2343],[34.41798,-16.23415],[34.41753,-16.23194],[34.41733,-16.23122],[34.41744,-16.22937],[34.41725,-16.22801],[34.41704,-16.22773],[34.41621,-16.22728],[34.41572,-16.22713],[34.41518,-16.22712],[34.41454,-16.2263],[34.4146,-16.22496],[34.4147,-16.22412],[34.41478,-16.22348],[34.41478,-16.22253],[34.41429,-16.22235],[34.41461,-16.22078],[34.41459,-16.21965],[34.41359,-16.21933],[34.41276,-16.21944],[34.41238,-16.21906],[34.41187,-16.21789],[34.41142,-16.21754],[34.41123,-16.21722],[34.4112,-16.21675],[34.41088,-16.21583],[34.41053,-16.21557],[34.40961,-16.21519],[34.40923,-16.21497],[34.40885,-16.21446],[34.40876,-16.21383],[34.40876,-16.21335],[34.40866,-16.21278],[34.40884,-16.21265],[34.40893,-16.21218],[34.40907,-16.21189],[34.40988,-16.21056],[34.40966,-16.20978],[34.40953,-16.2086],[34.40845,-16.20757],[34.40728,-16.20749],[34.4067,-16.20732],[34.40618,-16.20722],[34.4059,-16.20722],[34.40533,-16.20694],[34.40533,-16.20621],[34.40511,-16.20574],[34.40451,-16.20519],[34.40446,-16.205],[34.40457,-16.20419],[34.40464,-16.20399],[34.40462,-16.20308],[34.40402,-16.20148],[34.40363,-16.20081],[34.40356,-16.20026],[34.40368,-16.19984],[34.40356,-16.1993],[34.40324,-16.19892],[34.40248,-16.19815],[34.40225,-16.19771],[34.40222,-16.19717],[34.40231,-16.19631],[34.40189,-16.19604],[34.40154,-16.19612],[34.40141,-16.19603],[34.40121,-16.19573],[34.40117,-16.19553],[34.40104,-16.19527],[34.40105,-16.19435],[34.40159,-16.19327],[34.40159,-16.19286],[34.40149,-16.19244],[34.40152,-16.19203],[34.40178,-16.19175],[34.40184,-16.1913],[34.40219,-16.19095],[34.40207,-16.19053],[34.40133,-16.19019],[34.40086,-16.19032],[34.40072,-16.19026],[34.40081,-16.18994],[34.40075,-16.18966],[34.40081,-16.18951],[34.40099,-16.18924],[34.40121,-16.18867],[34.40146,-16.18832],[34.40146,-16.18784],[34.4013,-16.18743],[34.40102,-16.18715],[34.40067,-16.18696],[34.40029,-16.18654],[34.39952,-16.18702],[34.3985,-16.18627],[34.39769,-16.1853],[34.39781,-16.18437],[34.39807,-16.18393],[34.39834,-16.18319],[34.3986,-16.18268],[34.39892,-16.18229],[34.39876,-16.18178],[34.39886,-16.18128],[34.39905,-16.18077],[34.39934,-16.18051],[34.39975,-16.18029],[34.39994,-16.17979],[34.39978,-16.17944],[34.39905,-16.17906],[34.3988,-16.17874],[34.39873,-16.1782],[34.39915,-16.17728],[34.39959,-16.17699],[34.39997,-16.17687],[34.40051,-16.17683],[34.40089,-16.17652],[34.40114,-16.17614],[34.40156,-16.17579],[34.402,-16.17563],[34.40229,-16.17528],[34.40267,-16.17496],[34.40295,-16.17487],[34.40343,-16.1748],[34.40387,-16.17499],[34.40441,-16.1749],[34.40473,-16.17449],[34.40473,-16.17395],[34.40481,-16.17324],[34.40435,-16.17296],[34.40359,-16.17201],[34.40327,-16.17122],[34.40327,-16.17071],[34.40336,-16.1703],[34.40394,-16.16947],[34.40397,-16.16903],[34.40375,-16.16868],[34.40349,-16.16846],[34.4033,-16.16808],[34.40317,-16.16757],[34.40289,-16.167],[34.40244,-16.16678],[34.40168,-16.16595],[34.4014,-16.16538],[34.40092,-16.165],[34.40064,-16.16453],[34.40077,-16.16411],[34.40095,-16.16381],[34.40122,-16.16348],[34.40222,-16.16277],[34.40271,-16.16255],[34.40279,-16.16245],[34.40327,-16.16219],[34.4033,-16.16175],[34.40326,-16.16117],[34.40342,-16.16073],[34.40338,-16.15984],[34.40294,-16.15936],[34.40263,-16.15868],[34.40222,-16.15838],[34.40173,-16.1581],[34.40174,-16.15712],[34.40138,-16.15693],[34.40089,-16.15659],[34.40073,-16.15609],[34.40101,-16.15573],[34.40121,-16.15526],[34.40212,-16.15421],[34.40244,-16.15367],[34.4027,-16.15256],[34.40272,-16.15182],[34.40298,-16.15164],[34.40372,-16.15169],[34.4039,-16.15101],[34.40505,-16.1505],[34.40527,-16.15009],[34.40517,-16.14968],[34.40486,-16.14946],[34.40435,-16.14939],[34.40394,-16.14939],[34.40356,-16.14946],[34.40314,-16.14974],[34.4026,-16.14977],[34.40229,-16.14958],[34.4021,-16.1493],[34.40187,-16.14882],[34.40105,-16.14847],[34.40079,-16.14809],[34.4007,-16.14761],[34.40086,-16.14704],[34.40127,-16.14612],[34.40143,-16.14558],[34.40199,-16.14517],[34.40245,-16.14469],[34.40233,-16.14435],[34.4025,-16.14348],[34.40289,-16.14249],[34.40237,-16.14203],[34.40216,-16.14175],[34.40214,-16.14114],[34.40221,-16.14085],[34.40232,-16.14064],[34.40296,-16.14002],[34.40338,-16.13952],[34.4034,-16.13912],[34.40328,-16.13897],[34.40338,-16.13878],[34.40352,-16.13866],[34.40407,-16.13821],[34.40487,-16.1379],[34.40493,-16.13752],[34.40468,-16.13717],[34.40433,-16.13701],[34.40409,-16.13684],[34.40419,-16.13647],[34.40462,-16.13599],[34.40534,-16.1355],[34.40563,-16.13428],[34.40571,-16.13348],[34.40617,-16.13254],[34.4061,-16.13203],[34.40589,-16.13145],[34.40563,-16.13104],[34.40518,-16.13081],[34.40499,-16.13038],[34.40483,-16.1299],[34.40497,-16.12917],[34.40445,-16.12884],[34.40428,-16.12846],[34.40436,-16.12786],[34.40482,-16.12681],[34.40484,-16.12546],[34.4049,-16.12496],[34.40485,-16.12417],[34.40505,-16.12341],[34.40534,-16.12297],[34.40548,-16.12186],[34.40614,-16.12051],[34.40655,-16.12045],[34.40686,-16.12002],[34.40771,-16.11943],[34.40816,-16.11902],[34.40924,-16.11883],[34.40937,-16.11848],[34.40934,-16.11788],[34.40952,-16.11745],[34.40991,-16.11702],[34.41054,-16.11654],[34.41036,-16.11608],[34.40974,-16.11545],[34.40974,-16.11521],[34.40933,-16.11461],[34.40931,-16.11427],[34.40933,-16.11382],[34.40946,-16.11318],[34.40968,-16.11285],[34.41074,-16.11208],[34.41083,-16.11184],[34.41061,-16.11089],[34.41106,-16.11033],[34.41191,-16.10991],[34.41246,-16.10979],[34.41306,-16.1098],[34.41385,-16.11],[34.4141,-16.10978],[34.41406,-16.10912],[34.41375,-16.10865],[34.41426,-16.10841],[34.41457,-16.10809],[34.41453,-16.10774],[34.4144,-16.1073],[34.41452,-16.10668],[34.4151,-16.10592],[34.41536,-16.10597],[34.41553,-16.10582],[34.41554,-16.10509],[34.41575,-16.10476],[34.41585,-16.10438],[34.4158,-16.10396],[34.41588,-16.1033],[34.41584,-16.10299],[34.41597,-16.10235],[34.41577,-16.10215],[34.41585,-16.10181],[34.41615,-16.10149],[34.41655,-16.10138],[34.41717,-16.10111],[34.41732,-16.10059],[34.41897,-16.09959],[34.41896,-16.09919],[34.41877,-16.09866],[34.41815,-16.0978],[34.41774,-16.09738],[34.41754,-16.09698],[34.41781,-16.09636],[34.41783,-16.09604],[34.41798,-16.09531],[34.41792,-16.09504],[34.41778,-16.09474],[34.4178,-16.09423],[34.41767,-16.09375],[34.41726,-16.09324],[34.41681,-16.09277],[34.41623,-16.09182],[34.41651,-16.09142],[34.41679,-16.09127],[34.4172,-16.09127],[34.41754,-16.09107],[34.41776,-16.09077],[34.41793,-16.09043],[34.41814,-16.08968],[34.41846,-16.08953],[34.41894,-16.08953],[34.41939,-16.08947],[34.41977,-16.0887],[34.4199,-16.08788],[34.42003,-16.08741],[34.42024,-16.08696],[34.42031,-16.08662],[34.42052,-16.08629],[34.4211,-16.08565],[34.42157,-16.08503],[34.42207,-16.08473],[34.42247,-16.08428],[34.42294,-16.08327],[34.42455,-16.08251],[34.42645,-16.08235],[34.42965,-16.08181],[34.43017,-16.08036],[34.4307,-16.07981],[34.43073,-16.07971],[34.43073,-16.07859],[34.43103,-16.07728],[34.43162,-16.07591],[34.432,-16.07543],[34.43218,-16.07513],[34.43238,-16.07493],[34.43276,-16.07478],[34.43298,-16.07448],[34.43322,-16.0738],[34.43333,-16.07296],[34.43349,-16.07258],[34.43397,-16.07197],[34.43411,-16.07167],[34.43526,-16.07052],[34.43544,-16.0704],[34.43563,-16.07009],[34.43596,-16.06987],[34.43611,-16.06951],[34.43643,-16.06908],[34.43649,-16.06865],[34.43638,-16.06814],[34.43606,-16.06777],[34.43602,-16.06767],[34.43606,-16.06756],[34.43589,-16.06681],[34.43603,-16.06579],[34.43595,-16.0653],[34.43581,-16.06472],[34.43538,-16.0643],[34.4354,-16.06374],[34.43533,-16.06316],[34.43589,-16.06254],[34.43567,-16.062],[34.43506,-16.06171],[34.43488,-16.06121],[34.43458,-16.06054],[34.43457,-16.06023],[34.43402,-16.05981],[34.43369,-16.05941],[34.43291,-16.05873],[34.43271,-16.05844],[34.43169,-16.05801],[34.4315,-16.05663],[34.43108,-16.05649],[34.43066,-16.05612],[34.42992,-16.05595],[34.42774,-16.05622],[34.42652,-16.05624],[34.42601,-16.05601],[34.42582,-16.05554],[34.42549,-16.05512],[34.42521,-16.05454],[34.42503,-16.05431],[34.42483,-16.0543],[34.4245,-16.0542],[34.42434,-16.05266],[34.42403,-16.0517],[34.42404,-16.05133],[34.42361,-16.05074],[34.42355,-16.05066],[34.42342,-16.05038],[34.42341,-16.05008],[34.4236,-16.04975],[34.42392,-16.04944],[34.42404,-16.04919],[34.42412,-16.04883],[34.42413,-16.04849],[34.42398,-16.04823],[34.42405,-16.04791],[34.42401,-16.04756],[34.42403,-16.04737],[34.42419,-16.04713],[34.42449,-16.04686],[34.42501,-16.04658],[34.42553,-16.04649],[34.42618,-16.04614],[34.42722,-16.04613],[34.42751,-16.04608],[34.42783,-16.04595],[34.42811,-16.04575],[34.42893,-16.04489],[34.42936,-16.04452],[34.4296,-16.0444],[34.42972,-16.0442],[34.42986,-16.0441],[34.43017,-16.04359],[34.43017,-16.04325],[34.42989,-16.04299],[34.42865,-16.04297],[34.42798,-16.04306],[34.42764,-16.04301],[34.4273,-16.04284],[34.42706,-16.04261],[34.42685,-16.0422],[34.42661,-16.04192],[34.42622,-16.04171],[34.42545,-16.04151],[34.42481,-16.04115],[34.42429,-16.04057],[34.4238,-16.04018],[34.42352,-16.0401],[34.42324,-16.03993],[34.42287,-16.0396],[34.42243,-16.03937],[34.42166,-16.0386],[34.42028,-16.0377],[34.42011,-16.03707],[34.41933,-16.03688],[34.41909,-16.03688],[34.41884,-16.03679],[34.41864,-16.03652],[34.41837,-16.03626],[34.41823,-16.0357],[34.41774,-16.03577],[34.41737,-16.03588],[34.41686,-16.03622],[34.41632,-16.03641],[34.41593,-16.0362],[34.41559,-16.03577],[34.41507,-16.03553],[34.41463,-16.03544],[34.41434,-16.03525],[34.41392,-16.03472],[34.41385,-16.03423],[34.4139,-16.03395],[34.41383,-16.03341],[34.41349,-16.03313],[34.41323,-16.03275],[34.41308,-16.03236],[34.41306,-16.03191],[34.41298,-16.03163],[34.41263,-16.03101],[34.41259,-16.03062],[34.41238,-16.03041],[34.41208,-16.03024],[34.41139,-16.0303],[34.41066,-16.03016],[34.41033,-16.03014],[34.40967,-16.0302],[34.40865,-16.03065],[34.40664,-16.03037],[34.4061,-16.03039],[34.4054,-16.03052],[34.40493,-16.03031],[34.40324,-16.02936],[34.40289,-16.02936],[34.40268,-16.02926],[34.40246,-16.02926],[34.40114,-16.02895],[34.40087,-16.0284],[34.40086,-16.02795],[34.40078,-16.02768],[34.40055,-16.02734],[34.4002,-16.02706],[34.39994,-16.02661],[34.39958,-16.02634],[34.39933,-16.02629],[34.39868,-16.0264],[34.39825,-16.02642],[34.39786,-16.02632],[34.39731,-16.02599],[34.3966,-16.02569],[34.3963,-16.02578],[34.39611,-16.02602],[34.39602,-16.02629],[34.39568,-16.02671],[34.39546,-16.02677],[34.39542,-16.02669],[34.3952,-16.02685],[34.39481,-16.02698],[34.39469,-16.02681],[34.3944,-16.02676],[34.39383,-16.02676],[34.39308,-16.02691],[34.39212,-16.02701],[34.39175,-16.02715],[34.39148,-16.02709],[34.39122,-16.02683],[34.39111,-16.02659],[34.39092,-16.02636],[34.39051,-16.02621],[34.39008,-16.02621],[34.38983,-16.02636],[34.3895,-16.0267],[34.38914,-16.02681],[34.38887,-16.02615],[34.38882,-16.02592],[34.38869,-16.02581],[34.38832,-16.02604],[34.38822,-16.02572],[34.38785,-16.02501],[34.38772,-16.02467],[34.38723,-16.02432],[34.38706,-16.02411],[34.38678,-16.02357],[34.38627,-16.02321],[34.38601,-16.02291],[34.38519,-16.02235],[34.38513,-16.02196],[34.38515,-16.0216],[34.38524,-16.02126],[34.38522,-16.02087],[34.38623,-16.01989],[34.3853,-16.01945],[34.3846,-16.01936],[34.38414,-16.01924],[34.38371,-16.0189],[34.38348,-16.01877],[34.38329,-16.01898],[34.38286,-16.01851],[34.38273,-16.01815],[34.38267,-16.01753],[34.38238,-16.01656],[34.38226,-16.01643],[34.38202,-16.016],[34.38162,-16.01566],[34.38117,-16.01514],[34.38089,-16.01491],[34.38054,-16.01476],[34.38063,-16.01445],[34.3804,-16.0141],[34.3804,-16.01392],[34.3801,-16.01375],[34.37965,-16.01326],[34.37934,-16.01265],[34.37901,-16.0123],[34.37911,-16.01162],[34.37904,-16.01128],[34.37849,-16.01067],[34.37852,-16.01021],[34.37836,-16.00972],[34.37819,-16.00938],[34.37752,-16.0093],[34.3776,-16.00887],[34.37757,-16.00857],[34.37735,-16.00822],[34.37726,-16.00782],[34.3769,-16.00749],[34.37692,-16.00721],[34.37686,-16.00674],[34.37661,-16.00646],[34.37605,-16.0051],[34.3759,-16.00427],[34.37599,-16.00374],[34.37584,-16.00334],[34.37571,-16.00317],[34.37551,-16.00178],[34.37505,-16.00111],[34.37484,-15.9994],[34.37427,-15.99873],[34.37369,-15.99761],[34.3733,-15.99737],[34.37346,-15.99676],[34.37328,-15.99661],[34.37312,-15.99631],[34.3731,-15.99598],[34.3726,-15.99602],[34.3718,-15.9959],[34.37145,-15.99492],[34.37124,-15.99462],[34.37098,-15.99439],[34.37051,-15.99412],[34.37041,-15.99402],[34.37021,-15.99382],[34.36976,-15.99358],[34.36931,-15.99245],[34.36835,-15.99217],[34.36792,-15.99198],[34.36734,-15.99118],[34.36682,-15.99103],[34.36646,-15.99105],[34.3661,-15.99086],[34.3658,-15.99033],[34.36558,-15.98963],[34.36526,-15.98916],[34.36481,-15.98878],[34.36368,-15.98714],[34.36291,-15.98619],[34.36295,-15.98535],[34.36344,-15.98483],[34.36315,-15.98393],[34.36325,-15.98251],[34.36354,-15.98187],[34.36337,-15.98071],[34.36273,-15.97992],[34.36172,-15.97932],[34.36151,-15.9786],[34.3614,-15.97757],[34.36054,-15.9765],[34.36054,-15.97547],[34.36037,-15.97509],[34.35787,-15.97365],[34.35759,-15.97339],[34.357,-15.97274],[34.35658,-15.97236],[34.35664,-15.972],[34.35661,-15.97153],[34.35652,-15.97115],[34.35634,-15.97078],[34.35626,-15.97047],[34.35557,-15.97035],[34.35536,-15.97011],[34.35514,-15.96998],[34.35508,-15.96994],[34.35486,-15.96957],[34.35476,-15.96895],[34.35476,-15.96857],[34.35484,-15.96812],[34.35503,-15.96786],[34.35514,-15.96766],[34.35536,-15.96726],[34.35536,-15.96696],[34.35542,-15.96683],[34.35529,-15.96651],[34.35545,-15.96582],[34.35548,-15.96544],[34.35563,-15.96509],[34.3557,-15.96479],[34.35566,-15.96441],[34.35538,-15.96415],[34.35514,-15.9641],[34.35508,-15.96409],[34.35471,-15.96409],[34.35435,-15.96426],[34.3536,-15.96426],[34.35332,-15.96415],[34.35274,-15.96411],[34.35208,-15.96368],[34.35107,-15.96316],[34.34995,-15.96316],[34.34963,-15.96306],[34.34924,-15.96303],[34.34891,-15.96291],[34.34861,-15.96284],[34.34841,-15.96286],[34.34822,-15.96278],[34.34322,-15.96158],[34.34322,-15.96121],[34.34282,-15.96099],[34.3425,-15.96096],[34.34238,-15.96084],[34.34214,-15.96086],[34.342,-15.96081],[34.34155,-15.96104],[34.33972,-15.96172],[34.33949,-15.96174],[34.33915,-15.96165],[34.33873,-15.96193],[34.33756,-15.96184],[34.33673,-15.96211],[34.33607,-15.96168],[34.33472,-15.96185],[34.33421,-15.9618],[34.33384,-15.96169],[34.33214,-15.96263],[34.33173,-15.96265],[34.33137,-15.96274],[34.33088,-15.96269],[34.33034,-15.96222],[34.32989,-15.96201],[34.32933,-15.96194],[34.32913,-15.96216],[34.32912,-15.96273],[34.32901,-15.96319],[34.32864,-15.96382],[34.32797,-15.96405],[34.32751,-15.96382],[34.32742,-15.96369],[34.3274,-15.96348],[34.32707,-15.96303],[34.32684,-15.96251],[34.32663,-15.96244],[34.32644,-15.96224],[34.32644,-15.96203],[34.32635,-15.96177],[34.32625,-15.9616],[34.32603,-15.96141],[34.32584,-15.96102],[34.32625,-15.95871],[34.326,-15.95831],[34.326,-15.958],[34.32686,-15.95556],[34.32611,-15.95509],[34.32608,-15.95363],[34.3258,-15.95326],[34.32451,-15.95264],[34.32434,-15.9523],[34.32427,-15.95195],[34.3244,-15.95161],[34.32468,-15.95135],[34.325,-15.95116],[34.32507,-15.9508],[34.32507,-15.95045],[34.32545,-15.94992],[34.32592,-15.94975],[34.32631,-15.94968],[34.32667,-15.94972],[34.32695,-15.94957],[34.32708,-15.94942],[34.3272,-15.94915],[34.32722,-15.94894],[34.32747,-15.94855],[34.3274,-15.9484],[34.32674,-15.94791],[34.32653,-15.94753],[34.3263,-15.94722],[34.32625,-15.94668],[34.32633,-15.94644],[34.32633,-15.94593],[34.32628,-15.94545],[34.32633,-15.94524],[34.3261,-15.94474],[34.32581,-15.94443],[34.32551,-15.94388],[34.32517,-15.94399],[34.32405,-15.9445],[34.32372,-15.94443],[34.32207,-15.94346],[34.32119,-15.94342],[34.32091,-15.94329],[34.32053,-15.94328],[34.3202,-15.94319],[34.31978,-15.94301],[34.3194,-15.94273],[34.31872,-15.94248],[34.31836,-15.94228],[34.31814,-15.94209],[34.31771,-15.94153],[34.31721,-15.94106],[34.31672,-15.94079],[34.31602,-15.9407],[34.31557,-15.94026],[34.31526,-15.94007],[34.31499,-15.9398],[34.31473,-15.93945],[34.31444,-15.93922],[34.31411,-15.93916],[34.31386,-15.93883],[34.31345,-15.93853],[34.31319,-15.93815],[34.31246,-15.9374],[34.31212,-15.93652],[34.31184,-15.9362],[34.31169,-15.93583],[34.31145,-15.93562],[34.31115,-15.93543],[34.31058,-15.93551],[34.30988,-15.93529],[34.30927,-15.93474],[34.30873,-15.93453],[34.30837,-15.93404],[34.30844,-15.93367],[34.30839,-15.93333],[34.30835,-15.93168],[34.308,-15.93103],[34.30742,-15.93082],[34.30676,-15.93084],[34.30627,-15.93067],[34.30595,-15.93045],[34.30509,-15.93045],[34.30466,-15.93071],[34.30449,-15.93105],[34.30421,-15.93144],[34.30345,-15.9317],[34.30241,-15.93146],[34.30208,-15.93147],[34.30183,-15.93153],[34.3014,-15.93131],[34.30112,-15.93101],[34.30067,-15.93065],[34.30022,-15.93056],[34.29964,-15.93056],[34.29926,-15.93062],[34.29883,-15.9308],[34.29793,-15.93137],[34.29761,-15.93182],[34.29645,-15.9327],[34.29589,-15.93283],[34.29524,-15.93317],[34.29491,-15.93315],[34.29379,-15.93292],[34.29355,-15.9327],[34.29328,-15.93208],[34.29291,-15.93185],[34.29257,-15.93172],[34.29187,-15.93183],[34.29152,-15.93159],[34.28995,-15.93168],[34.28953,-15.93165],[34.28906,-15.93192],[34.28811,-15.93157],[34.28732,-15.93161],[34.28663,-15.93204],[34.28617,-15.93224],[34.28526,-15.93161],[34.28459,-15.93159],[34.284,-15.9318],[34.28281,-15.93233],[34.2823,-15.93206],[34.282,-15.93195],[34.28134,-15.93148],[34.2811,-15.9312],[34.28071,-15.93097],[34.2802,-15.93077],[34.27952,-15.93017],[34.2792,-15.92995],[34.27874,-15.92915],[34.27814,-15.92882],[34.27778,-15.92872],[34.2775,-15.92872],[34.2769,-15.92859],[34.27662,-15.92837],[34.27587,-15.92792],[34.27491,-15.92812],[34.27473,-15.92767],[34.27485,-15.9273],[34.27545,-15.92677],[34.27592,-15.92648],[34.27552,-15.92592],[34.2755,-15.92563],[34.27514,-15.92531],[34.27499,-15.92491],[34.27468,-15.92442],[34.27435,-15.92409],[34.27392,-15.92389],[34.27368,-15.92366],[34.27359,-15.92317],[34.27333,-15.92245],[34.27296,-15.92252],[34.27291,-15.92201],[34.27233,-15.92158],[34.27178,-15.92098],[34.27111,-15.92063],[34.27112,-15.92026],[34.27074,-15.91997],[34.27079,-15.91965],[34.27047,-15.91928],[34.27021,-15.91926],[34.26984,-15.91946],[34.26955,-15.91949],[34.26865,-15.9201],[34.26785,-15.92012],[34.2671,-15.92006],[34.26664,-15.91969],[34.26635,-15.91911],[34.26592,-15.91882],[34.26536,-15.91868],[34.26479,-15.9187],[34.26434,-15.91877],[34.26383,-15.91869],[34.26332,-15.91845],[34.26307,-15.91826],[34.26284,-15.91826],[34.26247,-15.91836],[34.26228,-15.9186],[34.26179,-15.91903],[34.2614,-15.9195],[34.26095,-15.92061],[34.26063,-15.92076],[34.26014,-15.92072],[34.25996,-15.92055],[34.25973,-15.92021],[34.25939,-15.91997],[34.25872,-15.91907],[34.25849,-15.91845],[34.25812,-15.91772],[34.25823,-15.91726],[34.2582,-15.91697],[34.25833,-15.91658],[34.25854,-15.9163],[34.25894,-15.91552],[34.25877,-15.91531],[34.25854,-15.91517],[34.25809,-15.91477],[34.25781,-15.91402],[34.25771,-15.91363],[34.25771,-15.91311],[34.25791,-15.91279],[34.25806,-15.91273],[34.2583,-15.91237],[34.25842,-15.9118],[34.25855,-15.91146],[34.25891,-15.91121],[34.25915,-15.91077],[34.25924,-15.91014],[34.25937,-15.90966],[34.25933,-15.90901],[34.25857,-15.90827],[34.2587,-15.9079],[34.25861,-15.90752],[34.25901,-15.9069],[34.25883,-15.90647],[34.25892,-15.90623],[34.25896,-15.9059],[34.25849,-15.9055],[34.25816,-15.90509],[34.25786,-15.90443],[34.25785,-15.90424],[34.25765,-15.90382],[34.25756,-15.90334],[34.25763,-15.90282],[34.25778,-15.90235],[34.25752,-15.90214],[34.25751,-15.90185],[34.25735,-15.9012],[34.25653,-15.90012],[34.25522,-15.89952],[34.25496,-15.89932],[34.25451,-15.89914],[34.25373,-15.89924],[34.25306,-15.89858],[34.253,-15.89831],[34.2528,-15.8979],[34.25244,-15.89741],[34.2523,-15.89712],[34.25207,-15.89698],[34.25163,-15.89693],[34.25148,-15.89663],[34.25156,-15.8962],[34.25208,-15.89577],[34.25242,-15.89519],[34.25313,-15.89442],[34.2536,-15.89371],[34.254,-15.89331],[34.25398,-15.89298],[34.25426,-15.89264],[34.25458,-15.89253],[34.25499,-15.89255],[34.25521,-15.89264],[34.25545,-15.89262],[34.25576,-15.89266],[34.2561,-15.89275],[34.25632,-15.89277],[34.25663,-15.89272],[34.25676,-15.89252],[34.25674,-15.89221],[34.25703,-15.89144],[34.25752,-15.8915],[34.2578,-15.8912],[34.25809,-15.8912],[34.25846,-15.8908],[34.25881,-15.8906],[34.25914,-15.8906],[34.25975,-15.89035],[34.26151,-15.89035],[34.26187,-15.8903],[34.26222,-15.89007],[34.26249,-15.88977],[34.26287,-15.88967],[34.26342,-15.88921],[34.26348,-15.88891],[34.26374,-15.88816],[34.26374,-15.88696],[34.26367,-15.88657],[34.26337,-15.88632],[34.26322,-15.88597],[34.26314,-15.88554],[34.26279,-15.88537],[34.26207,-15.88542],[34.26166,-15.88561],[34.26127,-15.88569],[34.25999,-15.88572],[34.25898,-15.8855],[34.25853,-15.88533],[34.25763,-15.88531],[34.25696,-15.88518],[34.25613,-15.88494],[34.2557,-15.88475],[34.25529,-15.88449],[34.25508,-15.88422],[34.25506,-15.88351],[34.25495,-15.88316],[34.25454,-15.88269],[34.2539,-15.88241],[34.25362,-15.88214],[34.25385,-15.88156],[34.25345,-15.88112],[34.25358,-15.88046],[34.25237,-15.87996],[34.25222,-15.87963],[34.25189,-15.87922],[34.25178,-15.87871],[34.25139,-15.87851],[34.25128,-15.87789],[34.25142,-15.87772],[34.2516,-15.87761],[34.25211,-15.87704],[34.25232,-15.87669],[34.25261,-15.87596],[34.25289,-15.87575],[34.25336,-15.87502],[34.25373,-15.87476],[34.25398,-15.87435],[34.25405,-15.87393],[34.2542,-15.87364],[34.25482,-15.87346],[34.25534,-15.87309],[34.25546,-15.87252],[34.25546,-15.87221],[34.25535,-15.87164],[34.25545,-15.87139],[34.25527,-15.87084],[34.25536,-15.87064],[34.25689,-15.87065],[34.25787,-15.87045],[34.25863,-15.8704],[34.25962,-15.8702],[34.25984,-15.86992],[34.25984,-15.86947],[34.25956,-15.86917],[34.25926,-15.86893],[34.25903,-15.86863],[34.25892,-15.86832],[34.25884,-15.86734],[34.25851,-15.86706],[34.25817,-15.86659],[34.25801,-15.8661],[34.25763,-15.86579],[34.25751,-15.86557],[34.25746,-15.86531],[34.25746,-15.86494],[34.25729,-15.86467],[34.25694,-15.86458],[34.25673,-15.86415],[34.25671,-15.86379],[34.25671,-15.86362],[34.25686,-15.86344],[34.25694,-15.86314],[34.25692,-15.86241],[34.2572,-15.86205],[34.25756,-15.86134],[34.25759,-15.86023],[34.25763,-15.85989],[34.25778,-15.8595],[34.25779,-15.85904],[34.2579,-15.85874],[34.25854,-15.85835],[34.25864,-15.85776],[34.25812,-15.85707],[34.25759,-15.85625],[34.25676,-15.85583],[34.256,-15.85577],[34.25485,-15.85528],[34.25427,-15.8549],[34.25402,-15.85464],[34.2537,-15.85442],[34.25328,-15.85438],[34.25296,-15.85412],[34.25218,-15.8538],[34.2518,-15.8535],[34.25154,-15.85311],[34.25148,-15.85266],[34.2515,-15.85225],[34.25248,-15.85058],[34.25257,-15.8502],[34.25278,-15.84982],[34.25231,-15.8493],[34.25233,-15.84891],[34.25195,-15.84848],[34.25224,-15.84809],[34.25274,-15.84784],[34.25283,-15.84717],[34.25276,-15.84685],[34.25257,-15.84655],[34.25231,-15.84636],[34.25199,-15.84625],[34.25145,-15.84629],[34.2512,-15.84647],[34.2509,-15.84651],[34.25004,-15.84651],[34.24968,-15.84642],[34.24942,-15.84617],[34.24933,-15.84582],[34.24931,-15.84546],[34.24948,-15.84427],[34.24914,-15.84407],[34.24944,-15.84378],[34.24983,-15.84332],[34.24992,-15.84303],[34.25062,-15.84237],[34.25093,-15.84234],[34.25136,-15.84244],[34.25182,-15.84237],[34.25181,-15.84269],[34.2521,-15.84282],[34.25227,-15.84252],[34.25221,-15.84224],[34.25231,-15.84158],[34.2523,-15.8412],[34.25245,-15.84074],[34.25273,-15.84039],[34.25309,-15.84014],[34.25347,-15.84013],[34.25359,-15.8399],[34.2542,-15.83986],[34.25443,-15.83952],[34.25486,-15.83913],[34.25486,-15.83887],[34.25471,-15.83834],[34.25441,-15.83773],[34.25465,-15.83748],[34.25473,-15.83699],[34.25495,-15.83622],[34.25533,-15.83591],[34.25586,-15.83586],[34.2557,-15.83555],[34.25592,-15.83471],[34.25538,-15.83394],[34.25587,-15.8336],[34.25628,-15.83305],[34.2568,-15.83291],[34.25701,-15.83262],[34.2569,-15.83221],[34.25714,-15.83198],[34.25755,-15.83181],[34.25821,-15.83172],[34.25809,-15.83111],[34.25874,-15.83063],[34.25812,-15.83017],[34.2581,-15.82981],[34.25796,-15.8296],[34.25743,-15.82923],[34.25801,-15.82876],[34.25778,-15.82844],[34.25701,-15.82801],[34.25576,-15.82771],[34.25551,-15.82741],[34.25533,-15.82709],[34.25538,-15.82666],[34.2558,-15.82647],[34.25588,-15.82623],[34.25546,-15.82572],[34.25545,-15.82557],[34.25561,-15.82524],[34.25568,-15.82466],[34.25529,-15.82441],[34.25529,-15.82409],[34.25542,-15.82377],[34.25563,-15.82364],[34.25628,-15.82351],[34.25658,-15.82338],[34.25699,-15.82301],[34.25729,-15.82301],[34.25767,-15.82259],[34.25799,-15.82237],[34.2583,-15.8224],[34.25872,-15.82264],[34.25897,-15.82249],[34.25903,-15.82202],[34.25932,-15.82176],[34.25945,-15.82134],[34.26003,-15.82081],[34.26014,-15.81967],[34.26024,-15.81911],[34.26052,-15.81901],[34.26088,-15.81925],[34.26099,-15.8189],[34.26123,-15.81865],[34.26152,-15.8185],[34.26174,-15.81825],[34.26201,-15.81813],[34.26255,-15.81816],[34.26316,-15.81804],[34.2642,-15.81862],[34.26457,-15.81878],[34.26499,-15.81889],[34.26548,-15.81925],[34.26643,-15.8187],[34.26687,-15.81868],[34.2673,-15.81883],[34.26776,-15.81878],[34.26835,-15.81879],[34.26885,-15.81872],[34.2698,-15.8187],[34.27003,-15.81845],[34.27018,-15.81808],[34.27013,-15.81744],[34.27017,-15.81713],[34.27007,-15.81635],[34.27038,-15.81614],[34.2709,-15.81562],[34.27118,-15.81553],[34.27199,-15.8156],[34.27285,-15.81547],[34.27317,-15.81526],[34.27362,-15.81459],[34.27373,-15.81373],[34.27364,-15.812],[34.27358,-15.81163],[34.27242,-15.81054],[34.27171,-15.80955],[34.27165,-15.80912],[34.27188,-15.80852],[34.27186,-15.80825],[34.2713,-15.80724],[34.2712,-15.80692],[34.27113,-15.80649],[34.2707,-15.80542],[34.27073,-15.80507],[34.27049,-15.80434],[34.27025,-15.80432],[34.26994,-15.80399],[34.26972,-15.80364],[34.26984,-15.80338],[34.27005,-15.80255],[34.26996,-15.80202],[34.27006,-15.80174],[34.27016,-15.80093],[34.2703,-15.8007],[34.27087,-15.80064],[34.27101,-15.80056],[34.27139,-15.80008],[34.27171,-15.79997],[34.27195,-15.79974],[34.27212,-15.79939],[34.27215,-15.79922],[34.27213,-15.799],[34.27174,-15.79809],[34.2718,-15.79758],[34.27195,-15.79725],[34.27199,-15.79676],[34.27227,-15.79653],[34.27269,-15.79585],[34.27323,-15.79528],[34.27373,-15.79463],[34.27407,-15.7944],[34.27459,-15.79419],[34.27522,-15.79386],[34.27543,-15.7935],[34.27557,-15.79311],[34.27681,-15.792],[34.27805,-15.79178],[34.27852,-15.79212],[34.27883,-15.79212],[34.27904,-15.79185],[34.28077,-15.79064],[34.28092,-15.79009],[34.28115,-15.78977],[34.28131,-15.78935],[34.28138,-15.789],[34.28177,-15.78852],[34.2824,-15.78811],[34.28214,-15.78779],[34.282,-15.78727],[34.28269,-15.78681],[34.2833,-15.78666],[34.28349,-15.78658],[34.28365,-15.78658],[34.28378,-15.78647],[34.2841,-15.78649],[34.28429,-15.78657],[34.28417,-15.78676],[34.28448,-15.78691],[34.28584,-15.78815],[34.28596,-15.78812],[34.28609,-15.788],[34.28647,-15.78739],[34.287,-15.78685],[34.28714,-15.78625],[34.28801,-15.78428],[34.28877,-15.78188],[34.28897,-15.78132],[34.28927,-15.78073],[34.29123,-15.77817],[34.29247,-15.77665],[34.29528,-15.77371],[34.29536,-15.7736],[34.29591,-15.77286],[34.29733,-15.77069],[34.2977,-15.76987],[34.29788,-15.7691],[34.29818,-15.7669],[34.29845,-15.76449],[34.29891,-15.7622],[35.01328,-15.76254],[35.01487,-16.13019],[35.40164,-16.13004]]]},"properties":{"name":"BLOCK 6","status":"CURRENT","country":"Malawi","area_sqkm":"8347.14211667296","shore_status":"ONSHORE"}},{"type":"Feature","id":"mps_mapping_block.3834dcca-5c2d-4740-94b6-fa5c3899eec2","geometry":{"type":"Polygon","coordinates":[[[34.75009,-21.24822],[34.75,-21.2333],[34.75,-21.1667],[34.95,-21.1667],[34.95,-21.25],[34.75009,-21.24822]]]},"properties":{"name":"PANDA/TEMANE PSA 2","status":"CURRENT","country":"Mozambique","area_sqkm":"189.463267254886","shore_status":"ONSHORE"}},{"type":"Feature","id":"mps_mapping_block.450ffec3-fe0e-497e-a181-15c46dc02f35","geometry":{"type":"Polygon","coordinates":[[[34.9193,-21.9223],[34.9193,-21.667],[34.95,-21.667],[34.95,-21.65],[35.0834,-21.65],[35.0834,-21.5862],[35.1967,-21.5862],[35.24283,-21.58758],[35.2511,-21.61446],[35.26764,-21.68475],[35.27177,-21.76331],[35.28004,-21.81707],[35.28418,-21.8336],[35.29865,-21.85841],[35.30692,-21.88529],[35.3076,-21.922],[35.167,-21.922],[35.167,-21.8365],[35.1,-21.8365],[35.1,-21.9167],[35.0833,-21.9167],[35.0833,-21.9223],[34.9193,-21.9223]]]},"properties":{"name":"TEMANE","status":"CURRENT","country":"Mozambique","area_sqkm":"1177.849709914","shore_status":"BOTH"}},{"type":"Feature","id":"mps_mapping_block.99980683-25f1-4a54-8293-f3598f7cde6a","geometry":{"type":"Polygon","coordinates":[[[33.49755,-22.48702],[33.50054,-21.78723],[33.82053,-21.74536],[33.91623,-21.71546],[34.00295,-21.67957],[34.03585,-21.6706],[34.03286,-21.64967],[34.02389,-21.63471],[34.02389,-21.61976],[34.02688,-21.60481],[34.02688,-21.58985],[34.02688,-21.58387],[34.00893,-21.57191],[34.00594,-21.56593],[34.00594,-21.53902],[34.00594,-21.52107],[34.00295,-21.50313],[34.00594,-21.50014],[34.6011,-21.5],[34.6011,-21.6332],[34.563,-21.6332],[34.56263,-21.97432],[34.1465,-21.97264],[34.14351,-22.48702],[33.49755,-22.48702]]]},"properties":{"name":"AREA A","status":"CURRENT","country":"Mozambique","area_sqkm":"8153.14611142915","shore_status":"ONSHORE"}},{"type":"Feature","id":"mps_mapping_block.729bd53f-d179-4549-a02a-bca51fe59fba","geometry":{"type":"Polygon","coordinates":[[[35.0,-21.25],[35.0,-21.3361],[34.95,-21.3362],[34.91566,-21.33585],[34.91585,-21.50004],[34.8334,-21.5],[34.8334,-21.5834],[34.75,-21.5834],[34.75009,-21.24822],[34.95,-21.25],[35.0,-21.25]]]},"properties":{"name":"PANDE","status":"CURRENT","country":"Mozambique","area_sqkm":"640.797892298867","shore_status":"ONSHORE"}},{"type":"Feature","id":"mps_mapping_block.8140a2dd-0a0f-410f-81ca-d4f12a185e27","geometry":{"type":"Polygon","coordinates":[[[35.5833,-21.0005],[35.5417,-21.4583],[35.3167,-21.4583],[35.3167,-21.4974],[35.2015,-21.4904],[35.1849,-21.478],[35.1684,-21.4491],[35.1477,-21.4325],[35.1312,-21.3953],[35.1229,-21.354],[35.1064,-21.3126],[35.1064,-21.3043],[35.1064,-21.2961],[35.1105,-21.2857],[35.1002,-21.2857],[35.0878,-21.3043],[35.0774,-21.3064],[35.0754,-21.3002],[35.0754,-21.2775],[35.063,-21.2651],[35.0568,-21.2527],[35.0754,-21.234],[35.0857,-21.2278],[35.0878,-21.2237],[35.0795,-21.2072],[35.0671,-21.1948],[35.0692,-21.1762],[35.063,-21.17],[35.0671,-21.1513],[35.0588,-21.1265],[35.0526,-21.11],[35.0609,-21.0873],[35.0754,-21.0645],[35.0774,-21.0562],[35.0712,-21.0418],[35.0526,-21.0294],[35.0444,-21.017],[35.0444,-20.9922],[35.0464,-20.9818],[35.0423,-20.9425],[35.0299,-20.926],[35.0175,-20.8991],[35.0133,-20.895],[35.0109,-20.8339],[35.0372,-20.8335],[35.25,-20.8338],[35.25,-21.0],[35.2506,-21.0],[35.2506,-21.0005],[35.5833,-21.0005]]]},"properties":{"name":"AREA 16 AND 19","status":"CURRENT","country":"Mozambique","area_sqkm":"2974.571648207","shore_status":"BOTH"}},{"type":"Feature","id":"mps_mapping_block.8e6453fa-87fe-44a9-8f02-01a0c4af84c3","geometry":{"type":"Polygon","coordinates":[[[34.95,-21.3362],[34.95,-21.38333],[35.0,-21.3833],[35.0,-21.5],[34.9169,-21.5],[34.91566,-21.33585],[34.95,-21.3362]]]},"properties":{"name":"PANDA/TEMANE PSA 3","status":"CURRENT","country":"Mozambique","area_sqkm":"130.438792175501","shore_status":"ONSHORE"}},{"type":"Feature","id":"mps_mapping_block.9d26a33c-cd7d-425f-b140-fc4bb902e0fc","geometry":{"type":"Polygon","coordinates":[[[35.35735,-14.0261],[35.38837,-14.06075],[35.48678,-14.17066],[35.52063,-14.25923],[35.60831,-14.36309],[35.62347,-14.38106],[35.70933,-14.48276],[35.80489,-14.59595],[35.85895,-14.65999],[35.8721,-14.67562],[35.87211,-14.81161],[35.87211,-14.89536],[35.91857,-14.89535],[35.87814,-14.98178],[35.86804,-15.00202],[35.79007,-15.16996],[35.84224,-15.37009],[35.85311,-15.41914],[35.85232,-15.43423],[35.85137,-15.44601],[35.84469,-15.52849],[35.84247,-15.55283],[35.84016,-15.57727],[35.82887,-15.70724],[35.82675,-15.73157],[35.82264,-15.79469],[35.81931,-15.84949],[35.81732,-15.8843],[35.81672,-15.89275],[35.81432,-15.92609],[35.81382,-15.93479],[35.81361,-15.93521],[35.8133,-15.93529],[35.81317,-15.93542],[35.81301,-15.93542],[35.81263,-15.9353],[35.81249,-15.93531],[35.81231,-15.93557],[35.81218,-15.9356],[35.81203,-15.93578],[35.81194,-15.93592],[35.81205,-15.93619],[35.8119,-15.93665],[35.81197,-15.93701],[35.8116,-15.93717],[35.81137,-15.93703],[35.8111,-15.93709],[35.81102,-15.93718],[35.81107,-15.93748],[35.81105,-15.93764],[35.81112,-15.93768],[35.81117,-15.93791],[35.81091,-15.93814],[35.81082,-15.93831],[35.81097,-15.93889],[35.81116,-15.93913],[35.81111,-15.9392],[35.81103,-15.93915],[35.81089,-15.93917],[35.81063,-15.93932],[35.81048,-15.93933],[35.81034,-15.93948],[35.81029,-15.93966],[35.8102,-15.93977],[35.81023,-15.93993],[35.81039,-15.94005],[35.8106,-15.94005],[35.81086,-15.94019],[35.81098,-15.94016],[35.81117,-15.94028],[35.81119,-15.94035],[35.81101,-15.94055],[35.81046,-15.94073],[35.81043,-15.94083],[35.81031,-15.94092],[35.81038,-15.94124],[35.81042,-15.94129],[35.81069,-15.94128],[35.81076,-15.94132],[35.81075,-15.94139],[35.8105,-15.94164],[35.81021,-15.94176],[35.81012,-15.94185],[35.80985,-15.94198],[35.80976,-15.94242],[35.81011,-15.94272],[35.81013,-15.94299],[35.81029,-15.94329],[35.81023,-15.94347],[35.81041,-15.94364],[35.81055,-15.9437],[35.81071,-15.9437],[35.81081,-15.94379],[35.81101,-15.94434],[35.81099,-15.94451],[35.81104,-15.94481],[35.81118,-15.9452],[35.81115,-15.94534],[35.8111,-15.94533],[35.8109,-15.9455],[35.81081,-15.94573],[35.81082,-15.94578],[35.81076,-15.94585],[35.81066,-15.94587],[35.81053,-15.94607],[35.81053,-15.94619],[35.81061,-15.94623],[35.81063,-15.94635],[35.81052,-15.9467],[35.8104,-15.94689],[35.81034,-15.94686],[35.8101,-15.94713],[35.81,-15.94714],[35.80996,-15.94703],[35.80988,-15.94703],[35.80969,-15.94718],[35.80972,-15.94718],[35.80953,-15.94752],[35.80954,-15.94768],[35.8096,-15.94779],[35.8094,-15.94834],[35.8092,-15.9484],[35.80908,-15.94836],[35.80895,-15.94825],[35.80866,-15.94851],[35.80863,-15.94888],[35.80873,-15.94896],[35.80873,-15.94909],[35.80878,-15.94916],[35.80878,-15.94963],[35.80854,-15.94985],[35.80832,-15.94989],[35.80823,-15.94986],[35.80811,-15.94997],[35.80807,-15.95028],[35.80809,-15.95037],[35.80818,-15.95041],[35.80824,-15.95035],[35.80841,-15.95039],[35.80846,-15.95045],[35.80863,-15.95047],[35.80877,-15.95066],[35.80874,-15.95072],[35.80868,-15.95077],[35.80852,-15.95087],[35.80842,-15.95127],[35.80805,-15.95145],[35.80799,-15.95178],[35.80758,-15.95228],[35.80754,-15.95256],[35.80764,-15.95264],[35.80765,-15.9527],[35.80754,-15.95284],[35.80757,-15.95298],[35.80746,-15.95306],[35.80748,-15.95322],[35.8074,-15.95333],[35.80669,-15.95373],[35.80646,-15.95417],[35.80647,-15.95435],[35.80658,-15.95453],[35.80691,-15.95462],[35.8071,-15.95461],[35.80714,-15.95443],[35.8072,-15.95436],[35.80756,-15.95442],[35.80779,-15.95426],[35.80813,-15.95419],[35.80822,-15.95439],[35.80822,-15.95478],[35.80811,-15.95482],[35.80804,-15.9549],[35.808,-15.9551],[35.80789,-15.95531],[35.80739,-15.95543],[35.80725,-15.95553],[35.8068,-15.95555],[35.80655,-15.9553],[35.80623,-15.95524],[35.80602,-15.95532],[35.80593,-15.95546],[35.80591,-15.9556],[35.806,-15.95579],[35.806,-15.95616],[35.80619,-15.95652],[35.80706,-15.95665],[35.80722,-15.95681],[35.80729,-15.95703],[35.80724,-15.95712],[35.80719,-15.95714],[35.8071,-15.95704],[35.80704,-15.95706],[35.80697,-15.95716],[35.8062,-15.95744],[35.80601,-15.95778],[35.806,-15.958],[35.80608,-15.95813],[35.80616,-15.95851],[35.80632,-15.95873],[35.8065,-15.95873],[35.80662,-15.95868],[35.8067,-15.95847],[35.80702,-15.95852],[35.80767,-15.95882],[35.8079,-15.95875],[35.80803,-15.95877],[35.80809,-15.95915],[35.80798,-15.95951],[35.808,-15.95969],[35.80794,-15.95995],[35.80751,-15.96006],[35.80732,-15.96003],[35.80736,-15.95994],[35.80733,-15.95985],[35.80706,-15.95971],[35.80698,-15.95975],[35.80696,-15.95989],[35.80675,-15.95997],[35.80666,-15.96007],[35.80662,-15.96023],[35.80665,-15.96033],[35.80648,-15.96065],[35.8065,-15.96078],[35.80659,-15.96079],[35.80662,-15.96097],[35.8064,-15.96105],[35.80589,-15.96138],[35.80564,-15.96165],[35.80552,-15.9619],[35.80552,-15.96204],[35.80556,-15.9621],[35.80569,-15.962],[35.80578,-15.962],[35.80579,-15.96189],[35.80591,-15.96191],[35.80604,-15.96209],[35.80601,-15.96221],[35.80591,-15.96234],[35.80586,-15.96233],[35.80587,-15.96248],[35.80608,-15.96281],[35.80608,-15.96308],[35.80621,-15.9636],[35.80616,-15.96398],[35.80621,-15.96412],[35.80611,-15.9643],[35.80593,-15.96442],[35.80588,-15.96442],[35.80584,-15.96429],[35.80576,-15.96428],[35.80523,-15.96468],[35.8053,-15.96498],[35.80576,-15.96494],[35.80599,-15.96505],[35.80634,-15.96504],[35.80656,-15.96518],[35.80663,-15.96539],[35.8066,-15.96547],[35.80665,-15.96558],[35.80685,-15.96566],[35.80707,-15.96589],[35.80706,-15.96603],[35.80674,-15.96626],[35.80671,-15.96653],[35.80678,-15.96672],[35.80692,-15.96684],[35.80707,-15.96685],[35.80726,-15.96707],[35.80753,-15.96717],[35.80759,-15.96701],[35.80799,-15.96686],[35.80807,-15.96724],[35.808,-15.96773],[35.80773,-15.96798],[35.80743,-15.96845],[35.80729,-15.96855],[35.80722,-15.96856],[35.80696,-15.96857],[35.80682,-15.96851],[35.80658,-15.96848],[35.80645,-15.96854],[35.80643,-15.96873],[35.80652,-15.96898],[35.80665,-15.96918],[35.80663,-15.96933],[35.80652,-15.9696],[35.80643,-15.96971],[35.80607,-15.96978],[35.806,-15.96983],[35.80589,-15.97003],[35.80583,-15.97025],[35.80588,-15.97051],[35.80599,-15.97058],[35.80658,-15.97059],[35.80678,-15.97046],[35.80706,-15.97066],[35.80709,-15.97096],[35.80709,-15.97097],[35.80702,-15.97114],[35.80731,-15.97133],[35.80722,-15.97148],[35.80735,-15.9719],[35.8074,-15.97195],[35.80734,-15.97203],[35.8074,-15.97212],[35.80743,-15.97246],[35.80746,-15.9725],[35.80727,-15.97267],[35.80711,-15.97262],[35.807,-15.97268],[35.80698,-15.97284],[35.80701,-15.97289],[35.80733,-15.97287],[35.80743,-15.97294],[35.80746,-15.97316],[35.8074,-15.97329],[35.80725,-15.97338],[35.80703,-15.97342],[35.80688,-15.97365],[35.80704,-15.97384],[35.80716,-15.97386],[35.80722,-15.97406],[35.80706,-15.97434],[35.80675,-15.97441],[35.80676,-15.97454],[35.80688,-15.97472],[35.80738,-15.97503],[35.80745,-15.97517],[35.80742,-15.97521],[35.80721,-15.97529],[35.80717,-15.97542],[35.80722,-15.97547],[35.80721,-15.97564],[35.80682,-15.97578],[35.80666,-15.97597],[35.80645,-15.9761],[35.80641,-15.9762],[35.80643,-15.9763],[35.80672,-15.97643],[35.80691,-15.97643],[35.80699,-15.97629],[35.80695,-15.97618],[35.80719,-15.97617],[35.80725,-15.97622],[35.80729,-15.97629],[35.80726,-15.97641],[35.80731,-15.97659],[35.80724,-15.97668],[35.80726,-15.97678],[35.8071,-15.97699],[35.80684,-15.97698],[35.80677,-15.97708],[35.80639,-15.97718],[35.80616,-15.97737],[35.80621,-15.9775],[35.80616,-15.9777],[35.8062,-15.97806],[35.80627,-15.97817],[35.8063,-15.97813],[35.80648,-15.97814],[35.80666,-15.97825],[35.80668,-15.97831],[35.80666,-15.97846],[35.80659,-15.97847],[35.80655,-15.97858],[35.80649,-15.97861],[35.80655,-15.97888],[35.80665,-15.97896],[35.80677,-15.97885],[35.80688,-15.97887],[35.80692,-15.97912],[35.80685,-15.97953],[35.80696,-15.97986],[35.80685,-15.98018],[35.80687,-15.98046],[35.80696,-15.98062],[35.80723,-15.98077],[35.80735,-15.98076],[35.80734,-15.98082],[35.80743,-15.98086],[35.80744,-15.98096],[35.80736,-15.9812],[35.80726,-15.98135],[35.80708,-15.9814],[35.80696,-15.98136],[35.80677,-15.98146],[35.80605,-15.98163],[35.80588,-15.98175],[35.80578,-15.98205],[35.80599,-15.98221],[35.8061,-15.98245],[35.80621,-15.98254],[35.80631,-15.98253],[35.80644,-15.98259],[35.80669,-15.98278],[35.80659,-15.98291],[35.80659,-15.98321],[35.80682,-15.98333],[35.807,-15.98332],[35.80708,-15.98346],[35.80708,-15.98363],[35.80699,-15.98389],[35.80696,-15.98431],[35.80672,-15.98494],[35.80673,-15.98501],[35.80684,-15.98509],[35.80691,-15.98543],[35.80691,-15.98579],[35.807,-15.98599],[35.80712,-15.98613],[35.80708,-15.98634],[35.80718,-15.98644],[35.80718,-15.9867],[35.80707,-15.98705],[35.80683,-15.98728],[35.80676,-15.98733],[35.80665,-15.98729],[35.80634,-15.98728],[35.80627,-15.98738],[35.80622,-15.98764],[35.8064,-15.98797],[35.80634,-15.9882],[35.8062,-15.98828],[35.80618,-15.9884],[35.80625,-15.98857],[35.80637,-15.98835],[35.80649,-15.98827],[35.80687,-15.98852],[35.80695,-15.98882],[35.80722,-15.98888],[35.80714,-15.98936],[35.80734,-15.9898],[35.80741,-15.98984],[35.8075,-15.99],[35.8075,-15.99021],[35.80744,-15.99035],[35.8073,-15.99047],[35.80717,-15.99043],[35.80715,-15.99028],[35.80704,-15.99022],[35.80684,-15.99034],[35.80681,-15.99051],[35.8069,-15.99087],[35.80694,-15.99093],[35.80709,-15.99094],[35.80724,-15.9911],[35.80716,-15.99126],[35.80716,-15.99126],[35.80697,-15.99134],[35.8068,-15.99171],[35.80666,-15.99178],[35.80649,-15.9921],[35.80659,-15.99242],[35.80664,-15.9925],[35.80675,-15.99256],[35.80703,-15.99264],[35.80753,-15.99255],[35.80777,-15.99264],[35.80799,-15.9928],[35.80798,-15.99302],[35.80776,-15.99309],[35.80771,-15.99322],[35.80776,-15.99328],[35.80794,-15.99327],[35.80819,-15.99346],[35.80848,-15.99356],[35.80863,-15.99372],[35.80872,-15.99409],[35.80871,-15.99431],[35.80858,-15.99445],[35.80858,-15.99473],[35.80869,-15.99496],[35.80885,-15.99504],[35.80887,-15.99512],[35.80932,-15.9952],[35.80945,-15.99526],[35.80953,-15.99538],[35.80966,-15.99541],[35.81008,-15.99532],[35.81042,-15.99518],[35.81067,-15.99518],[35.8109,-15.99527],[35.81111,-15.9955],[35.81113,-15.99569],[35.81109,-15.99575],[35.81075,-15.99575],[35.81065,-15.99587],[35.81065,-15.99615],[35.81109,-15.99637],[35.81125,-15.9964],[35.81144,-15.99635],[35.81175,-15.9964],[35.81188,-15.99654],[35.81196,-15.99676],[35.8121,-15.9969],[35.81222,-15.99718],[35.81245,-15.99735],[35.8126,-15.99737],[35.81296,-15.99731],[35.81319,-15.99713],[35.81344,-15.99673],[35.81344,-15.9966],[35.81329,-15.99625],[35.81332,-15.9961],[35.81344,-15.99602],[35.81358,-15.996],[35.8137,-15.99606],[35.81379,-15.9963],[35.81392,-15.9964],[35.81399,-15.99659],[35.81409,-15.99668],[35.81423,-15.99669],[35.81441,-15.99664],[35.81455,-15.99648],[35.81461,-15.99558],[35.81467,-15.99547],[35.81488,-15.99539],[35.81498,-15.99542],[35.81509,-15.99553],[35.81526,-15.99581],[35.8154,-15.99586],[35.81549,-15.99584],[35.81556,-15.99571],[35.81586,-15.99548],[35.81618,-15.9955],[35.81632,-15.99555],[35.8164,-15.99575],[35.81631,-15.99611],[35.81637,-15.99636],[35.8163,-15.99689],[35.81644,-15.997],[35.81663,-15.99707],[35.81696,-15.99707],[35.81706,-15.99714],[35.81717,-15.9973],[35.81735,-15.99731],[35.81747,-15.99728],[35.81757,-15.99714],[35.81756,-15.99701],[35.81743,-15.99691],[35.81745,-15.99682],[35.81755,-15.99676],[35.81777,-15.99678],[35.81787,-15.99689],[35.81804,-15.99699],[35.81799,-15.99737],[35.81779,-15.9975],[35.81747,-15.99789],[35.81723,-15.99856],[35.81745,-15.9989],[35.81748,-15.99913],[35.81736,-15.99938],[35.8174,-15.99963],[35.81733,-15.99976],[35.81717,-15.99988],[35.81715,-15.99994],[35.81722,-16.00007],[35.81753,-16.0002],[35.81773,-16.00048],[35.81768,-16.00062],[35.81759,-16.0007],[35.81745,-16.00074],[35.81702,-16.00104],[35.81713,-16.00113],[35.81727,-16.00144],[35.8175,-16.00165],[35.81825,-16.00191],[35.8187,-16.00191],[35.81877,-16.002],[35.81871,-16.00226],[35.81865,-16.00228],[35.8185,-16.00245],[35.81831,-16.00252],[35.81821,-16.00268],[35.8182,-16.00279],[35.81835,-16.00278],[35.81846,-16.0029],[35.81837,-16.00314],[35.81836,-16.00327],[35.8183,-16.00336],[35.81836,-16.00363],[35.81894,-16.00413],[35.81906,-16.00442],[35.81905,-16.00484],[35.81894,-16.00512],[35.81887,-16.00528],[35.81877,-16.00533],[35.81859,-16.00557],[35.81857,-16.00567],[35.81865,-16.00579],[35.81898,-16.00596],[35.81911,-16.00615],[35.81915,-16.0065],[35.81921,-16.0066],[35.81914,-16.00693],[35.81898,-16.00698],[35.81887,-16.00683],[35.81845,-16.00689],[35.81838,-16.00694],[35.81829,-16.00716],[35.81833,-16.00735],[35.8184,-16.0074],[35.81859,-16.00741],[35.81869,-16.00751],[35.81871,-16.00771],[35.81852,-16.0079],[35.81852,-16.00823],[35.81857,-16.00833],[35.81863,-16.00841],[35.81883,-16.00847],[35.81905,-16.00847],[35.81915,-16.00859],[35.81917,-16.00878],[35.8191,-16.00897],[35.81899,-16.0091],[35.81894,-16.00922],[35.81895,-16.00937],[35.81887,-16.00948],[35.81843,-16.00971],[35.81815,-16.01001],[35.81743,-16.01027],[35.8171,-16.01061],[35.81703,-16.01077],[35.81706,-16.01086],[35.8172,-16.01091],[35.81727,-16.01087],[35.81745,-16.0109],[35.81755,-16.01082],[35.81772,-16.01077],[35.8181,-16.01094],[35.81816,-16.011],[35.81802,-16.01136],[35.81809,-16.01163],[35.81864,-16.01197],[35.81896,-16.01209],[35.81906,-16.01217],[35.81926,-16.01249],[35.81916,-16.01271],[35.81864,-16.01275],[35.81846,-16.0129],[35.81839,-16.01308],[35.81841,-16.01329],[35.81846,-16.01333],[35.81869,-16.01328],[35.81903,-16.01308],[35.81917,-16.01312],[35.81923,-16.01324],[35.81918,-16.01339],[35.81889,-16.0136],[35.81871,-16.0138],[35.81866,-16.01389],[35.81868,-16.01401],[35.81868,-16.01404],[35.8183,-16.01438],[35.81822,-16.01458],[35.81802,-16.0148],[35.81776,-16.01491],[35.81765,-16.0149],[35.81751,-16.01478],[35.81711,-16.01466],[35.81677,-16.01448],[35.81669,-16.01448],[35.81651,-16.01456],[35.81643,-16.01464],[35.81633,-16.01491],[35.81614,-16.01504],[35.81608,-16.01528],[35.81614,-16.01544],[35.81651,-16.01552],[35.81657,-16.01559],[35.81654,-16.01578],[35.81641,-16.01607],[35.81643,-16.01615],[35.81666,-16.01626],[35.81683,-16.01621],[35.81693,-16.01633],[35.81692,-16.01651],[35.81666,-16.01661],[35.81653,-16.01673],[35.81654,-16.01679],[35.81681,-16.01691],[35.81687,-16.01689],[35.81691,-16.01675],[35.81705,-16.0168],[35.81711,-16.01687],[35.8171,-16.01699],[35.81722,-16.01733],[35.81743,-16.01754],[35.81751,-16.01783],[35.81764,-16.01794],[35.81786,-16.01787],[35.818,-16.018],[35.81819,-16.0181],[35.81842,-16.01797],[35.81863,-16.01808],[35.81869,-16.01815],[35.81872,-16.01828],[35.81868,-16.01836],[35.81854,-16.01844],[35.81823,-16.01849],[35.8181,-16.01861],[35.81819,-16.01879],[35.81839,-16.01891],[35.81867,-16.01862],[35.81887,-16.01861],[35.81894,-16.01874],[35.81892,-16.01879],[35.81874,-16.01884],[35.81873,-16.01899],[35.81879,-16.01907],[35.81911,-16.01924],[35.81908,-16.01941],[35.81894,-16.01954],[35.81893,-16.01967],[35.81909,-16.01978],[35.81902,-16.02012],[35.81893,-16.02019],[35.81882,-16.0202],[35.81871,-16.0201],[35.81859,-16.02006],[35.81841,-16.02016],[35.81836,-16.02026],[35.81842,-16.02037],[35.8184,-16.02054],[35.81854,-16.02077],[35.8185,-16.02084],[35.81833,-16.0209],[35.81839,-16.02119],[35.8185,-16.02126],[35.81875,-16.02129],[35.81878,-16.0215],[35.81872,-16.02165],[35.81849,-16.02192],[35.81824,-16.02201],[35.81818,-16.02194],[35.81822,-16.02183],[35.81813,-16.02165],[35.81816,-16.02154],[35.81826,-16.02154],[35.81831,-16.02146],[35.8182,-16.02125],[35.81794,-16.02139],[35.81768,-16.02172],[35.81771,-16.02182],[35.81788,-16.02194],[35.81788,-16.02219],[35.81779,-16.02231],[35.81751,-16.02248],[35.81783,-16.02294],[35.81781,-16.02308],[35.81784,-16.02321],[35.81812,-16.02341],[35.81811,-16.02364],[35.81798,-16.0237],[35.81792,-16.02395],[35.81783,-16.02402],[35.81772,-16.02401],[35.81761,-16.02388],[35.81767,-16.02363],[35.81761,-16.02344],[35.81745,-16.02339],[35.81721,-16.02317],[35.8171,-16.02314],[35.81698,-16.02316],[35.8169,-16.02356],[35.81712,-16.02365],[35.81721,-16.02389],[35.81709,-16.02398],[35.81673,-16.02386],[35.81665,-16.02392],[35.81669,-16.02433],[35.81638,-16.02452],[35.81626,-16.02471],[35.81622,-16.02486],[35.81628,-16.0251],[35.8165,-16.02532],[35.81668,-16.02537],[35.8168,-16.02552],[35.81681,-16.02577],[35.81688,-16.02595],[35.81682,-16.02605],[35.81672,-16.0261],[35.81668,-16.02631],[35.81688,-16.02665],[35.81687,-16.02669],[35.81671,-16.02677],[35.81671,-16.0269],[35.81674,-16.02696],[35.81689,-16.02697],[35.81692,-16.02708],[35.81708,-16.02715],[35.81753,-16.02703],[35.81766,-16.02733],[35.81768,-16.02754],[35.81764,-16.02769],[35.8175,-16.02781],[35.81733,-16.02817],[35.8171,-16.02844],[35.81689,-16.02844],[35.81674,-16.02838],[35.81651,-16.02842],[35.81638,-16.02868],[35.81635,-16.0289],[35.81642,-16.02896],[35.8165,-16.02894],[35.81657,-16.02897],[35.81662,-16.02911],[35.8166,-16.02923],[35.81647,-16.02923],[35.81625,-16.02912],[35.81615,-16.02918],[35.81614,-16.02928],[35.81616,-16.02934],[35.81626,-16.02933],[35.81634,-16.02943],[35.81655,-16.02944],[35.81664,-16.02958],[35.81659,-16.02969],[35.81634,-16.02975],[35.81616,-16.02956],[35.81608,-16.02956],[35.81598,-16.02962],[35.81596,-16.02975],[35.81586,-16.02984],[35.81577,-16.02982],[35.81565,-16.02968],[35.81554,-16.02962],[35.8153,-16.02966],[35.81514,-16.02981],[35.81491,-16.02983],[35.81478,-16.0298],[35.81473,-16.02965],[35.81464,-16.0296],[35.81448,-16.0296],[35.81432,-16.02969],[35.81433,-16.02988],[35.81443,-16.02991],[35.81443,-16.02997],[35.81427,-16.03041],[35.81413,-16.0305],[35.81384,-16.03051],[35.81362,-16.0306],[35.81357,-16.03077],[35.8133,-16.0311],[35.81325,-16.0312],[35.81328,-16.03136],[35.81345,-16.03155],[35.81355,-16.03189],[35.81352,-16.03213],[35.8134,-16.03228],[35.81342,-16.03243],[35.81346,-16.0325],[35.81353,-16.03252],[35.81367,-16.03249],[35.81378,-16.0326],[35.81379,-16.03267],[35.81368,-16.03277],[35.81352,-16.0328],[35.81344,-16.03289],[35.81331,-16.03288],[35.81323,-16.03282],[35.81316,-16.03283],[35.81296,-16.03308],[35.81292,-16.03327],[35.813,-16.03339],[35.81307,-16.03379],[35.81318,-16.03385],[35.81321,-16.03395],[35.81301,-16.0344],[35.81308,-16.03463],[35.81305,-16.0347],[35.81314,-16.03487],[35.81313,-16.03509],[35.81296,-16.03513],[35.81279,-16.03512],[35.81267,-16.03493],[35.81264,-16.03465],[35.81252,-16.03454],[35.81243,-16.03454],[35.81237,-16.0346],[35.81237,-16.0348],[35.81232,-16.03488],[35.81214,-16.03496],[35.81194,-16.03493],[35.81185,-16.03498],[35.81169,-16.03521],[35.81141,-16.0354],[35.81129,-16.0357],[35.81106,-16.03601],[35.81092,-16.03612],[35.81083,-16.03614],[35.81066,-16.03609],[35.81051,-16.03583],[35.81044,-16.0358],[35.81014,-16.03586],[35.81009,-16.03598],[35.81014,-16.03607],[35.81041,-16.03607],[35.81049,-16.03611],[35.81052,-16.03626],[35.8102,-16.03641],[35.81001,-16.03641],[35.80997,-16.03645],[35.81,-16.03663],[35.81018,-16.0369],[35.80994,-16.03698],[35.80983,-16.03724],[35.80995,-16.03734],[35.81026,-16.03736],[35.81035,-16.03742],[35.81035,-16.03762],[35.81014,-16.03764],[35.80998,-16.03752],[35.80988,-16.03752],[35.80974,-16.03759],[35.80972,-16.03774],[35.80976,-16.03784],[35.80963,-16.03804],[35.80946,-16.03802],[35.80921,-16.03812],[35.80915,-16.03812],[35.80913,-16.03804],[35.80836,-16.03824],[35.80812,-16.03863],[35.80809,-16.03877],[35.80814,-16.0391],[35.80802,-16.03922],[35.80756,-16.0391],[35.80753,-16.03902],[35.80765,-16.03894],[35.80766,-16.03883],[35.8075,-16.03874],[35.80739,-16.03874],[35.80732,-16.03879],[35.80729,-16.03905],[35.80725,-16.03907],[35.80681,-16.03903],[35.80668,-16.03891],[35.80667,-16.0388],[35.80672,-16.03876],[35.80683,-16.03878],[35.80687,-16.03873],[35.80686,-16.03855],[35.8067,-16.03843],[35.80636,-16.03857],[35.80626,-16.03854],[35.80614,-16.03838],[35.80625,-16.03818],[35.80608,-16.03811],[35.80576,-16.03824],[35.80543,-16.03855],[35.80541,-16.03863],[35.8055,-16.0388],[35.80549,-16.03894],[35.80535,-16.03906],[35.80511,-16.03916],[35.80489,-16.03969],[35.80478,-16.03979],[35.80435,-16.03982],[35.80419,-16.03979],[35.80405,-16.03967],[35.80393,-16.03968],[35.80362,-16.03981],[35.80329,-16.03987],[35.80324,-16.03995],[35.80319,-16.04022],[35.80308,-16.04022],[35.80289,-16.04034],[35.80268,-16.04039],[35.80255,-16.0404],[35.80245,-16.04031],[35.8019,-16.04035],[35.80153,-16.04033],[35.80137,-16.04028],[35.80112,-16.04036],[35.801,-16.04063],[35.80088,-16.04135],[35.80074,-16.04161],[35.80055,-16.04176],[35.80028,-16.0417],[35.79992,-16.04155],[35.79924,-16.04161],[35.79913,-16.04149],[35.79891,-16.04139],[35.79878,-16.04141],[35.79872,-16.04145],[35.79869,-16.04155],[35.7986,-16.04159],[35.79837,-16.04151],[35.79819,-16.04156],[35.79804,-16.04146],[35.79795,-16.04147],[35.79776,-16.04155],[35.79742,-16.04191],[35.79721,-16.04214],[35.79716,-16.04224],[35.79702,-16.0423],[35.7969,-16.04228],[35.79674,-16.04206],[35.79665,-16.04202],[35.79662,-16.04203],[35.79661,-16.04217],[35.7964,-16.0423],[35.79634,-16.04244],[35.79629,-16.04244],[35.79606,-16.04224],[35.79594,-16.04225],[35.79585,-16.04233],[35.79546,-16.04234],[35.79529,-16.04281],[35.79519,-16.0429],[35.79487,-16.04288],[35.79484,-16.04282],[35.79494,-16.04272],[35.79495,-16.04261],[35.79484,-16.04254],[35.79475,-16.04255],[35.79448,-16.04292],[35.79427,-16.04308],[35.79416,-16.04309],[35.79381,-16.04288],[35.79362,-16.04286],[35.79345,-16.04308],[35.79323,-16.04324],[35.79316,-16.04349],[35.7932,-16.04368],[35.79318,-16.04402],[35.7933,-16.04423],[35.79328,-16.04469],[35.79349,-16.04493],[35.79344,-16.04502],[35.79346,-16.04525],[35.79334,-16.04566],[35.79332,-16.04587],[35.7932,-16.04609],[35.79319,-16.04643],[35.793,-16.04666],[35.79283,-16.04672],[35.7927,-16.04671],[35.79253,-16.04653],[35.79223,-16.04653],[35.79194,-16.04669],[35.79176,-16.04694],[35.79161,-16.04706],[35.79143,-16.04711],[35.79111,-16.04702],[35.79077,-16.04718],[35.79071,-16.04729],[35.79071,-16.04751],[35.79079,-16.04776],[35.79106,-16.04828],[35.79107,-16.04838],[35.791,-16.04845],[35.79081,-16.04851],[35.79047,-16.04846],[35.79037,-16.04849],[35.78999,-16.04836],[35.78986,-16.0482],[35.78994,-16.04809],[35.78995,-16.04778],[35.78991,-16.04773],[35.78974,-16.04769],[35.78968,-16.04773],[35.78963,-16.04787],[35.78951,-16.04791],[35.78946,-16.04769],[35.7893,-16.04756],[35.78908,-16.04761],[35.78908,-16.04776],[35.78897,-16.04794],[35.78873,-16.04812],[35.78855,-16.0481],[35.7883,-16.04818],[35.78828,-16.04834],[35.78822,-16.04843],[35.78816,-16.04844],[35.78803,-16.04838],[35.78791,-16.04824],[35.7877,-16.04821],[35.78769,-16.04797],[35.78756,-16.04781],[35.78721,-16.0477],[35.78716,-16.04772],[35.78712,-16.04788],[35.78715,-16.04814],[35.78708,-16.04826],[35.78626,-16.04851],[35.7861,-16.04849],[35.78576,-16.04869],[35.7857,-16.04886],[35.78575,-16.04903],[35.78564,-16.04919],[35.78554,-16.04957],[35.78508,-16.05024],[35.785,-16.05028],[35.78492,-16.05015],[35.78472,-16.05001],[35.78443,-16.04994],[35.78424,-16.04997],[35.78401,-16.05014],[35.78393,-16.05001],[35.78357,-16.04987],[35.78345,-16.04992],[35.78338,-16.05003],[35.78339,-16.0504],[35.78327,-16.0504],[35.78303,-16.05024],[35.78271,-16.0502],[35.78265,-16.05025],[35.78263,-16.05036],[35.78267,-16.05044],[35.7826,-16.05085],[35.7824,-16.05104],[35.78236,-16.05116],[35.78239,-16.05133],[35.78245,-16.05148],[35.78264,-16.0516],[35.78278,-16.05161],[35.78308,-16.05152],[35.78326,-16.05155],[35.78324,-16.0517],[35.78314,-16.0519],[35.78296,-16.05201],[35.78255,-16.05215],[35.78219,-16.05213],[35.782,-16.05202],[35.78195,-16.05196],[35.78197,-16.05189],[35.78187,-16.05179],[35.78142,-16.0516],[35.78112,-16.05156],[35.78095,-16.05165],[35.78082,-16.05181],[35.78069,-16.05186],[35.7805,-16.05202],[35.78045,-16.05222],[35.78026,-16.05248],[35.78016,-16.05278],[35.77991,-16.05307],[35.77986,-16.05318],[35.78006,-16.05367],[35.78011,-16.0539],[35.78022,-16.05407],[35.78022,-16.05425],[35.78015,-16.05434],[35.77992,-16.05443],[35.77987,-16.05449],[35.77923,-16.05472],[35.77851,-16.05498],[35.77768,-16.05516],[35.77745,-16.05543],[35.77733,-16.05549],[35.7771,-16.05552],[35.77697,-16.0557],[35.77688,-16.05569],[35.77683,-16.05575],[35.77653,-16.05587],[35.77602,-16.05596],[35.77547,-16.05551],[35.77523,-16.05549],[35.77513,-16.05542],[35.77496,-16.05526],[35.77496,-16.05504],[35.77488,-16.05499],[35.77452,-16.05502],[35.77416,-16.05485],[35.77405,-16.05472],[35.77398,-16.05464],[35.77386,-16.05459],[35.77384,-16.0544],[35.77378,-16.05432],[35.77362,-16.05426],[35.77336,-16.05435],[35.77264,-16.05437],[35.77251,-16.05445],[35.77235,-16.05472],[35.77234,-16.05474],[35.77166,-16.05499],[35.77133,-16.05505],[35.7712,-16.05514],[35.77119,-16.05542],[35.77091,-16.05561],[35.77069,-16.05566],[35.77049,-16.056],[35.77032,-16.05614],[35.77017,-16.05647],[35.76979,-16.05704],[35.76962,-16.05741],[35.76936,-16.05757],[35.76919,-16.05782],[35.76871,-16.05806],[35.76843,-16.05827],[35.76833,-16.05843],[35.76795,-16.05869],[35.76776,-16.05896],[35.76749,-16.0591],[35.76739,-16.05923],[35.76718,-16.05936],[35.76661,-16.06013],[35.76658,-16.06035],[35.76645,-16.06047],[35.76619,-16.06088],[35.76622,-16.06109],[35.76616,-16.06118],[35.76616,-16.06126],[35.76632,-16.06164],[35.76651,-16.06195],[35.76651,-16.06207],[35.76646,-16.06214],[35.76654,-16.06249],[35.76635,-16.06283],[35.76612,-16.06309],[35.76573,-16.06326],[35.76566,-16.06334],[35.76553,-16.0638],[35.76542,-16.06394],[35.76526,-16.06432],[35.76505,-16.06466],[35.76495,-16.06535],[35.76515,-16.06557],[35.76531,-16.06564],[35.76541,-16.06582],[35.76577,-16.06602],[35.76642,-16.06653],[35.7667,-16.06667],[35.76688,-16.06691],[35.76714,-16.06714],[35.76728,-16.06746],[35.76718,-16.06766],[35.76706,-16.06775],[35.76695,-16.06825],[35.76688,-16.0684],[35.76677,-16.06845],[35.76665,-16.06859],[35.76661,-16.06882],[35.76654,-16.06891],[35.76605,-16.06901],[35.76549,-16.06952],[35.76526,-16.06963],[35.76486,-16.06967],[35.76443,-16.06997],[35.76409,-16.07002],[35.76385,-16.06995],[35.76341,-16.0699],[35.76275,-16.06994],[35.76266,-16.07006],[35.76262,-16.07023],[35.76275,-16.07041],[35.76276,-16.0705],[35.76263,-16.07083],[35.76254,-16.07093],[35.7627,-16.07108],[35.76266,-16.07123],[35.76209,-16.07129],[35.762,-16.07127],[35.76197,-16.0713],[35.76188,-16.0715],[35.76197,-16.07187],[35.76192,-16.07208],[35.76198,-16.07223],[35.76194,-16.07235],[35.76177,-16.07258],[35.7612,-16.07296],[35.76103,-16.07321],[35.76058,-16.07368],[35.76042,-16.07389],[35.76026,-16.07425],[35.76003,-16.07448],[35.75935,-16.07457],[35.75908,-16.07468],[35.75854,-16.07465],[35.7581,-16.07479],[35.7578,-16.07475],[35.75771,-16.0746],[35.75761,-16.07458],[35.75717,-16.07488],[35.75681,-16.07493],[35.75646,-16.07492],[35.75632,-16.07502],[35.75575,-16.07526],[35.75535,-16.07521],[35.75504,-16.07526],[35.7542,-16.07548],[35.75392,-16.0755],[35.75358,-16.07559],[35.75344,-16.0756],[35.7534,-16.07557],[35.7533,-16.07551],[35.75327,-16.07547],[35.75334,-16.07538],[35.75331,-16.07522],[35.75314,-16.07509],[35.75294,-16.07498],[35.75277,-16.07501],[35.75268,-16.07503],[35.75264,-16.0751],[35.75269,-16.07531],[35.75239,-16.07546],[35.75237,-16.07555],[35.7523,-16.0756],[35.75209,-16.07566],[35.75185,-16.07558],[35.75174,-16.07549],[35.75167,-16.0752],[35.75178,-16.07515],[35.75181,-16.07507],[35.75173,-16.07482],[35.7512,-16.07443],[35.75099,-16.07437],[35.75009,-16.07439],[35.74958,-16.07458],[35.74951,-16.07467],[35.74951,-16.07488],[35.74933,-16.07511],[35.74887,-16.07532],[35.74872,-16.07548],[35.74867,-16.07562],[35.74843,-16.07597],[35.74814,-16.07615],[35.7476,-16.07602],[35.74751,-16.07594],[35.74714,-16.07593],[35.74698,-16.07609],[35.74684,-16.07614],[35.74675,-16.07629],[35.74634,-16.07647],[35.74623,-16.07646],[35.74613,-16.07631],[35.746,-16.07628],[35.74588,-16.07616],[35.74532,-16.07614],[35.74501,-16.07608],[35.74474,-16.07613],[35.7446,-16.0763],[35.7446,-16.07641],[35.74462,-16.0765],[35.74491,-16.07658],[35.74504,-16.07676],[35.74506,-16.0769],[35.74492,-16.07707],[35.74486,-16.07712],[35.74449,-16.07713],[35.74438,-16.07725],[35.74427,-16.0775],[35.74385,-16.07773],[35.74321,-16.07794],[35.74262,-16.078],[35.74238,-16.07801],[35.74219,-16.07795],[35.74194,-16.078],[35.74182,-16.07785],[35.74155,-16.07766],[35.74124,-16.07753],[35.7411,-16.07737],[35.74083,-16.07725],[35.74064,-16.07728],[35.74014,-16.07705],[35.74013,-16.0769],[35.7399,-16.0767],[35.73979,-16.07653],[35.73935,-16.0764],[35.73917,-16.07618],[35.73895,-16.07621],[35.73791,-16.0769],[35.73779,-16.07711],[35.73779,-16.07722],[35.7379,-16.07739],[35.73815,-16.07797],[35.73821,-16.07826],[35.73811,-16.07842],[35.73777,-16.07875],[35.73767,-16.07946],[35.73745,-16.07959],[35.73731,-16.07986],[35.73734,-16.08023],[35.73692,-16.08052],[35.73665,-16.08096],[35.73636,-16.08122],[35.73588,-16.08154],[35.73583,-16.0816],[35.73585,-16.08171],[35.73571,-16.0819],[35.73543,-16.08218],[35.73525,-16.08225],[35.73509,-16.08249],[35.73492,-16.08259],[35.73471,-16.08262],[35.73456,-16.08257],[35.73433,-16.08287],[35.73424,-16.0829],[35.73407,-16.08311],[35.73357,-16.08328],[35.73315,-16.08363],[35.73299,-16.08371],[35.73206,-16.08398],[35.73188,-16.08411],[35.73129,-16.08415],[35.73089,-16.08406],[35.73021,-16.08405],[35.72956,-16.08386],[35.72937,-16.08387],[35.72908,-16.08421],[35.72903,-16.08442],[35.72799,-16.08553],[35.72759,-16.08564],[35.72749,-16.08571],[35.72736,-16.08567],[35.72728,-16.08554],[35.72696,-16.08567],[35.72643,-16.08571],[35.7262,-16.08577],[35.72581,-16.08597],[35.72551,-16.08614],[35.72525,-16.08641],[35.7251,-16.08647],[35.72498,-16.08661],[35.72488,-16.08697],[35.72466,-16.08724],[35.72379,-16.08779],[35.72351,-16.08788],[35.7234,-16.08788],[35.72331,-16.08773],[35.72331,-16.08757],[35.72321,-16.08745],[35.72308,-16.08741],[35.72227,-16.08753],[35.72203,-16.08763],[35.72179,-16.08785],[35.72173,-16.08807],[35.72155,-16.08829],[35.72085,-16.08872],[35.72044,-16.08888],[35.72038,-16.08901],[35.7203,-16.08906],[35.7203,-16.08914],[35.72019,-16.08921],[35.72017,-16.08938],[35.72006,-16.08956],[35.71991,-16.08969],[35.71986,-16.08979],[35.71989,-16.09003],[35.71981,-16.0903],[35.71984,-16.09047],[35.71992,-16.09057],[35.72007,-16.09056],[35.72014,-16.0906],[35.72017,-16.0907],[35.72026,-16.09071],[35.72027,-16.09101],[35.72018,-16.09108],[35.72008,-16.09108],[35.72005,-16.09122],[35.71986,-16.09153],[35.7198,-16.09181],[35.71963,-16.09208],[35.71936,-16.09223],[35.71922,-16.09225],[35.71913,-16.09218],[35.71907,-16.09186],[35.71881,-16.09201],[35.7184,-16.09208],[35.71819,-16.09229],[35.71769,-16.09248],[35.71738,-16.09269],[35.71712,-16.09274],[35.71681,-16.09271],[35.71649,-16.09258],[35.71628,-16.0926],[35.71603,-16.09269],[35.71564,-16.09259],[35.71524,-16.09256],[35.7151,-16.09232],[35.71479,-16.09212],[35.71474,-16.09204],[35.71436,-16.09185],[35.71406,-16.09157],[35.71352,-16.09154],[35.71331,-16.09159],[35.71328,-16.09162],[35.71283,-16.09199],[35.71262,-16.09213],[35.7124,-16.09221],[35.7121,-16.09249],[35.71193,-16.09273],[35.71156,-16.09309],[35.71127,-16.09334],[35.71108,-16.09362],[35.711,-16.09387],[35.711,-16.09466],[35.71113,-16.09485],[35.7114,-16.09493],[35.71155,-16.09513],[35.71173,-16.09556],[35.71176,-16.09587],[35.71154,-16.09602],[35.71133,-16.09607],[35.71109,-16.09594],[35.7109,-16.09591],[35.7108,-16.09583],[35.71057,-16.09581],[35.71027,-16.09593],[35.71014,-16.09605],[35.70977,-16.09609],[35.70952,-16.09625],[35.70919,-16.09657],[35.70909,-16.09682],[35.70826,-16.09765],[35.70816,-16.09769],[35.70807,-16.09797],[35.70792,-16.09799],[35.70775,-16.09814],[35.70773,-16.09827],[35.7078,-16.09864],[35.70769,-16.09879],[35.70771,-16.09909],[35.70796,-16.09934],[35.70826,-16.09975],[35.70863,-16.09973],[35.70899,-16.0998],[35.70942,-16.09992],[35.70971,-16.09993],[35.70986,-16.10006],[35.71006,-16.10013],[35.71032,-16.10004],[35.71096,-16.10022],[35.71127,-16.10026],[35.7115,-16.10039],[35.71205,-16.10042],[35.71242,-16.10069],[35.71249,-16.10098],[35.71229,-16.10121],[35.71201,-16.10119],[35.7117,-16.10126],[35.71088,-16.10127],[35.71043,-16.1014],[35.71025,-16.10135],[35.70948,-16.10145],[35.70883,-16.1017],[35.70876,-16.10178],[35.7084,-16.10191],[35.70803,-16.10218],[35.70782,-16.10226],[35.70759,-16.10241],[35.7071,-16.10245],[35.70687,-16.10251],[35.70656,-16.1025],[35.70639,-16.10255],[35.70587,-16.10254],[35.70561,-16.10266],[35.70531,-16.10262],[35.70498,-16.10268],[35.70417,-16.10268],[35.7037,-16.10241],[35.70361,-16.10228],[35.70367,-16.10166],[35.70373,-16.10144],[35.70388,-16.10127],[35.7039,-16.10117],[35.70386,-16.10103],[35.70395,-16.10078],[35.70382,-16.10026],[35.70371,-16.10016],[35.70312,-16.09989],[35.70237,-16.10001],[35.70185,-16.09997],[35.70143,-16.09999],[35.70124,-16.10006],[35.7011,-16.10024],[35.70072,-16.10091],[35.70061,-16.10102],[35.70012,-16.10122],[35.6998,-16.10171],[35.69964,-16.10187],[35.69939,-16.102],[35.69937,-16.10213],[35.69925,-16.10224],[35.699,-16.10237],[35.69859,-16.10266],[35.6983,-16.1028],[35.69812,-16.10298],[35.69738,-16.10308],[35.69715,-16.10307],[35.69689,-16.10291],[35.69689,-16.10275],[35.69705,-16.10253],[35.69723,-16.10213],[35.69721,-16.10118],[35.69659,-16.10099],[35.6965,-16.10085],[35.69605,-16.10072],[35.6956,-16.10038],[35.69541,-16.10031],[35.69537,-16.10035],[35.69539,-16.10048],[35.69532,-16.10052],[35.69498,-16.10063],[35.69486,-16.1006],[35.69465,-16.10074],[35.69453,-16.10092],[35.69425,-16.10099],[35.69395,-16.10127],[35.69368,-16.10131],[35.69344,-16.10145],[35.69333,-16.10155],[35.69316,-16.10185],[35.69315,-16.10243],[35.69309,-16.10256],[35.69247,-16.1027],[35.69162,-16.10276],[35.69057,-16.10289],[35.69041,-16.10299],[35.68906,-16.1033],[35.68882,-16.10343],[35.6887,-16.10345],[35.68825,-16.10338],[35.68756,-16.10318],[35.6872,-16.10322],[35.68697,-16.10318],[35.68648,-16.10299],[35.68623,-16.10298],[35.68596,-16.10311],[35.68586,-16.10322],[35.68563,-16.10337],[35.6856,-16.10365],[35.68565,-16.10372],[35.68561,-16.10394],[35.68541,-16.10423],[35.68521,-16.10434],[35.68506,-16.1045],[35.68493,-16.10471],[35.68492,-16.10496],[35.68478,-16.10516],[35.68444,-16.10522],[35.68418,-16.10543],[35.68399,-16.10547],[35.68321,-16.10551],[35.68228,-16.10544],[35.68169,-16.10522],[35.68128,-16.10478],[35.68104,-16.10433],[35.68101,-16.10391],[35.68116,-16.10372],[35.68121,-16.10356],[35.68136,-16.10338],[35.68139,-16.10327],[35.68148,-16.10319],[35.6816,-16.10323],[35.6818,-16.10297],[35.68198,-16.10286],[35.68244,-16.10274],[35.6827,-16.10286],[35.68322,-16.10284],[35.68346,-16.10278],[35.68375,-16.10253],[35.68372,-16.10238],[35.68376,-16.10228],[35.68387,-16.1022],[35.68401,-16.10213],[35.6845,-16.10207],[35.68476,-16.10193],[35.68495,-16.10163],[35.68507,-16.10112],[35.68505,-16.101],[35.68488,-16.10081],[35.68447,-16.10056],[35.68423,-16.10057],[35.68379,-16.10045],[35.68344,-16.10029],[35.683,-16.10023],[35.68283,-16.1001],[35.68279,-16.09993],[35.68266,-16.09986],[35.68188,-16.09906],[35.68143,-16.09875],[35.68117,-16.09864],[35.68104,-16.09848],[35.68096,-16.09844],[35.68067,-16.09793],[35.68062,-16.09777],[35.68029,-16.09742],[35.6796,-16.09689],[35.6791,-16.09665],[35.67847,-16.09626],[35.67814,-16.0962],[35.67806,-16.09621],[35.6779,-16.09636],[35.6778,-16.09708],[35.67785,-16.09733],[35.67801,-16.09746],[35.67805,-16.09757],[35.67811,-16.0981],[35.67818,-16.09823],[35.67812,-16.09842],[35.67817,-16.09868],[35.67847,-16.09887],[35.67847,-16.09918],[35.67784,-16.09935],[35.67679,-16.10004],[35.67572,-16.10059],[35.67522,-16.10094],[35.67496,-16.10099],[35.67478,-16.10095],[35.67429,-16.10063],[35.67438,-16.10048],[35.67452,-16.10036],[35.67473,-16.09982],[35.67494,-16.09952],[35.67504,-16.09913],[35.67495,-16.09873],[35.6749,-16.09864],[35.67456,-16.09844],[35.67423,-16.09793],[35.67419,-16.09776],[35.67396,-16.09752],[35.67386,-16.09723],[35.67376,-16.09646],[35.67344,-16.09583],[35.67327,-16.09574],[35.67316,-16.09573],[35.673,-16.09573],[35.67213,-16.09627],[35.67182,-16.0966],[35.67147,-16.09687],[35.67107,-16.09707],[35.67052,-16.09742],[35.66998,-16.09753],[35.66983,-16.09796],[35.66973,-16.09809],[35.66957,-16.09814],[35.66947,-16.09809],[35.6694,-16.09814],[35.66933,-16.0983],[35.66903,-16.09872],[35.66791,-16.09925],[35.66755,-16.09932],[35.66649,-16.09932],[35.66624,-16.09928],[35.66585,-16.09932],[35.66565,-16.0994],[35.66497,-16.09998],[35.66431,-16.10013],[35.664,-16.10007],[35.66354,-16.0999],[35.66326,-16.09988],[35.66232,-16.09986],[35.66202,-16.09989],[35.66179,-16.09997],[35.66146,-16.1001],[35.66132,-16.10026],[35.66113,-16.10098],[35.66065,-16.10158],[35.66024,-16.10226],[35.65962,-16.10233],[35.65929,-16.1023],[35.65891,-16.10216],[35.65812,-16.10177],[35.65767,-16.10178],[35.65729,-16.10203],[35.65671,-16.1026],[35.65638,-16.1028],[35.65634,-16.10283],[35.65602,-16.10333],[35.65535,-16.10386],[35.65429,-16.10486],[35.65398,-16.10493],[35.65332,-16.10405],[35.65324,-16.10401],[35.65302,-16.10409],[35.65268,-16.10442],[35.6518,-16.1049],[35.65099,-16.1052],[35.65022,-16.10536],[35.6497,-16.10572],[35.64966,-16.10588],[35.64951,-16.10598],[35.64907,-16.10607],[35.64864,-16.10651],[35.64841,-16.10656],[35.64799,-16.10685],[35.64686,-16.10729],[35.64637,-16.10759],[35.64605,-16.10766],[35.64574,-16.10781],[35.64547,-16.10811],[35.64523,-16.10846],[35.6442,-16.10894],[35.64401,-16.10907],[35.64394,-16.10919],[35.64302,-16.10955],[35.64244,-16.10969],[35.64131,-16.11011],[35.64103,-16.11029],[35.64029,-16.11049],[35.63967,-16.11088],[35.63819,-16.11156],[35.63777,-16.1117],[35.63679,-16.11187],[35.63617,-16.11191],[35.63555,-16.11183],[35.63493,-16.11188],[35.63439,-16.11195],[35.63398,-16.11208],[35.63377,-16.11234],[35.63333,-16.11274],[35.63217,-16.11433],[35.63184,-16.11445],[35.63116,-16.11456],[35.62973,-16.11447],[35.62914,-16.11449],[35.62799,-16.1142],[35.62727,-16.11429],[35.62702,-16.11443],[35.62651,-16.11487],[35.62616,-16.11562],[35.62572,-16.1167],[35.6255,-16.1174],[35.62479,-16.11886],[35.62472,-16.11941],[35.62478,-16.11983],[35.62491,-16.11991],[35.6256,-16.11974],[35.62643,-16.11975],[35.62753,-16.12015],[35.62771,-16.12025],[35.62793,-16.12054],[35.62804,-16.12084],[35.62809,-16.12147],[35.6279,-16.12163],[35.62703,-16.12197],[35.62674,-16.12236],[35.62611,-16.12252],[35.62532,-16.12244],[35.62499,-16.12247],[35.62463,-16.12239],[35.62401,-16.12205],[35.6236,-16.12177],[35.62279,-16.12139],[35.62249,-16.12134],[35.62207,-16.12134],[35.62181,-16.12142],[35.62076,-16.12298],[35.62057,-16.12369],[35.62038,-16.12408],[35.62023,-16.12421],[35.62023,-16.1245],[35.62011,-16.12472],[35.62013,-16.12492],[35.62008,-16.12509],[35.61972,-16.12525],[35.61952,-16.12556],[35.61942,-16.12561],[35.61909,-16.12567],[35.61865,-16.12573],[35.61796,-16.12573],[35.61713,-16.12559],[35.61675,-16.12561],[35.61537,-16.126],[35.61497,-16.12605],[35.61463,-16.12603],[35.61411,-16.12578],[35.61308,-16.12463],[35.61274,-16.12443],[35.61248,-16.12445],[35.61233,-16.12451],[35.61214,-16.12465],[35.6119,-16.12469],[35.61136,-16.12458],[35.61041,-16.1245],[35.60966,-16.12482],[35.60921,-16.12485],[35.6089,-16.12509],[35.6088,-16.12532],[35.60863,-16.12551],[35.6082,-16.12562],[35.60758,-16.12554],[35.60717,-16.12566],[35.60644,-16.12572],[35.60567,-16.12572],[35.60539,-16.1259],[35.6036,-16.12792],[35.60318,-16.12824],[35.60267,-16.12838],[35.60241,-16.12833],[35.60195,-16.1279],[35.60164,-16.12775],[35.60133,-16.12777],[35.60035,-16.12817],[35.59991,-16.12828],[35.59916,-16.12858],[35.59894,-16.12874],[35.59876,-16.12899],[35.59818,-16.12933],[35.59788,-16.12931],[35.59773,-16.12925],[35.59747,-16.12903],[35.59671,-16.12893],[35.59643,-16.12897],[35.59628,-16.12917],[35.59615,-16.1295],[35.59596,-16.12969],[35.59597,-16.1298],[35.59575,-16.13007],[35.59498,-16.13075],[35.59468,-16.13124],[35.59447,-16.13167],[35.59444,-16.13194],[35.59451,-16.13233],[35.59461,-16.13254],[35.59458,-16.13321],[35.5941,-16.13363],[35.59385,-16.13371],[35.59271,-16.13346],[35.59218,-16.13356],[35.59182,-16.13349],[35.5916,-16.13336],[35.59142,-16.13333],[35.59117,-16.13339],[35.59088,-16.13333],[35.59075,-16.13322],[35.5906,-16.13317],[35.5905,-16.13319],[35.5904,-16.1333],[35.58974,-16.13297],[35.58921,-16.13255],[35.58893,-16.13239],[35.58869,-16.13239],[35.58761,-16.13255],[35.58552,-16.13218],[35.58425,-16.13184],[35.58367,-16.13155],[35.58313,-16.13119],[35.58322,-16.13077],[35.58324,-16.12995],[35.58309,-16.12921],[35.58298,-16.12892],[35.58228,-16.1282],[35.58191,-16.12766],[35.58081,-16.12559],[35.58019,-16.12485],[35.57979,-16.12456],[35.57932,-16.12441],[35.57908,-16.12441],[35.57873,-16.12449],[35.57794,-16.12476],[35.57753,-16.12505],[35.57696,-16.12568],[35.57679,-16.126],[35.5767,-16.12647],[35.57623,-16.12725],[35.57593,-16.12743],[35.57563,-16.12744],[35.57499,-16.12728],[35.57309,-16.12696],[35.57235,-16.12689],[35.57167,-16.12673],[35.5713,-16.12671],[35.57097,-16.12674],[35.57012,-16.12702],[35.56956,-16.12728],[35.56927,-16.1275],[35.5691,-16.12768],[35.56897,-16.12796],[35.56896,-16.1283],[35.56905,-16.12858],[35.56916,-16.12869],[35.56945,-16.12869],[35.5699,-16.12892],[35.57007,-16.12905],[35.57028,-16.1293],[35.57037,-16.12954],[35.57043,-16.12998],[35.57104,-16.13157],[35.57135,-16.13263],[35.57136,-16.13296],[35.57126,-16.13331],[35.57083,-16.13385],[35.57021,-16.13422],[35.56984,-16.13422],[35.56963,-16.13404],[35.56951,-16.13373],[35.56924,-16.13361],[35.56853,-16.13295],[35.56715,-16.13128],[35.56619,-16.1306],[35.56575,-16.13035],[35.5648,-16.13047],[35.56443,-16.13045],[35.56322,-16.13019],[35.56245,-16.1298],[35.56193,-16.1294],[35.56132,-16.12918],[35.56112,-16.12906],[35.56068,-16.12837],[35.56058,-16.12807],[35.56036,-16.12616],[35.56021,-16.12552],[35.56023,-16.12492],[35.55995,-16.12395],[35.55955,-16.12337],[35.55948,-16.12272],[35.55916,-16.1225],[35.55899,-16.12231],[35.55876,-16.12188],[35.55845,-16.12168],[35.55802,-16.12157],[35.5577,-16.12158],[35.5575,-16.12163],[35.55733,-16.12199],[35.55673,-16.12265],[35.55538,-16.12351],[35.55516,-16.12382],[35.55507,-16.12418],[35.55514,-16.12479],[35.5553,-16.125],[35.55588,-16.12533],[35.55604,-16.1255],[35.55631,-16.1263],[35.55622,-16.12717],[35.55607,-16.12753],[35.55596,-16.12802],[35.55584,-16.12889],[35.55567,-16.1293],[35.55522,-16.13013],[35.5545,-16.13135],[35.55415,-16.13185],[35.55341,-16.13266],[35.55248,-16.13385],[35.55218,-16.1341],[35.55193,-16.13443],[35.55168,-16.1346],[35.55137,-16.13469],[35.5508,-16.1352],[35.55008,-16.13537],[35.54959,-16.13561],[35.54854,-16.13594],[35.54768,-16.13631],[35.54738,-16.13632],[35.54659,-16.13673],[35.54538,-16.13683],[35.54379,-16.13681],[35.54346,-16.13699],[35.54339,-16.13709],[35.54332,-16.13741],[35.54332,-16.13781],[35.54363,-16.13895],[35.54413,-16.14013],[35.54425,-16.14071],[35.54422,-16.14111],[35.54381,-16.14183],[35.54349,-16.14228],[35.54333,-16.14271],[35.54302,-16.14372],[35.54266,-16.14559],[35.54261,-16.1461],[35.54277,-16.14729],[35.54295,-16.14785],[35.54361,-16.14874],[35.54376,-16.14909],[35.54375,-16.14939],[35.54367,-16.1496],[35.5434,-16.14996],[35.54247,-16.15031],[35.54201,-16.15036],[35.54164,-16.15048],[35.54106,-16.15081],[35.54091,-16.15105],[35.54089,-16.15141],[35.5409,-16.15179],[35.54123,-16.15208],[35.54165,-16.15224],[35.54301,-16.15321],[35.54346,-16.15359],[35.54376,-16.15398],[35.54391,-16.15439],[35.54388,-16.15486],[35.54362,-16.15536],[35.54335,-16.1554],[35.54312,-16.15537],[35.54268,-16.15501],[35.5424,-16.15491],[35.54212,-16.15495],[35.54177,-16.15517],[35.54148,-16.15542],[35.53982,-16.15745],[35.53821,-16.15993],[35.53785,-16.16057],[35.53757,-16.1613],[35.53679,-16.16229],[35.53661,-16.1626],[35.53638,-16.16273],[35.53619,-16.16278],[35.53587,-16.16275],[35.53548,-16.16265],[35.53525,-16.16247],[35.53517,-16.16228],[35.53531,-16.16199],[35.5351,-16.16173],[35.53495,-16.16146],[35.53477,-16.16086],[35.53459,-16.15941],[35.53415,-16.15844],[35.53373,-16.15772],[35.53322,-16.15703],[35.53295,-16.15675],[35.53272,-16.15664],[35.53255,-16.15667],[35.53225,-16.15682],[35.5319,-16.15717],[35.5315,-16.15778],[35.53138,-16.15832],[35.53105,-16.16054],[35.53069,-16.16135],[35.53043,-16.16174],[35.53009,-16.16203],[35.52967,-16.16226],[35.52928,-16.16238],[35.52814,-16.16244],[35.52737,-16.16261],[35.52671,-16.16306],[35.52637,-16.16358],[35.5261,-16.16412],[35.52576,-16.16494],[35.52561,-16.16581],[35.52507,-16.16745],[35.52485,-16.16772],[35.52453,-16.1679],[35.52396,-16.16805],[35.52325,-16.16821],[35.52229,-16.16831],[35.51999,-16.16833],[35.51935,-16.16827],[35.51896,-16.16808],[35.51875,-16.16781],[35.51862,-16.16752],[35.51871,-16.16725],[35.51888,-16.16711],[35.51894,-16.16691],[35.51877,-16.16573],[35.51913,-16.16349],[35.51963,-16.1621],[35.51972,-16.1611],[35.51971,-16.16043],[35.51939,-16.15988],[35.51915,-16.15969],[35.51878,-16.1595],[35.5178,-16.1584],[35.51643,-16.15743],[35.51607,-16.15742],[35.51594,-16.15754],[35.51575,-16.15761],[35.51541,-16.15744],[35.51449,-16.15673],[35.51312,-16.15601],[35.5126,-16.15602],[35.51208,-16.15616],[35.51129,-16.15651],[35.50956,-16.15743],[35.50794,-16.15817],[35.50736,-16.15822],[35.50664,-16.15814],[35.50568,-16.15791],[35.50505,-16.15765],[35.50447,-16.1572],[35.50396,-16.15661],[35.50355,-16.15627],[35.50316,-16.15615],[35.50294,-16.15603],[35.50257,-16.15567],[35.50235,-16.15556],[35.50182,-16.15549],[35.50138,-16.15553],[35.49964,-16.15584],[35.49933,-16.15603],[35.49896,-16.1561],[35.4977,-16.15554],[35.49708,-16.15494],[35.49667,-16.15464],[35.49634,-16.15399],[35.4963,-16.15349],[35.49609,-16.15283],[35.49627,-16.15197],[35.4964,-16.15169],[35.49666,-16.15164],[35.49693,-16.15169],[35.49714,-16.15222],[35.49736,-16.15241],[35.49767,-16.15252],[35.49856,-16.15251],[35.49942,-16.15218],[35.50013,-16.15202],[35.5006,-16.15184],[35.50092,-16.15153],[35.50121,-16.15096],[35.50121,-16.15044],[35.50106,-16.14965],[35.50025,-16.14653],[35.49984,-16.14552],[35.49926,-16.14508],[35.49785,-16.14485],[35.49663,-16.1448],[35.4962,-16.14488],[35.4959,-16.14504],[35.49549,-16.14509],[35.49513,-16.14506],[35.49493,-16.14491],[35.49483,-16.14475],[35.49479,-16.14458],[35.49487,-16.14437],[35.49481,-16.1442],[35.49463,-16.14405],[35.49426,-16.14384],[35.49374,-16.14334],[35.4932,-16.14325],[35.49237,-16.14328],[35.49201,-16.1432],[35.49121,-16.14321],[35.49096,-16.14332],[35.49059,-16.14341],[35.48903,-16.1436],[35.48868,-16.14182],[35.48848,-16.14134],[35.48751,-16.14017],[35.4869,-16.13954],[35.48634,-16.13862],[35.48613,-16.13818],[35.48613,-16.13781],[35.48626,-16.13745],[35.48721,-16.13593],[35.48776,-16.13428],[35.48796,-16.13292],[35.48789,-16.13266],[35.488,-16.13136],[35.48784,-16.13065],[35.48724,-16.12982],[35.48687,-16.12944],[35.48619,-16.12922],[35.48605,-16.12879],[35.48578,-16.12863],[35.4856,-16.12839],[35.48519,-16.12811],[35.48518,-16.12768],[35.48512,-16.12762],[35.48516,-16.12717],[35.48529,-16.1267],[35.48591,-16.12622],[35.48596,-16.12597],[35.48613,-16.1257],[35.48637,-16.12502],[35.48671,-16.12443],[35.48692,-16.12351],[35.48704,-16.12253],[35.48718,-16.12208],[35.48715,-16.1217],[35.48695,-16.12118],[35.48662,-16.12058],[35.48633,-16.12046],[35.48598,-16.12043],[35.48535,-16.12098],[35.48519,-16.12106],[35.48486,-16.12109],[35.48441,-16.12136],[35.48438,-16.1215],[35.48448,-16.12189],[35.48447,-16.12197],[35.48429,-16.12215],[35.48397,-16.12231],[35.48365,-16.12258],[35.48284,-16.12295],[35.48255,-16.12318],[35.48183,-16.12348],[35.48133,-16.12362],[35.48069,-16.12349],[35.48045,-16.12326],[35.48008,-16.12279],[35.48007,-16.12243],[35.48018,-16.12206],[35.48009,-16.12155],[35.47997,-16.12132],[35.47972,-16.12126],[35.47836,-16.1212],[35.47818,-16.12128],[35.47782,-16.12121],[35.47772,-16.12114],[35.47741,-16.12114],[35.47695,-16.12135],[35.47589,-16.1217],[35.4748,-16.12193],[35.47443,-16.12192],[35.474,-16.1217],[35.47341,-16.1211],[35.47249,-16.12003],[35.47222,-16.11982],[35.47171,-16.11965],[35.47113,-16.11971],[35.47035,-16.11995],[35.46918,-16.12075],[35.46895,-16.12118],[35.46868,-16.12153],[35.46856,-16.12193],[35.46841,-16.12224],[35.46784,-16.12233],[35.4672,-16.12233],[35.46661,-16.12277],[35.46644,-16.12299],[35.46619,-16.12295],[35.46593,-16.12312],[35.46569,-16.12315],[35.46553,-16.1231],[35.46541,-16.12284],[35.46466,-16.12253],[35.46317,-16.12206],[35.46178,-16.1212],[35.46136,-16.12101],[35.46008,-16.12062],[35.45855,-16.12023],[35.4578,-16.11996],[35.45759,-16.11994],[35.45591,-16.11952],[35.45567,-16.11955],[35.45458,-16.11923],[35.45341,-16.11877],[35.45313,-16.1186],[35.45298,-16.11833],[35.45284,-16.11788],[35.45283,-16.11722],[35.45254,-16.11616],[35.45212,-16.11554],[35.45167,-16.11506],[35.45147,-16.11456],[35.4511,-16.11432],[35.45041,-16.11437],[35.44993,-16.11433],[35.44979,-16.11436],[35.4493,-16.11481],[35.44911,-16.11508],[35.4489,-16.1151],[35.44836,-16.11495],[35.44765,-16.11501],[35.44738,-16.11513],[35.44716,-16.11518],[35.44684,-16.11518],[35.44669,-16.1153],[35.44629,-16.11541],[35.44609,-16.11551],[35.44553,-16.11564],[35.44477,-16.11559],[35.44425,-16.11568],[35.44354,-16.11547],[35.44229,-16.11535],[35.44104,-16.1153],[35.43877,-16.11433],[35.43715,-16.11333],[35.43682,-16.11333],[35.43626,-16.11357],[35.43593,-16.11362],[35.43504,-16.11364],[35.43426,-16.114],[35.43388,-16.11393],[35.43343,-16.11379],[35.43311,-16.11352],[35.43125,-16.11373],[35.42964,-16.11385],[35.42904,-16.1142],[35.42853,-16.11457],[35.42802,-16.1152],[35.42756,-16.11619],[35.42761,-16.11681],[35.42746,-16.11767],[35.42703,-16.11834],[35.42662,-16.11882],[35.42629,-16.11895],[35.42608,-16.11897],[35.42562,-16.11872],[35.42398,-16.1183],[35.4234,-16.11822],[35.42279,-16.11831],[35.42166,-16.11868],[35.42145,-16.11887],[35.42145,-16.1193],[35.42131,-16.11951],[35.42078,-16.11983],[35.4202,-16.12042],[35.41939,-16.12149],[35.41891,-16.12189],[35.41849,-16.122],[35.41804,-16.12201],[35.41753,-16.12201],[35.41707,-16.12187],[35.41665,-16.12185],[35.41618,-16.12193],[35.41546,-16.12217],[35.41388,-16.12253],[35.41257,-16.12292],[35.41128,-16.12337],[35.40994,-16.12374],[35.40721,-16.12434],[35.40555,-16.12494],[35.40538,-16.12514],[35.4053,-16.1255],[35.40422,-16.12689],[35.40365,-16.12794],[35.40201,-16.12959],[35.40164,-16.13004],[35.01487,-16.13019],[35.00784,-14.50236],[35.35734,-14.50095],[35.35735,-14.0261]]]},"properties":{"name":"BLOCK 5","status":"CURRENT","country":"Malawi","area_sqkm":"16852.6300478818","shore_status":"ONSHORE"}},{"type":"Feature","id":"mps_mapping_block.fb6b93a8-ca2c-4475-93fb-c01a79c0769b","geometry":{"type":"Polygon","coordinates":[[[34.6011,-21.5],[34.75,-21.5],[34.75,-21.5834],[34.8334,-21.5834],[34.8334,-21.5],[34.9169,-21.5],[35.0,-21.5],[35.0,-21.3833],[34.95,-21.38333],[34.95,-21.3362],[35.0,-21.3361],[35.0,-21.25],[35.045,-21.25],[35.045,-21.3247],[35.1,-21.3247],[35.1,-21.389],[35.1135,-21.389],[35.1135,-21.4315],[35.1366,-21.4315],[35.1366,-21.5],[35.1764,-21.5],[35.1767,-21.5276],[35.1967,-21.5276],[35.1967,-21.5862],[35.0834,-21.5862],[35.0834,-21.65],[34.95,-21.65],[34.95,-21.667],[34.9193,-21.667],[34.9193,-21.9223],[35.0833,-21.9223],[35.0833,-21.9167],[35.1,-21.9167],[35.1,-21.8365],[35.167,-21.8365],[35.167,-21.922],[35.3076,-21.922],[35.3076,-22.0],[35.25,-22.0],[35.0,-22.0],[34.75,-22.0],[34.5626,-22.0],[34.563,-21.6332],[34.6011,-21.6332],[34.6011,-21.5]]]},"properties":{"name":"AREA PT5-C","status":"CURRENT","country":"Mozambique","area_sqkm":"3012.12984885729","shore_status":"ONSHORE"}},{"type":"Feature","id":"mps_mapping_block.37cd9a50-1014-4418-bbc3-e0e7da3f3ea9","geometry":{"type":"Polygon","coordinates":[[[33.57665,-9.32943],[33.57861,-9.57562],[33.81012,-9.57611],[33.89038,-9.66568],[33.94031,-9.66617],[33.93395,-9.49193],[33.96772,-9.4934],[33.96625,-9.46109],[34.06218,-9.46305],[34.06267,-9.4004],[33.97653,-9.39991],[33.97653,-9.33041],[33.57665,-9.32943]]]},"properties":{"name":"KYELA BASIN","status":"OPEN","country":"Tanzania, United Republic of","area_sqkm":"1307.74086896433","shore_status":"ONSHORE"}},{"type":"Feature","id":"mps_mapping_block.0867b78b-775e-4db4-a417-beacb4fab5d8","geometry":{"type":"Polygon","coordinates":[[[32.39364,-8.32604],[32.31505,-8.32604],[32.31752,-8.00464],[32.65172,-8.00459],[32.65172,-8.08615],[32.74143,-8.09023],[32.74143,-8.1514],[32.80668,-8.1514],[32.80668,-8.23704],[32.90047,-8.24112],[32.90047,-8.3186],[32.99835,-8.3186],[33.00242,-8.41647],[33.14515,-8.41647],[33.14515,-8.66115],[32.67108,-8.65784],[32.67108,-8.58383],[32.48636,-8.58377],[32.48652,-8.49989],[32.39358,-8.5],[32.39364,-8.32604]]]},"properties":{"name":"RUKWA","status":"CURRENT","country":"Tanzania, United Republic of","area_sqkm":"4363.3498389005","shore_status":"ONSHORE"}},{"type":"Feature","id":"mps_mapping_block.42a67615-d1b7-4da9-bb2c-2a35f5969989","geometry":{"type":"Polygon","coordinates":[[[37.73345,-6.16759],[37.73539,-6.33699],[37.64583,-6.33634],[37.64777,-6.4973],[37.49201,-6.49471],[37.49201,-6.56999],[37.40633,-6.57259],[37.41023,-6.65956],[37.30638,-6.65696],[37.30898,-6.74783],[37.21811,-6.74523],[37.2233,-6.85687],[37.14802,-6.85946],[37.1584,-7.06975],[37.00003,-7.06975],[37.00003,-7.76228],[37.14542,-7.76487],[37.15321,-7.91026],[37.31417,-7.91285],[37.31417,-8.16079],[36.64177,-8.16338],[36.63917,-8.33213],[36.40032,-8.33473],[36.39773,-8.84357],[36.15629,-8.84617],[36.15369,-9.25377],[35.7435,-9.25117],[35.7409,-8.76893],[35.89407,-8.76634],[35.89148,-8.42884],[36.00052,-8.42884],[36.00052,-8.2523],[36.16148,-8.2549],[36.16148,-7.83043],[36.80922,-7.83302],[36.80403,-6.84259],[36.99874,-6.84519],[37.00133,-6.59076],[37.15191,-6.58557],[37.14931,-6.34413],[37.31806,-6.34413],[37.31806,-6.16759],[37.73345,-6.16759]]]},"properties":{"name":"KILOSA-KILOMBERO","status":"CURRENT","country":"Tanzania, United Republic of","area_sqkm":"16870.8753836324","shore_status":"ONSHORE"}},{"type":"Feature","id":"mps_mapping_block.55faf6f2-1b39-42a9-a743-6d19570657d3","geometry":{"type":"Polygon","coordinates":[[[32.66412,-10.59143],[32.66574,-10.08183],[33.33836,-10.09122],[33.33262,-10.8136],[33.30098,-10.83744],[33.27207,-10.8378],[33.21162,-10.83721],[32.6621,-10.8364],[32.66412,-10.59143]]]},"properties":{"name":"PEL018","status":"CURRENT","country":"Zambia","area_sqkm":"6093.39627970315","shore_status":"ONSHORE"}},{"type":"Feature","id":"mps_mapping_block.485214eb-0961-40e7-bee7-26b5cf1380b2","geometry":{"type":"Polygon","coordinates":[[[33.20888,-11.41961],[32.32021,-11.41395],[32.32031,-11.40167],[32.32456,-10.8359],[32.6621,-10.8364],[33.21162,-10.83721],[33.20896,-11.40164],[33.20888,-11.41961]]]},"properties":{"name":"PEL003","status":"CURRENT","country":"Zambia","area_sqkm":"6226.90948515229","shore_status":"ONSHORE"}},{"type":"Feature","id":"mps_mapping_block.3e57a392-3bbe-4f98-b67e-ee005024233c","geometry":{"type":"Polygon","coordinates":[[[34.58344,-10.32202],[34.58148,-10.58143],[34.66958,-10.68421],[35.14532,-10.68421],[35.14532,-10.50997],[35.65336,-10.51389],[35.65336,-10.34747],[35.82173,-10.35041],[35.82173,-10.19183],[36.00086,-10.19673],[36.00576,-9.84726],[35.82173,-9.84824],[35.81977,-9.69652],[35.50065,-9.69358],[35.50163,-9.85412],[35.15511,-9.85216],[35.15021,-10.03227],[34.9838,-10.03129],[34.98478,-10.19281],[34.67447,-10.19281],[34.67545,-10.323],[34.58344,-10.32202]]]},"properties":{"name":"RUHUHU BASIN","status":"OPEN","country":"Tanzania, United Republic of","area_sqkm":"9894.45986615533","shore_status":"ONSHORE"}},{"type":"Feature","id":"mps_mapping_block.a8a8864f-5bc8-4589-adda-cf9c0ab0e287","geometry":{"type":"Polygon","coordinates":[[[33.94029,-9.71863],[33.86902,-9.71853],[33.86926,-10.00808],[33.94056,-10.00808],[33.94056,-10.18217],[34.04752,-10.18217],[34.04752,-10.3211],[34.12738,-10.3211],[34.12738,-11.21351],[33.38174,-11.21402],[33.38277,-11.21065],[33.38312,-11.20847],[33.38483,-11.2051],[33.38724,-11.20207],[33.38964,-11.19971],[33.38981,-11.19836],[33.3893,-11.19685],[33.38844,-11.195],[33.38861,-11.19365],[33.3893,-11.19213],[33.39067,-11.19045],[33.39204,-11.18759],[33.39342,-11.18489],[33.39479,-11.18321],[33.39668,-11.18152],[33.39771,-11.17967],[33.3984,-11.17782],[33.39857,-11.17546],[33.39891,-11.17411],[33.39994,-11.17209],[33.4008,-11.16923],[33.40166,-11.1667],[33.40372,-11.16165],[33.40458,-11.15811],[33.40458,-11.15609],[33.40234,-11.15323],[33.40063,-11.15171],[33.39857,-11.15087],[33.39788,-11.14953],[33.39685,-11.14835],[33.39325,-11.14683],[33.38981,-11.14599],[33.38621,-11.14548],[33.38329,-11.1438],[33.38106,-11.14144],[33.37763,-11.13656],[33.37608,-11.13336],[33.37505,-11.13016],[33.37522,-11.12847],[33.37574,-11.12662],[33.37608,-11.12342],[33.37471,-11.11988],[33.37368,-11.11618],[33.37333,-11.11516],[33.37007,-11.11247],[33.36836,-11.11045],[33.36801,-11.10809],[33.36801,-11.10657],[33.36733,-11.10472],[33.36612,-11.10371],[33.36424,-11.10219],[33.36269,-11.10068],[33.36097,-11.09866],[33.3596,-11.09647],[33.35963,-11.09463],[33.35757,-11.09244],[33.3519,-11.08975],[33.34589,-11.08553],[33.34143,-11.0793],[33.33249,-11.07342],[33.32803,-11.07056],[33.33009,-11.06196],[33.32837,-11.05758],[33.32786,-11.05219],[33.32597,-11.0495],[33.3203,-11.04697],[33.31601,-11.03753],[33.31704,-11.03281],[33.31653,-11.02877],[33.31361,-11.02439],[33.31241,-11.01698],[33.31121,-11.0126],[33.31121,-11.00939],[33.30966,-11.00366],[33.30915,-10.99878],[33.30657,-10.98698],[33.30709,-10.98395],[33.30777,-10.9794],[33.30889,-10.97361],[33.30639,-10.96944],[33.30472,-10.96444],[33.30389,-10.95889],[33.30389,-10.9525],[33.30444,-10.94583],[33.305,-10.93889],[33.29953,-10.93423],[33.29936,-10.93002],[33.29747,-10.92648],[33.29404,-10.92193],[33.29164,-10.91653],[33.29139,-10.91222],[33.2875,-10.90917],[33.28278,-10.90639],[33.27833,-10.90389],[33.27361,-10.90139],[33.26972,-10.89833],[33.265,-10.89583],[33.26111,-10.89278],[33.25917,-10.88917],[33.26194,-10.88444],[33.26432,-10.88022],[33.26444,-10.88],[33.26694,-10.87528],[33.26889,-10.87],[33.27139,-10.86556],[33.27334,-10.86],[33.27528,-10.85472],[33.27722,-10.84944],[33.28028,-10.84556],[33.28583,-10.8475],[33.28972,-10.85056],[33.29361,-10.85361],[33.29833,-10.85611],[33.30222,-10.85944],[33.30667,-10.86194],[33.31222,-10.86361],[33.31636,-10.86175],[33.31824,-10.85585],[33.31876,-10.85079],[33.32339,-10.84776],[33.32494,-10.83646],[33.32992,-10.82837],[33.3361,-10.82112],[33.34195,-10.82444],[33.34327,-10.82193],[33.34444,-10.81972],[33.34778,-10.81583],[33.35083,-10.81222],[33.35528,-10.80972],[33.35972,-10.8075],[33.36611,-10.80722],[33.37222,-10.80861],[33.37778,-10.81028],[33.38389,-10.81167],[33.38944,-10.81083],[33.39333,-10.80778],[33.39583,-10.80306],[33.39834,-10.79861],[33.40222,-10.79556],[33.40722,-10.79389],[33.41305,-10.79306],[33.41778,-10.79417],[33.42166,-10.79722],[33.42639,-10.79972],[33.43028,-10.80278],[33.435,-10.80528],[33.44056,-10.80722],[33.4475,-10.80778],[33.45361,-10.80778],[33.45889,-10.80611],[33.46389,-10.80444],[33.4675,-10.80139],[33.47139,-10.79833],[33.47333,-10.79306],[33.47528,-10.7875],[33.47833,-10.78361],[33.48278,-10.78139],[33.48917,-10.78139],[33.49556,-10.78111],[33.50111,-10.78028],[33.50639,-10.77861],[33.51055,-10.77639],[33.51444,-10.77333],[33.51778,-10.76944],[33.51944,-10.76417],[33.52083,-10.75806],[33.52334,-10.75333],[33.52833,-10.75167],[33.53528,-10.7525],[33.53972,-10.75],[33.54222,-10.74556],[33.54306,-10.73861],[33.54222,-10.73306],[33.54194,-10.72694],[33.5425,-10.72],[33.54445,-10.71472],[33.54694,-10.71],[33.55028,-10.70611],[33.55333,-10.70222],[33.55657,-10.69968],[33.55722,-10.69917],[33.56111,-10.69611],[33.56528,-10.69389],[33.56917,-10.69],[33.5725,-10.68611],[33.57556,-10.68222],[33.57944,-10.67917],[33.5825,-10.67528],[33.58584,-10.67139],[33.58889,-10.6675],[33.59195,-10.66389],[33.59528,-10.66],[33.59833,-10.65611],[33.60166,-10.65222],[33.60472,-10.64833],[33.60861,-10.64528],[33.61389,-10.64722],[33.61861,-10.64972],[33.62417,-10.65028],[33.62806,-10.64694],[33.62917,-10.64083],[33.62917,-10.63472],[33.63028,-10.62861],[33.63361,-10.62472],[33.63722,-10.62167],[33.64167,-10.61944],[33.64611,-10.61694],[33.65139,-10.61528],[33.65556,-10.61306],[33.66,-10.61083],[33.66444,-10.60833],[33.66889,-10.60583],[33.67333,-10.60361],[33.67722,-10.60056],[33.68028,-10.59667],[33.68361,-10.59278],[33.68673,-10.59014],[33.68722,-10.58972],[33.68903,-10.58762],[33.69056,-10.58583],[33.69305,-10.58111],[33.69611,-10.5775],[33.69861,-10.57278],[33.70111,-10.56833],[33.7025,-10.56222],[33.70083,-10.55722],[33.69611,-10.55472],[33.69139,-10.55222],[33.6875,-10.54917],[33.68528,-10.54472],[33.68417,-10.53917],[33.68333,-10.53361],[33.68417,-10.52667],[33.68472,-10.52],[33.68444,-10.51361],[33.67833,-10.5125],[33.67333,-10.51417],[33.66694,-10.51417],[33.66083,-10.51306],[33.65611,-10.51056],[33.65222,-10.50722],[33.64834,-10.50417],[33.64528,-10.50056],[33.64278,-10.49611],[33.64028,-10.49167],[33.63806,-10.4875],[33.63472,-10.48361],[33.6325,-10.47944],[33.63222,-10.47306],[33.63417,-10.46778],[33.63611,-10.4625],[33.63361,-10.45806],[33.62972,-10.455],[33.62583,-10.45194],[33.62278,-10.44833],[33.61806,-10.44556],[33.61417,-10.4425],[33.61111,-10.43889],[33.60778,-10.435],[33.60472,-10.43139],[33.60139,-10.42778],[33.59833,-10.42389],[33.59444,-10.42083],[33.59056,-10.41778],[33.58667,-10.41472],[33.58361,-10.41083],[33.57944,-10.40778],[33.57639,-10.40417],[33.5725,-10.40111],[33.57,-10.39667],[33.56694,-10.39278],[33.56444,-10.38861],[33.56361,-10.38306],[33.56278,-10.3775],[33.56333,-10.37056],[33.56194,-10.36556],[33.55861,-10.36167],[33.55639,-10.3575],[33.55306,-10.35389],[33.55,-10.35],[33.54694,-10.34639],[33.54445,-10.34194],[33.54361,-10.33639],[33.54278,-10.33083],[33.54333,-10.32389],[33.54389,-10.31722],[33.54472,-10.31028],[33.54528,-10.30333],[33.54583,-10.29667],[33.54722,-10.29056],[33.54778,-10.28361],[33.54917,-10.27778],[33.55028,-10.27167],[33.55222,-10.26611],[33.55472,-10.26167],[33.55722,-10.25694],[33.55917,-10.25167],[33.56056,-10.24556],[33.56111,-10.23889],[33.56028,-10.23333],[33.55944,-10.22778],[33.55833,-10.22194],[33.55695,-10.21694],[33.55528,-10.21222],[33.55195,-10.20833],[33.54806,-10.20528],[33.54361,-10.20278],[33.53805,-10.20083],[33.53783,-10.20071],[33.53333,-10.19833],[33.53028,-10.19472],[33.52722,-10.19111],[33.52389,-10.18722],[33.52,-10.18417],[33.51611,-10.18111],[33.51222,-10.17806],[33.51211,-10.17796],[33.50833,-10.17472],[33.50361,-10.17222],[33.49889,-10.16972],[33.49445,-10.16722],[33.48972,-10.165],[33.485,-10.1625],[33.47889,-10.16111],[33.47278,-10.15972],[33.46722,-10.15806],[33.4625,-10.15556],[33.45944,-10.15167],[33.45639,-10.14806],[33.4525,-10.145],[33.44917,-10.14111],[33.44528,-10.13806],[33.44222,-10.13444],[33.43972,-10.13],[33.43667,-10.12556],[33.435,-10.12056],[33.43278,-10.11639],[33.42944,-10.1125],[33.42556,-10.10944],[33.42028,-10.1075],[33.41556,-10.105],[33.41167,-10.10194],[33.40778,-10.09889],[33.40472,-10.09528],[33.4,-10.09278],[33.39444,-10.09083],[33.39,-10.08833],[33.38667,-10.08472],[33.38222,-10.08222],[33.37667,-10.08028],[33.37056,-10.07889],[33.36417,-10.07917],[33.35722,-10.07833],[33.35111,-10.07861],[33.34639,-10.07611],[33.34167,-10.07361],[33.33861,-10.06972],[33.33528,-10.06611],[33.33083,-10.06361],[33.32611,-10.06111],[33.32139,-10.05861],[33.3175,-10.05556],[33.31528,-10.05111],[33.31361,-10.04611],[33.31333,-10.04],[33.31472,-10.03389],[33.31722,-10.02944],[33.31972,-10.02472],[33.32167,-10.01944],[33.32472,-10.01556],[33.32667,-10.01028],[33.32917,-10.00556],[33.33167,-10.00111],[33.33417,-9.99639],[33.33695,-9.99194],[33.34,-9.98806],[33.3425,-9.98361],[33.345,-9.97889],[33.34694,-9.97361],[33.34945,-9.96889],[33.35139,-9.96361],[33.35278,-9.9575],[33.35444,-9.95222],[33.35639,-9.94694],[33.35833,-9.94167],[33.36028,-9.93611],[33.36333,-9.9325],[33.36667,-9.92861],[33.37028,-9.92556],[33.37472,-9.92306],[33.37917,-9.92083],[33.38472,-9.92],[33.38917,-9.9175],[33.39111,-9.91222],[33.39028,-9.90667],[33.38944,-9.90111],[33.38861,-9.89556],[33.38694,-9.89056],[33.38611,-9.885],[33.38444,-9.88],[33.38361,-9.87444],[33.38194,-9.86944],[33.38028,-9.86444],[33.37778,-9.86],[33.37472,-9.85639],[33.37167,-9.85278],[33.36917,-9.84833],[33.36611,-9.84472],[33.36392,-9.84083],[33.36361,-9.84028],[33.36445,-9.83361],[33.36361,-9.82778],[33.36194,-9.82306],[33.35861,-9.81917],[33.35472,-9.81611],[33.35,-9.815],[33.345,-9.81667],[33.34056,-9.81889],[33.33444,-9.81889],[33.32806,-9.81778],[33.32278,-9.81583],[33.31889,-9.81278],[33.31417,-9.81028],[33.31028,-9.80722],[33.30639,-9.80417],[33.30333,-9.80028],[33.30028,-9.79667],[33.29694,-9.79278],[33.29917,-9.78621],[33.29574,-9.78029],[33.29282,-9.77589],[33.29059,-9.77217],[33.2875,-9.76917],[33.28417,-9.76556],[33.28028,-9.7625],[33.27639,-9.75944],[33.27334,-9.75556],[33.27083,-9.75139],[33.26778,-9.7475],[33.26556,-9.74333],[33.26306,-9.73889],[33.26055,-9.73444],[33.25833,-9.73028],[33.25528,-9.72639],[33.25278,-9.72194],[33.24972,-9.71833],[33.24722,-9.71417],[33.245,-9.70972],[33.2425,-9.70528],[33.24083,-9.70028],[33.23917,-9.69528],[33.23833,-9.68972],[33.23833,-9.68661],[33.23833,-9.68361],[33.23889,-9.67694],[33.23972,-9.67],[33.23861,-9.66444],[33.23639,-9.66],[33.23389,-9.65583],[33.23167,-9.65139],[33.23083,-9.64583],[33.23,-9.64028],[33.22889,-9.63472],[33.2275,-9.62972],[33.22361,-9.62667],[33.22028,-9.62278],[33.21722,-9.61917],[33.21417,-9.61528],[33.21167,-9.61111],[33.20944,-9.60667],[33.20611,-9.60306],[33.20083,-9.60111],[33.19583,-9.60278],[33.19028,-9.60361],[33.18444,-9.60444],[33.17833,-9.60306],[33.17361,-9.60056],[33.16972,-9.5975],[33.16583,-9.59444],[33.16028,-9.59389],[33.15611,-9.59611],[33.15167,-9.59861],[33.14667,-9.60028],[33.14028,-9.60028],[33.13472,-9.59833],[33.13028,-9.59583],[33.12639,-9.59278],[33.1225,-9.58972],[33.11778,-9.58722],[33.11361,-9.58667],[33.11167,-9.59222],[33.11111,-9.59889],[33.11111,-9.605],[33.11056,-9.61194],[33.11,-9.61861],[33.10916,-9.62556],[33.10861,-9.6325],[33.10806,-9.63917],[33.10806,-9.64528],[33.1075,-9.65222],[33.10667,-9.65889],[33.10417,-9.66361],[33.09972,-9.66583],[33.09278,-9.66528],[33.0875,-9.66333],[33.08361,-9.66028],[33.08055,-9.65667],[33.07722,-9.65278],[33.07583,-9.64806],[33.07417,-9.64306],[33.0725,-9.63806],[33.07167,-9.6325],[33.06917,-9.62806],[33.06694,-9.62361],[33.06444,-9.61944],[33.06056,-9.61611],[33.05444,-9.615],[33.04806,-9.615],[33.04306,-9.61667],[33.03944,-9.61972],[33.035,-9.62194],[33.03111,-9.62528],[33.02806,-9.62889],[33.02417,-9.63194],[33.01861,-9.63306],[33.0125,-9.63167],[33.00694,-9.62972],[33.00167,-9.62778],[32.99611,-9.62611],[32.99306,-9.62222],[32.99222,-9.61667],[32.99361,-9.61056],[32.99472,-9.60472],[32.99528,-9.59917],[32.99528,-9.59278],[32.995,-9.58667],[32.995,-9.58056],[32.99417,-9.575],[32.99333,-9.56944],[32.99359,-9.56616],[32.99389,-9.5625],[32.99639,-9.55806],[32.99889,-9.55333],[33.00167,-9.54889],[33.00278,-9.54278],[33.00472,-9.5375],[33.00722,-9.53278],[33.01055,-9.52889],[33.01306,-9.52444],[33.01556,-9.52],[33.01667,-9.51389],[33.01611,-9.5075],[33.01444,-9.5025],[33.01111,-9.49889],[33.00667,-9.49639],[33.00056,-9.495],[32.99417,-9.49528],[32.98889,-9.49194],[32.98667,-9.4875],[32.98444,-9.48111],[32.98143,-9.46773],[32.9713,-9.45554],[32.9586,-9.43572],[32.94812,-9.4154],[32.94881,-9.40744],[32.95139,-9.40321],[32.95413,-9.40118],[32.96646,-9.3935],[32.9679,-9.3896],[32.98763,-9.37219],[32.99271,-9.36833],[32.9974,-9.36834],[33.00484,-9.37185],[33.00993,-9.37768],[33.01108,-9.38387],[33.01928,-9.39319],[33.022,-9.40017],[33.02784,-9.4053],[33.03357,-9.40931],[33.03915,-9.41301],[33.04084,-9.41608],[33.04504,-9.41579],[33.04893,-9.41811],[33.05403,-9.42395],[33.05913,-9.42827],[33.06222,-9.43334],[33.06765,-9.43797],[33.07168,-9.43967],[33.07541,-9.44168],[33.08006,-9.44477],[33.08952,-9.45217],[33.10832,-9.46176],[33.11328,-9.46593],[33.12012,-9.4698],[33.1243,-9.47611],[33.12569,-9.48057],[33.1316,-9.48398],[33.14777,-9.49373],[33.15353,-9.49406],[33.16164,-9.49579],[33.16833,-9.49689],[33.17176,-9.4966],[33.17707,-9.4977],[33.18689,-9.49728],[33.19187,-9.49914],[33.19687,-9.50317],[33.20135,-9.50516],[33.20589,-9.50612],[33.2109,-9.50846],[33.21402,-9.50586],[33.21858,-9.50234],[33.2239,-9.49729],[33.22876,-9.49454],[33.23845,-9.49397],[33.24484,-9.48965],[33.25279,-9.48814],[33.26213,-9.49449],[33.26571,-9.49727],[33.26976,-9.49727],[33.27317,-9.5005],[33.28034,-9.50083],[33.28162,-9.4967],[33.28726,-9.49243],[33.29601,-9.48708],[33.30586,-9.48481],[33.30992,-9.48529],[33.3141,-9.49052],[33.32368,-9.48689],[33.32759,-9.48768],[33.33414,-9.49325],[33.33945,-9.49929],[33.33976,-9.50253],[33.34117,-9.50438],[33.34369,-9.50348],[33.34932,-9.50705],[33.35148,-9.5109],[33.35085,-9.5146],[33.3543,-9.51647],[33.36348,-9.52577],[33.36816,-9.52594],[33.37175,-9.52349],[33.37814,-9.52875],[33.38095,-9.52937],[33.38234,-9.53647],[33.38609,-9.53741],[33.39095,-9.53388],[33.39454,-9.53482],[33.39594,-9.53975],[33.39874,-9.54362],[33.39967,-9.54841],[33.40778,-9.55475],[33.41341,-9.55848],[33.41893,-9.56616],[33.41919,-9.56653],[33.42527,-9.5772],[33.42431,-9.57919],[33.42244,-9.57997],[33.42306,-9.58863],[33.42101,-9.59172],[33.42117,-9.59389],[33.42352,-9.59358],[33.42508,-9.59513],[33.42507,-9.59728],[33.4282,-9.59838],[33.42993,-9.59855],[33.43055,-9.60072],[33.43679,-9.60613],[33.44009,-9.61033],[33.4426,-9.61267],[33.44716,-9.61379],[33.45235,-9.6157],[33.45516,-9.616],[33.45734,-9.61753],[33.46131,-9.61543],[33.4652,-9.61727],[33.47009,-9.62011],[33.47326,-9.61968],[33.47829,-9.62039],[33.48457,-9.62302],[33.48833,-9.62319],[33.49256,-9.62027],[33.49629,-9.61906],[33.49975,-9.62119],[33.50084,-9.62186],[33.5093,-9.62575],[33.5137,-9.62467],[33.52281,-9.62115],[33.52973,-9.61715],[33.53366,-9.61346],[33.53696,-9.61288],[33.54742,-9.60033],[33.55264,-9.59785],[33.55093,-9.59161],[33.556,-9.58912],[33.56249,-9.58976],[33.57058,-9.58993],[33.57232,-9.58831],[33.57319,-9.58695],[33.58715,-9.58343],[33.59963,-9.58812],[33.60854,-9.59046],[33.61508,-9.59866],[33.62132,-9.59837],[33.62637,-9.60394],[33.63948,-9.60313],[33.65192,-9.60511],[33.66202,-9.61097],[33.66915,-9.61214],[33.67242,-9.60921],[33.68103,-9.60921],[33.68371,-9.61097],[33.68549,-9.60599],[33.70035,-9.61419],[33.70332,-9.61038],[33.71056,-9.60806],[33.71223,-9.60042],[33.71698,-9.59749],[33.71402,-9.59398],[33.72085,-9.59046],[33.72085,-9.58519],[33.7253,-9.58431],[33.72679,-9.58724],[33.73184,-9.5846],[33.74016,-9.58753],[33.74165,-9.58343],[33.7467,-9.58607],[33.75971,-9.58423],[33.76905,-9.5872],[33.77326,-9.58676],[33.77522,-9.58898],[33.77823,-9.59032],[33.78004,-9.59893],[33.78546,-9.60131],[33.79013,-9.60858],[33.79766,-9.6071],[33.80082,-9.60636],[33.80278,-9.60784],[33.80052,-9.61363],[33.80865,-9.61705],[33.81257,-9.6169],[33.81332,-9.61913],[33.81302,-9.62952],[33.81558,-9.63234],[33.81859,-9.6326],[33.82287,-9.637],[33.82477,-9.63691],[33.82601,-9.63822],[33.82601,-9.64075],[33.82924,-9.64225],[33.83551,-9.64047],[33.83808,-9.6416],[33.84131,-9.64713],[33.85196,-9.65528],[33.85396,-9.66109],[33.85748,-9.66147],[33.85757,-9.66146],[33.86232,-9.66109],[33.86565,-9.66221],[33.87269,-9.66915],[33.87592,-9.67374],[33.88028,-9.67581],[33.88124,-9.67627],[33.88162,-9.67993],[33.88419,-9.68077],[33.88885,-9.67993],[33.89085,-9.68255],[33.89512,-9.69005],[33.89874,-9.69042],[33.9013,-9.69408],[33.90606,-9.69314],[33.90828,-9.69589],[33.90986,-9.69783],[33.91328,-9.70289],[33.91214,-9.70495],[33.91488,-9.70816],[33.91651,-9.71488],[33.92032,-9.71132],[33.92545,-9.7087],[33.92887,-9.70964],[33.93268,-9.70964],[33.93325,-9.71151],[33.93534,-9.71676],[33.94029,-9.71863]]]},"properties":{"name":"1","status":"CURRENT","country":"Tanzania, United Republic of","area_sqkm":"12473.6931477222","shore_status":"ONSHORE"}},{"type":"Feature","id":"mps_mapping_block.b2bf46a3-8e9b-49f2-b06f-8f2079d90756","geometry":{"type":"Polygon","coordinates":[[[34.76,-11.21391],[34.76,-11.21575],[34.75913,-11.21635],[34.75874,-11.2177],[34.7605,-11.22],[34.76175,-11.2205],[34.76175,-11.222],[34.76,-11.223],[34.76025,-11.224],[34.76133,-11.22428],[34.76203,-11.22389],[34.7625,-11.2245],[34.76425,-11.226],[34.7645,-11.2265],[34.7635,-11.2275],[34.7635,-11.23],[34.76451,-11.2302],[34.76442,-11.22977],[34.76485,-11.22971],[34.766,-11.2305],[34.76925,-11.2325],[34.7715,-11.2345],[34.77225,-11.23675],[34.77175,-11.2375],[34.77275,-11.24],[34.772,-11.24125],[34.77225,-11.24325],[34.7715,-11.24425],[34.77225,-11.24475],[34.77225,-11.2455],[34.77125,-11.24675],[34.771,-11.25075],[34.772,-11.2515],[34.772,-11.25225],[34.7745,-11.251],[34.774,-11.254],[34.773,-11.256],[34.773,-11.25725],[34.774,-11.257],[34.77425,-11.25825],[34.77625,-11.256],[34.778,-11.25675],[34.78475,-11.26075],[34.79275,-11.2665],[34.7945,-11.2685],[34.795,-11.271],[34.79569,-11.27203],[34.79674,-11.2722],[34.79724,-11.27285],[34.79873,-11.27644],[34.79876,-11.27659],[34.79928,-11.27727],[34.8002,-11.27812],[34.80053,-11.27911],[34.80082,-11.28033],[34.8009,-11.28161],[34.80057,-11.28455],[34.80057,-11.28455],[34.7995,-11.28725],[34.79655,-11.29013],[34.79522,-11.29093],[34.79338,-11.29087],[34.79044,-11.28782],[34.789,-11.28825],[34.7885,-11.29175],[34.7865,-11.293],[34.78575,-11.296],[34.786,-11.29825],[34.78675,-11.2995],[34.7865,-11.3005],[34.7875,-11.30175],[34.78725,-11.30275],[34.78775,-11.30275],[34.7885,-11.304],[34.788,-11.30425],[34.78775,-11.3075],[34.7885,-11.31025],[34.78975,-11.3115],[34.78975,-11.3135],[34.792,-11.314],[34.7915,-11.31625],[34.79275,-11.31675],[34.79375,-11.319],[34.79325,-11.31975],[34.7935,-11.32],[34.7925,-11.32075],[34.7925,-11.32175],[34.794,-11.32275],[34.79475,-11.32475],[34.7975,-11.3245],[34.79825,-11.32325],[34.7995,-11.32275],[34.79975,-11.32175],[34.801,-11.32075],[34.8055,-11.3225],[34.81725,-11.3285],[34.82905,-11.33515],[34.834,-11.338],[34.83615,-11.33943],[34.83875,-11.34125],[34.84024,-11.34222],[34.84175,-11.3435],[34.84283,-11.34413],[34.84552,-11.34571],[34.84672,-11.34627],[34.84671,-11.34521],[34.84713,-11.3444],[34.84773,-11.34667],[34.8485,-11.347],[34.8585,-11.352],[34.881,-11.36525],[34.88275,-11.36675],[34.8825,-11.36875],[34.88175,-11.3705],[34.88375,-11.3705],[34.886,-11.36925],[34.88975,-11.37075],[34.8965,-11.37475],[34.89975,-11.3775],[34.90125,-11.378],[34.90175,-11.37875],[34.9065,-11.38175],[34.90775,-11.382],[34.90825,-11.38275],[34.9095,-11.383],[34.916,-11.3875],[34.92425,-11.39425],[34.927,-11.397],[34.929,-11.4],[34.929,-11.4015],[34.928,-11.40525],[34.92675,-11.4065],[34.92675,-11.408],[34.92475,-11.40975],[34.92475,-11.41525],[34.92425,-11.41575],[34.924,-11.41725],[34.92425,-11.4185],[34.923,-11.4195],[34.9235,-11.42025],[34.92225,-11.42275],[34.92525,-11.4285],[34.925,-11.42975],[34.92375,-11.4315],[34.92425,-11.43225],[34.924,-11.4325],[34.925,-11.4335],[34.9255,-11.4365],[34.92625,-11.43725],[34.92647,-11.43835],[34.9265,-11.4385],[34.92775,-11.43925],[34.9325,-11.4445],[34.93275,-11.44675],[34.934,-11.44925],[34.93425,-11.45325],[34.93225,-11.455],[34.93225,-11.45675],[34.93,-11.45975],[34.931,-11.461],[34.93075,-11.4625],[34.9335,-11.46525],[34.93775,-11.468],[34.94975,-11.479],[34.94975,-11.47975],[34.9505,-11.4805],[34.95025,-11.4835],[34.95075,-11.48475],[34.95575,-11.491],[34.956,-11.492],[34.955,-11.494],[34.955,-11.496],[34.95625,-11.5],[34.95475,-11.50225],[34.95475,-11.50425],[34.95525,-11.505],[34.95475,-11.5065],[34.95725,-11.5085],[34.9585,-11.51025],[34.95775,-11.51225],[34.958,-11.51425],[34.9585,-11.51475],[34.958,-11.51575],[34.9585,-11.51775],[34.9585,-11.51875],[34.958,-11.51925],[34.95825,-11.52275],[34.95875,-11.5245],[34.9615,-11.52825],[34.962,-11.5305],[34.961,-11.5325],[34.96025,-11.53275],[34.95975,-11.5345],[34.95975,-11.53775],[34.962,-11.5405],[34.9625,-11.542],[34.962,-11.5465],[34.964,-11.551],[34.96325,-11.55625],[34.96375,-11.558],[34.96325,-11.5605],[34.96275,-11.5615],[34.96125,-11.5625],[34.96075,-11.56425],[34.95975,-11.565],[34.9595,-11.56875],[34.9585,-11.5715],[34.95909,-11.5724],[34.95904,-11.57277],[34.95941,-11.57327],[34.95935,-11.57356],[34.78958,-11.57355],[34.6369,-11.57357],[34.63798,-11.58149],[34.63999,-11.60847],[34.64351,-11.65583],[34.6369,-11.71651],[34.63443,-11.73924],[34.62905,-11.75197],[34.61656,-11.78151],[34.60494,-11.81508],[34.59076,-11.85601],[34.57315,-11.87949],[34.56366,-11.89216],[34.54542,-11.9122],[34.52879,-11.93095],[34.52102,-11.93959],[34.51462,-11.94564],[34.48388,-11.97239],[34.47998,-11.9798],[34.44703,-12.04236],[34.44609,-12.04415],[34.37823,-12.17165],[34.39011,-12.20047],[34.39925,-12.22266],[34.41726,-12.26544],[34.42971,-12.34214],[34.43018,-12.40077],[34.43516,-12.43467],[34.43547,-12.43628],[34.44546,-12.4876],[34.45136,-12.51791],[34.45198,-12.52109],[34.45293,-12.53243],[34.45574,-12.5708],[34.46893,-12.59214],[34.47464,-12.60212],[34.52056,-12.68232],[34.52335,-12.69274],[34.53502,-12.73635],[34.53435,-12.74396],[34.53159,-12.77534],[34.53188,-12.78986],[34.53097,-12.81769],[34.5305,-12.86578],[34.53036,-12.88005],[34.53241,-12.90741],[34.53452,-12.91833],[34.53751,-12.9327],[34.53921,-12.94092],[34.1214,-12.94078],[34.1214,-12.50329],[33.98806,-12.50329],[33.98877,-11.7497],[34.12706,-11.7497],[34.12738,-11.21351],[34.76,-11.21391]]]},"properties":{"name":"BLOCK 3","status":"CURRENT","country":"Malawi","area_sqkm":"10758.9772698697","shore_status":"ONSHORE"}},{"type":"Feature","id":"mps_mapping_block.dd671d9c-2fc0-41b6-ac39-08a8b4f0f442","geometry":{"type":"Polygon","coordinates":[[[33.94029,-9.71863],[33.86902,-9.71853],[33.86926,-10.00808],[33.94056,-10.00808],[33.94056,-10.18217],[34.04752,-10.18217],[34.04752,-10.3211],[34.12738,-10.3211],[34.12738,-11.21351],[33.38174,-11.21402],[33.38277,-11.21065],[33.38312,-11.20847],[33.38483,-11.2051],[33.38724,-11.20207],[33.38964,-11.19971],[33.38981,-11.19836],[33.3893,-11.19685],[33.38844,-11.195],[33.38861,-11.19365],[33.3893,-11.19213],[33.39067,-11.19045],[33.39204,-11.18759],[33.39342,-11.18489],[33.39479,-11.18321],[33.39668,-11.18152],[33.39771,-11.17967],[33.3984,-11.17782],[33.39857,-11.17546],[33.39891,-11.17411],[33.39994,-11.17209],[33.4008,-11.16923],[33.40166,-11.1667],[33.40372,-11.16165],[33.40458,-11.15811],[33.40458,-11.15609],[33.40234,-11.15323],[33.40063,-11.15171],[33.39857,-11.15087],[33.39788,-11.14953],[33.39685,-11.14835],[33.39325,-11.14683],[33.38981,-11.14599],[33.38621,-11.14548],[33.38329,-11.1438],[33.38106,-11.14144],[33.37763,-11.13656],[33.37608,-11.13336],[33.37505,-11.13016],[33.37522,-11.12847],[33.37574,-11.12662],[33.37608,-11.12342],[33.37471,-11.11988],[33.37368,-11.11618],[33.37333,-11.11516],[33.37007,-11.11247],[33.36836,-11.11045],[33.36801,-11.10809],[33.36801,-11.10657],[33.36733,-11.10472],[33.36612,-11.10371],[33.36424,-11.10219],[33.36269,-11.10068],[33.36097,-11.09866],[33.3596,-11.09647],[33.35963,-11.09463],[33.35757,-11.09244],[33.3519,-11.08975],[33.34589,-11.08553],[33.34143,-11.0793],[33.33249,-11.07342],[33.32803,-11.07056],[33.33009,-11.06196],[33.32837,-11.05758],[33.32786,-11.05219],[33.32597,-11.0495],[33.3203,-11.04697],[33.31601,-11.03753],[33.31704,-11.03281],[33.31653,-11.02877],[33.31361,-11.02439],[33.31241,-11.01698],[33.31121,-11.0126],[33.31121,-11.00939],[33.30966,-11.00366],[33.30915,-10.99878],[33.30657,-10.98698],[33.30709,-10.98395],[33.30777,-10.9794],[33.30889,-10.97361],[33.30639,-10.96944],[33.30472,-10.96444],[33.30389,-10.95889],[33.30389,-10.9525],[33.30444,-10.94583],[33.305,-10.93889],[33.29953,-10.93423],[33.29936,-10.93002],[33.29747,-10.92648],[33.29404,-10.92193],[33.29164,-10.91653],[33.29139,-10.91222],[33.2875,-10.90917],[33.28278,-10.90639],[33.27833,-10.90389],[33.27361,-10.90139],[33.26972,-10.89833],[33.265,-10.89583],[33.26111,-10.89278],[33.25917,-10.88917],[33.26194,-10.88444],[33.26432,-10.88022],[33.26444,-10.88],[33.26694,-10.87528],[33.26889,-10.87],[33.27139,-10.86556],[33.27334,-10.86],[33.27528,-10.85472],[33.27722,-10.84944],[33.28028,-10.84556],[33.28583,-10.8475],[33.28972,-10.85056],[33.29361,-10.85361],[33.29833,-10.85611],[33.30222,-10.85944],[33.30667,-10.86194],[33.31222,-10.86361],[33.31636,-10.86175],[33.31824,-10.85585],[33.31876,-10.85079],[33.32339,-10.84776],[33.32494,-10.83646],[33.32992,-10.82837],[33.3361,-10.82112],[33.34195,-10.82444],[33.34327,-10.82193],[33.34444,-10.81972],[33.34778,-10.81583],[33.35083,-10.81222],[33.35528,-10.80972],[33.35972,-10.8075],[33.36611,-10.80722],[33.37222,-10.80861],[33.37778,-10.81028],[33.38389,-10.81167],[33.38944,-10.81083],[33.39333,-10.80778],[33.39583,-10.80306],[33.39834,-10.79861],[33.40222,-10.79556],[33.40722,-10.79389],[33.41305,-10.79306],[33.41778,-10.79417],[33.42166,-10.79722],[33.42639,-10.79972],[33.43028,-10.80278],[33.435,-10.80528],[33.44056,-10.80722],[33.4475,-10.80778],[33.45361,-10.80778],[33.45889,-10.80611],[33.46389,-10.80444],[33.4675,-10.80139],[33.47139,-10.79833],[33.47333,-10.79306],[33.47528,-10.7875],[33.47833,-10.78361],[33.48278,-10.78139],[33.48917,-10.78139],[33.49556,-10.78111],[33.50111,-10.78028],[33.50639,-10.77861],[33.51055,-10.77639],[33.51444,-10.77333],[33.51778,-10.76944],[33.51944,-10.76417],[33.52083,-10.75806],[33.52334,-10.75333],[33.52833,-10.75167],[33.53528,-10.7525],[33.53972,-10.75],[33.54222,-10.74556],[33.54306,-10.73861],[33.54222,-10.73306],[33.54194,-10.72694],[33.5425,-10.72],[33.54445,-10.71472],[33.54694,-10.71],[33.55028,-10.70611],[33.55333,-10.70222],[33.55657,-10.69968],[33.55722,-10.69917],[33.56111,-10.69611],[33.56528,-10.69389],[33.56917,-10.69],[33.5725,-10.68611],[33.57556,-10.68222],[33.57944,-10.67917],[33.5825,-10.67528],[33.58584,-10.67139],[33.58889,-10.6675],[33.59195,-10.66389],[33.59528,-10.66],[33.59833,-10.65611],[33.60166,-10.65222],[33.60472,-10.64833],[33.60861,-10.64528],[33.61389,-10.64722],[33.61861,-10.64972],[33.62417,-10.65028],[33.62806,-10.64694],[33.62917,-10.64083],[33.62917,-10.63472],[33.63028,-10.62861],[33.63361,-10.62472],[33.63722,-10.62167],[33.64167,-10.61944],[33.64611,-10.61694],[33.65139,-10.61528],[33.65556,-10.61306],[33.66,-10.61083],[33.66444,-10.60833],[33.66889,-10.60583],[33.67333,-10.60361],[33.67722,-10.60056],[33.68028,-10.59667],[33.68361,-10.59278],[33.68673,-10.59014],[33.68722,-10.58972],[33.68903,-10.58762],[33.69056,-10.58583],[33.69305,-10.58111],[33.69611,-10.5775],[33.69861,-10.57278],[33.70111,-10.56833],[33.7025,-10.56222],[33.70083,-10.55722],[33.69611,-10.55472],[33.69139,-10.55222],[33.6875,-10.54917],[33.68528,-10.54472],[33.68417,-10.53917],[33.68333,-10.53361],[33.68417,-10.52667],[33.68472,-10.52],[33.68444,-10.51361],[33.67833,-10.5125],[33.67333,-10.51417],[33.66694,-10.51417],[33.66083,-10.51306],[33.65611,-10.51056],[33.65222,-10.50722],[33.64834,-10.50417],[33.64528,-10.50056],[33.64278,-10.49611],[33.64028,-10.49167],[33.63806,-10.4875],[33.63472,-10.48361],[33.6325,-10.47944],[33.63222,-10.47306],[33.63417,-10.46778],[33.63611,-10.4625],[33.63361,-10.45806],[33.62972,-10.455],[33.62583,-10.45194],[33.62278,-10.44833],[33.61806,-10.44556],[33.61417,-10.4425],[33.61111,-10.43889],[33.60778,-10.435],[33.60472,-10.43139],[33.60139,-10.42778],[33.59833,-10.42389],[33.59444,-10.42083],[33.59056,-10.41778],[33.58667,-10.41472],[33.58361,-10.41083],[33.57944,-10.40778],[33.57639,-10.40417],[33.5725,-10.40111],[33.57,-10.39667],[33.56694,-10.39278],[33.56444,-10.38861],[33.56361,-10.38306],[33.56278,-10.3775],[33.56333,-10.37056],[33.56194,-10.36556],[33.55861,-10.36167],[33.55639,-10.3575],[33.55306,-10.35389],[33.55,-10.35],[33.54694,-10.34639],[33.54445,-10.34194],[33.54361,-10.33639],[33.54278,-10.33083],[33.54333,-10.32389],[33.54389,-10.31722],[33.54472,-10.31028],[33.54528,-10.30333],[33.54583,-10.29667],[33.54722,-10.29056],[33.54778,-10.28361],[33.54917,-10.27778],[33.55028,-10.27167],[33.55222,-10.26611],[33.55472,-10.26167],[33.55722,-10.25694],[33.55917,-10.25167],[33.56056,-10.24556],[33.56111,-10.23889],[33.56028,-10.23333],[33.55944,-10.22778],[33.55833,-10.22194],[33.55695,-10.21694],[33.55528,-10.21222],[33.55195,-10.20833],[33.54806,-10.20528],[33.54361,-10.20278],[33.53805,-10.20083],[33.53783,-10.20071],[33.53333,-10.19833],[33.53028,-10.19472],[33.52722,-10.19111],[33.52389,-10.18722],[33.52,-10.18417],[33.51611,-10.18111],[33.51222,-10.17806],[33.51211,-10.17796],[33.50833,-10.17472],[33.50361,-10.17222],[33.49889,-10.16972],[33.49445,-10.16722],[33.48972,-10.165],[33.485,-10.1625],[33.47889,-10.16111],[33.47278,-10.15972],[33.46722,-10.15806],[33.4625,-10.15556],[33.45944,-10.15167],[33.45639,-10.14806],[33.4525,-10.145],[33.44917,-10.14111],[33.44528,-10.13806],[33.44222,-10.13444],[33.43972,-10.13],[33.43667,-10.12556],[33.435,-10.12056],[33.43278,-10.11639],[33.42944,-10.1125],[33.42556,-10.10944],[33.42028,-10.1075],[33.41556,-10.105],[33.41167,-10.10194],[33.40778,-10.09889],[33.40472,-10.09528],[33.4,-10.09278],[33.39444,-10.09083],[33.39,-10.08833],[33.38667,-10.08472],[33.38222,-10.08222],[33.37667,-10.08028],[33.37056,-10.07889],[33.36417,-10.07917],[33.35722,-10.07833],[33.35111,-10.07861],[33.34639,-10.07611],[33.34167,-10.07361],[33.33861,-10.06972],[33.33528,-10.06611],[33.33083,-10.06361],[33.32611,-10.06111],[33.32139,-10.05861],[33.3175,-10.05556],[33.31528,-10.05111],[33.31361,-10.04611],[33.31333,-10.04],[33.31472,-10.03389],[33.31722,-10.02944],[33.31972,-10.02472],[33.32167,-10.01944],[33.32472,-10.01556],[33.32667,-10.01028],[33.32917,-10.00556],[33.33167,-10.00111],[33.33417,-9.99639],[33.33695,-9.99194],[33.34,-9.98806],[33.3425,-9.98361],[33.345,-9.97889],[33.34694,-9.97361],[33.34945,-9.96889],[33.35139,-9.96361],[33.35278,-9.9575],[33.35444,-9.95222],[33.35639,-9.94694],[33.35833,-9.94167],[33.36028,-9.93611],[33.36333,-9.9325],[33.36667,-9.92861],[33.37028,-9.92556],[33.37472,-9.92306],[33.37917,-9.92083],[33.38472,-9.92],[33.38917,-9.9175],[33.39111,-9.91222],[33.39028,-9.90667],[33.38944,-9.90111],[33.38861,-9.89556],[33.38694,-9.89056],[33.38611,-9.885],[33.38444,-9.88],[33.38361,-9.87444],[33.38194,-9.86944],[33.38028,-9.86444],[33.37778,-9.86],[33.37472,-9.85639],[33.37167,-9.85278],[33.36917,-9.84833],[33.36611,-9.84472],[33.36392,-9.84083],[33.36361,-9.84028],[33.36445,-9.83361],[33.36361,-9.82778],[33.36194,-9.82306],[33.35861,-9.81917],[33.35472,-9.81611],[33.35,-9.815],[33.345,-9.81667],[33.34056,-9.81889],[33.33444,-9.81889],[33.32806,-9.81778],[33.32278,-9.81583],[33.31889,-9.81278],[33.31417,-9.81028],[33.31028,-9.80722],[33.30639,-9.80417],[33.30333,-9.80028],[33.30028,-9.79667],[33.29694,-9.79278],[33.29917,-9.78621],[33.29574,-9.78029],[33.29282,-9.77589],[33.29059,-9.77217],[33.2875,-9.76917],[33.28417,-9.76556],[33.28028,-9.7625],[33.27639,-9.75944],[33.27334,-9.75556],[33.27083,-9.75139],[33.26778,-9.7475],[33.26556,-9.74333],[33.26306,-9.73889],[33.26055,-9.73444],[33.25833,-9.73028],[33.25528,-9.72639],[33.25278,-9.72194],[33.24972,-9.71833],[33.24722,-9.71417],[33.245,-9.70972],[33.2425,-9.70528],[33.24083,-9.70028],[33.23917,-9.69528],[33.23833,-9.68972],[33.23833,-9.68661],[33.23833,-9.68361],[33.23889,-9.67694],[33.23972,-9.67],[33.23861,-9.66444],[33.23639,-9.66],[33.23389,-9.65583],[33.23167,-9.65139],[33.23083,-9.64583],[33.23,-9.64028],[33.22889,-9.63472],[33.2275,-9.62972],[33.22361,-9.62667],[33.22028,-9.62278],[33.21722,-9.61917],[33.21417,-9.61528],[33.21167,-9.61111],[33.20944,-9.60667],[33.20611,-9.60306],[33.20083,-9.60111],[33.19583,-9.60278],[33.19028,-9.60361],[33.18444,-9.60444],[33.17833,-9.60306],[33.17361,-9.60056],[33.16972,-9.5975],[33.16583,-9.59444],[33.16028,-9.59389],[33.15611,-9.59611],[33.15167,-9.59861],[33.14667,-9.60028],[33.14028,-9.60028],[33.13472,-9.59833],[33.13028,-9.59583],[33.12639,-9.59278],[33.1225,-9.58972],[33.11778,-9.58722],[33.11361,-9.58667],[33.11167,-9.59222],[33.11111,-9.59889],[33.11111,-9.605],[33.11056,-9.61194],[33.11,-9.61861],[33.10916,-9.62556],[33.10861,-9.6325],[33.10806,-9.63917],[33.10806,-9.64528],[33.1075,-9.65222],[33.10667,-9.65889],[33.10417,-9.66361],[33.09972,-9.66583],[33.09278,-9.66528],[33.0875,-9.66333],[33.08361,-9.66028],[33.08055,-9.65667],[33.07722,-9.65278],[33.07583,-9.64806],[33.07417,-9.64306],[33.0725,-9.63806],[33.07167,-9.6325],[33.06917,-9.62806],[33.06694,-9.62361],[33.06444,-9.61944],[33.06056,-9.61611],[33.05444,-9.615],[33.04806,-9.615],[33.04306,-9.61667],[33.03944,-9.61972],[33.035,-9.62194],[33.03111,-9.62528],[33.02806,-9.62889],[33.02417,-9.63194],[33.01861,-9.63306],[33.0125,-9.63167],[33.00694,-9.62972],[33.00167,-9.62778],[32.99611,-9.62611],[32.99306,-9.62222],[32.99222,-9.61667],[32.99361,-9.61056],[32.99472,-9.60472],[32.99528,-9.59917],[32.99528,-9.59278],[32.995,-9.58667],[32.995,-9.58056],[32.99417,-9.575],[32.99333,-9.56944],[32.99359,-9.56616],[32.99389,-9.5625],[32.99639,-9.55806],[32.99889,-9.55333],[33.00167,-9.54889],[33.00278,-9.54278],[33.00472,-9.5375],[33.00722,-9.53278],[33.01055,-9.52889],[33.01306,-9.52444],[33.01556,-9.52],[33.01667,-9.51389],[33.01611,-9.5075],[33.01444,-9.5025],[33.01111,-9.49889],[33.00667,-9.49639],[33.00056,-9.495],[32.99417,-9.49528],[32.98889,-9.49194],[32.98667,-9.4875],[32.98444,-9.48111],[32.98143,-9.46773],[32.9713,-9.45554],[32.9586,-9.43572],[32.94812,-9.4154],[32.94881,-9.40744],[32.95139,-9.40321],[32.95413,-9.40118],[32.96646,-9.3935],[32.9679,-9.3896],[32.98763,-9.37219],[32.99271,-9.36833],[32.9974,-9.36834],[33.00484,-9.37185],[33.00993,-9.37768],[33.01108,-9.38387],[33.01928,-9.39319],[33.022,-9.40017],[33.02784,-9.4053],[33.03357,-9.40931],[33.03915,-9.41301],[33.04084,-9.41608],[33.04504,-9.41579],[33.04893,-9.41811],[33.05403,-9.42395],[33.05913,-9.42827],[33.06222,-9.43334],[33.06765,-9.43797],[33.07168,-9.43967],[33.07541,-9.44168],[33.08006,-9.44477],[33.08952,-9.45217],[33.10832,-9.46176],[33.11328,-9.46593],[33.12012,-9.4698],[33.1243,-9.47611],[33.12569,-9.48057],[33.1316,-9.48398],[33.14777,-9.49373],[33.15353,-9.49406],[33.16164,-9.49579],[33.16833,-9.49689],[33.17176,-9.4966],[33.17707,-9.4977],[33.18689,-9.49728],[33.19187,-9.49914],[33.19687,-9.50317],[33.20135,-9.50516],[33.20589,-9.50612],[33.2109,-9.50846],[33.21402,-9.50586],[33.21858,-9.50234],[33.2239,-9.49729],[33.22876,-9.49454],[33.23845,-9.49397],[33.24484,-9.48965],[33.25279,-9.48814],[33.26213,-9.49449],[33.26571,-9.49727],[33.26976,-9.49727],[33.27317,-9.5005],[33.28034,-9.50083],[33.28162,-9.4967],[33.28726,-9.49243],[33.29601,-9.48708],[33.30586,-9.48481],[33.30992,-9.48529],[33.3141,-9.49052],[33.32368,-9.48689],[33.32759,-9.48768],[33.33414,-9.49325],[33.33945,-9.49929],[33.33976,-9.50253],[33.34117,-9.50438],[33.34369,-9.50348],[33.34932,-9.50705],[33.35148,-9.5109],[33.35085,-9.5146],[33.3543,-9.51647],[33.36348,-9.52577],[33.36816,-9.52594],[33.37175,-9.52349],[33.37814,-9.52875],[33.38095,-9.52937],[33.38234,-9.53647],[33.38609,-9.53741],[33.39095,-9.53388],[33.39454,-9.53482],[33.39594,-9.53975],[33.39874,-9.54362],[33.39967,-9.54841],[33.40778,-9.55475],[33.41341,-9.55848],[33.41893,-9.56616],[33.41919,-9.56653],[33.42527,-9.5772],[33.42431,-9.57919],[33.42244,-9.57997],[33.42306,-9.58863],[33.42101,-9.59172],[33.42117,-9.59389],[33.42352,-9.59358],[33.42508,-9.59513],[33.42507,-9.59728],[33.4282,-9.59838],[33.42993,-9.59855],[33.43055,-9.60072],[33.43679,-9.60613],[33.44009,-9.61033],[33.4426,-9.61267],[33.44716,-9.61379],[33.45235,-9.6157],[33.45516,-9.616],[33.45734,-9.61753],[33.46131,-9.61543],[33.4652,-9.61727],[33.47009,-9.62011],[33.47326,-9.61968],[33.47829,-9.62039],[33.48457,-9.62302],[33.48833,-9.62319],[33.49256,-9.62027],[33.49629,-9.61906],[33.49975,-9.62119],[33.50084,-9.62186],[33.5093,-9.62575],[33.5137,-9.62467],[33.52281,-9.62115],[33.52973,-9.61715],[33.53366,-9.61346],[33.53696,-9.61288],[33.54742,-9.60033],[33.55264,-9.59785],[33.55093,-9.59161],[33.556,-9.58912],[33.56249,-9.58976],[33.57058,-9.58993],[33.57232,-9.58831],[33.57319,-9.58695],[33.58715,-9.58343],[33.59963,-9.58812],[33.60854,-9.59046],[33.61508,-9.59866],[33.62132,-9.59837],[33.62637,-9.60394],[33.63948,-9.60313],[33.65192,-9.60511],[33.66202,-9.61097],[33.66915,-9.61214],[33.67242,-9.60921],[33.68103,-9.60921],[33.68371,-9.61097],[33.68549,-9.60599],[33.70035,-9.61419],[33.70332,-9.61038],[33.71056,-9.60806],[33.71223,-9.60042],[33.71698,-9.59749],[33.71402,-9.59398],[33.72085,-9.59046],[33.72085,-9.58519],[33.7253,-9.58431],[33.72679,-9.58724],[33.73184,-9.5846],[33.74016,-9.58753],[33.74165,-9.58343],[33.7467,-9.58607],[33.75971,-9.58423],[33.76905,-9.5872],[33.77326,-9.58676],[33.77522,-9.58898],[33.77823,-9.59032],[33.78004,-9.59893],[33.78546,-9.60131],[33.79013,-9.60858],[33.79766,-9.6071],[33.80082,-9.60636],[33.80278,-9.60784],[33.80052,-9.61363],[33.80865,-9.61705],[33.81257,-9.6169],[33.81332,-9.61913],[33.81302,-9.62952],[33.81558,-9.63234],[33.81859,-9.6326],[33.82287,-9.637],[33.82477,-9.63691],[33.82601,-9.63822],[33.82601,-9.64075],[33.82924,-9.64225],[33.83551,-9.64047],[33.83808,-9.6416],[33.84131,-9.64713],[33.85196,-9.65528],[33.85396,-9.66109],[33.85748,-9.66147],[33.85757,-9.66146],[33.86232,-9.66109],[33.86565,-9.66221],[33.87269,-9.66915],[33.87592,-9.67374],[33.88028,-9.67581],[33.88124,-9.67627],[33.88162,-9.67993],[33.88419,-9.68077],[33.88885,-9.67993],[33.89085,-9.68255],[33.89512,-9.69005],[33.89874,-9.69042],[33.9013,-9.69408],[33.90606,-9.69314],[33.90828,-9.69589],[33.90986,-9.69783],[33.91328,-9.70289],[33.91214,-9.70495],[33.91488,-9.70816],[33.91651,-9.71488],[33.92032,-9.71132],[33.92545,-9.7087],[33.92887,-9.70964],[33.93268,-9.70964],[33.93325,-9.71151],[33.93534,-9.71676],[33.94029,-9.71863]]]},"properties":{"name":"BLOCK 1","status":"CURRENT","country":"Kenya","area_sqkm":"12473.6931477222","shore_status":"ONSHORE"}},{"type":"Feature","id":"mps_mapping_block.f22a26ad-2679-4e5c-95c4-43ff572c0b5f","geometry":{"type":"Polygon","coordinates":[[[35.8462,-2.0338],[35.8462,-2.80712],[35.67,-2.8032],[35.67392,-2.9931],[35.48988,-2.99702],[35.4938,-3.15168],[35.40178,-3.15168],[35.39983,-3.31026],[35.16029,-3.30949],[35.16098,-3.39836],[35.09441,-3.39836],[35.09504,-3.48053],[34.93388,-3.47863],[34.93536,-3.55644],[34.67545,-3.5589],[34.67545,-3.64504],[34.33284,-3.65091],[34.3348,-3.57456],[34.00002,-3.57456],[34.00002,-3.74097],[33.82578,-3.74293],[33.82774,-3.81928],[33.64175,-3.8232],[33.63979,-4.15406],[33.82186,-4.14819],[33.81795,-4.32439],[33.91779,-4.33026],[33.91388,-4.48297],[34.23495,-4.48688],[34.24278,-4.24216],[34.3228,-4.24211],[34.32305,-4.17364],[34.42218,-4.17314],[34.42067,-4.08146],[34.66958,-4.08162],[34.66797,-3.97857],[34.72909,-3.97967],[34.72831,-3.92696],[34.93375,-3.92233],[34.93275,-3.84098],[35.09367,-3.83768],[35.0905,-3.73901],[35.24712,-3.73314],[35.24712,-3.68028],[35.65676,-3.67815],[35.65503,-3.99694],[36.01457,-3.99548],[36.01653,-3.49038],[36.16883,-3.48934],[36.16704,-3.1556],[36.30628,-3.1556],[36.30387,-2.64792],[36.17119,-2.64854],[36.17537,-2.20962],[35.8462,-2.0338]]]},"properties":{"name":"EYASI-WEMBERE","status":"OPEN","country":"Tanzania, United Republic of","area_sqkm":"22930.3557947313","shore_status":"ONSHORE"}},{"type":"Feature","id":"mps_mapping_block.f7ed55a1-59b0-4704-aeb6-aa4301f92b28","geometry":{"type":"MultiPolygon","coordinates":[]},"properties":{"name":"BLOCK 2","status":"CURRENT","country":"Tanzania, United Republic of","area_sqkm":"10030.1251087141","shore_status":"ONSHORE"}},{"type":"Feature","id":"mps_mapping_block.6717896f-a8b9-4f3e-af45-c126d4016ca9","geometry":{"type":"Polygon","coordinates":[[[32.46625,6.78313],[33.27767,6.76938],[33.16028,7.80019],[33.16452,7.80113],[33.17294,7.79963],[33.20147,7.78816],[33.23392,7.7832],[33.24239,7.78071],[33.25779,7.76743],[33.2735,7.74919],[33.29159,7.73307],[33.34714,7.71896],[33.3598,7.71927],[33.3844,7.73545],[33.38565,7.73605],[33.9048,7.33256],[33.90755,7.26517],[33.84566,7.19365],[34.27475,6.84158],[33.62011,6.02467],[33.88967,5.76061],[33.77415,5.62859],[32.46625,6.78313]]]},"properties":{"name":"BLOCK B4","status":"OPEN","country":"South Sudan","area_sqkm":"18193.1011245594","shore_status":"ONSHORE"}},{"type":"Feature","id":"mps_mapping_block.b82d0d4f-4655-4b44-b029-7f2cc98d8bd0","geometry":{"type":"Polygon","coordinates":[[[34.52916,4.69642],[35.38571,4.69195],[35.32514,4.7547],[35.37057,4.92994],[35.22778,4.93211],[35.23122,4.97627],[35.23469,5.02071],[34.77257,5.89729],[33.91581,4.68747],[34.36976,4.60884],[34.38119,4.62016],[34.45967,4.66061],[34.52916,4.69642]]]},"properties":{"name":"BLOCK D2","status":"OPEN","country":"South Sudan","area_sqkm":"11285.9436101328","shore_status":"ONSHORE"}},{"type":"Feature","id":"mps_mapping_block.1438a1c8-7b90-4e85-8b32-733e8ff53795","geometry":{"type":"Polygon","coordinates":[[[32.27956,8.3788],[32.66625,8.86427],[32.86681,8.69237],[32.74991,8.54108],[33.18808,8.23059],[33.18162,8.22573],[33.17397,8.21459],[33.16994,8.2055],[33.16829,8.19539],[33.16798,8.18136],[33.17108,8.17596],[33.18472,8.16625],[33.18782,8.1609],[33.18514,8.14108],[33.17728,8.1271],[33.16478,8.11705],[33.14752,8.10907],[33.11754,8.10416],[33.11341,8.09909],[33.11134,8.09064],[33.10659,8.08049],[33.10059,8.07103],[33.04385,8.01347],[33.03114,7.99631],[33.02608,7.98628],[33.02163,7.96525],[33.01677,7.95833],[33.01202,7.95331],[33.00757,7.94406],[33.0068,7.94246],[32.99357,7.92815],[32.9898,7.91724],[33.01502,7.85063],[33.02349,7.83508],[33.04075,7.82485],[33.04463,7.81642],[33.04768,7.80728],[33.0513,7.80113],[33.05832,7.79797],[33.0854,7.79498],[33.10752,7.78521],[33.12085,7.7833],[33.12695,7.79157],[33.13212,7.79394],[33.16028,7.80019],[33.27767,6.76938],[32.46625,6.78313],[31.61221,7.52716],[32.27956,8.3788]]]},"properties":{"name":"BLOCK B1","status":"OPEN","country":"South Sudan","area_sqkm":"25011.7899606903","shore_status":"ONSHORE"}},{"type":"Feature","id":"mps_mapping_block.48aee78e-6fca-4a49-8fac-8b919391d5cd","geometry":{"type":"Polygon","coordinates":[[[30.89603,7.15171],[30.97545,7.23835],[31.234,7.02106],[31.4568,7.30161],[31.18587,7.53954],[31.30552,7.68532],[31.35933,7.74583],[31.61221,7.52716],[32.46625,6.78313],[33.77415,5.62859],[33.18621,4.85362],[33.11401,4.90175],[33.05075,4.82611],[32.64779,5.1493],[32.36105,4.80961],[32.03442,5.0991],[32.17401,5.28339],[32.1747,5.30471],[32.0523,5.4106],[31.94159,5.27583],[31.87557,5.33428],[31.81162,5.25726],[31.6349,5.41611],[31.50218,5.40992],[31.49221,6.26672],[31.25154,6.27222],[31.24191,6.77419],[31.00949,6.76869],[30.99711,7.02587],[30.79839,7.03],[30.89603,7.15171]]]},"properties":{"name":"BLOCK B2","status":"CURRENT","country":"South Sudan","area_sqkm":"46826.8074548716","shore_status":"ONSHORE"}},{"type":"Feature","id":"mps_mapping_block.ecdb34ae-92ce-4ad0-9022-9e8673555ed0","geometry":{"type":"Polygon","coordinates":[[[33.18621,4.85362],[33.77415,5.62859],[33.88967,5.76061],[33.62011,6.02467],[34.27475,6.84158],[34.77257,5.89729],[33.91581,4.68747],[33.16696,4.81717],[33.18621,4.85362]]]},"properties":{"name":"BLOCK D1","status":"OPEN","country":"South Sudan","area_sqkm":"18780.4188570426","shore_status":"ONSHORE"}},{"type":"Feature","id":"mps_mapping_block.4d1d6395-c8f8-4688-a922-f68e3e88c2b4","geometry":{"type":"Polygon","coordinates":[[[35.20366,-0.38081],[34.53305,-0.38081],[34.53305,-0.53797],[34.50065,-0.53797],[34.50065,-0.58196],[34.41544,-0.58196],[34.41544,-0.66435],[34.33145,-0.66435],[34.33145,-0.74705],[34.16165,-0.74705],[34.16165,-0.83555],[34.17208,-0.84324],[34.18728,-0.86294],[34.13144,-0.94064],[34.13248,-1.04225],[34.08945,-1.02663],[34.08945,-0.02202],[34.1605,-0.02202],[34.1605,-0.18503],[34.22024,-0.18503],[34.22024,-0.23129],[34.27048,-0.23129],[34.27048,-0.26052],[34.33304,-0.26052],[34.33304,-0.10703],[34.57285,-0.10703],[34.57285,-0.05882],[34.6627,-0.05882],[34.6627,-0.00261],[35.20366,-0.00261],[35.20366,-0.38081]]]},"properties":{"name":"BLOCK 12B","status":"CURRENT","country":"Kenya","area_sqkm":"6206.92119753183","shore_status":"ONSHORE"}},{"type":"Feature","id":"mps_mapping_block.3d644051-c788-4dbc-bb46-47a211214333","geometry":{"type":"Polygon","coordinates":[[[35.7453,2.0984],[35.6629,2.0984],[35.6629,2.17396],[35.58728,2.17396],[35.58728,2.26879],[35.28106,2.26879],[35.28106,2.53355],[35.23748,2.53355],[35.23748,2.87434],[35.20489,2.87434],[35.20489,2.99713],[35.7453,2.99713],[35.7453,2.0984]]]},"properties":{"name":"BLOCK 13T","status":"CURRENT","country":"Kenya","area_sqkm":"4716.33860058137","shore_status":"ONSHORE"}},{"type":"Feature","id":"mps_mapping_block.1cb5840f-2446-4745-b7de-6abfd44041ae","geometry":{"type":"Polygon","coordinates":[[[36.23872,2.9779],[36.26113,2.9779],[36.26113,2.9325],[36.28352,2.9325],[36.28352,2.90552],[36.3149,2.90552],[36.3149,2.48094],[36.2867,2.48094],[36.2867,2.41258],[36.21931,2.41258],[36.21931,2.34575],[36.19209,2.34575],[36.19209,2.19801],[36.13789,2.19801],[36.13789,1.99722],[35.7453,1.99722],[35.7453,2.99713],[36.23872,2.99713],[36.23872,2.9779]]]},"properties":{"name":"BLOCK 10BB","status":"CURRENT","country":"Kenya","area_sqkm":"6183.00131472519","shore_status":"ONSHORE"}},{"type":"Feature","id":"mps_mapping_block.200eae73-45fe-4ec1-86b6-60e9c53346c0","geometry":{"type":"Polygon","coordinates":[[[36.52633,1.67925],[36.44569,1.67925],[36.44569,1.38624],[36.01447,1.38624],[36.01447,0.81909],[36.17292,0.81909],[36.17292,0.60232],[35.9953,0.60232],[35.9953,0.45896],[36.17329,0.45896],[36.17329,0.19293],[35.53967,0.19293],[35.53967,0.99449],[35.5039,1.28964],[35.50391,1.6624],[35.53967,1.6624],[35.53967,1.99722],[36.52633,1.99722],[36.52633,1.67925]]]},"properties":{"name":"BLOCK 12A","status":"CURRENT","country":"Kenya","area_sqkm":"15238.206362957","shore_status":"ONSHORE"}},{"type":"Feature","id":"mps_mapping_block.c9cec6a0-6f6e-452c-bb12-abf001d34504","geometry":{"type":"Polygon","coordinates":[[[36.29909,-0.11063],[36.37752,-0.11082],[36.37752,-0.27291],[36.49409,-0.27291],[36.49409,-0.52521],[36.3879,-0.52552],[36.3879,-0.61516],[36.45833,-0.61516],[36.45833,-0.86764],[36.61971,-0.86764],[36.61971,-1.11976],[36.57491,-1.11976],[36.57491,-1.35399],[36.61971,-1.35399],[36.61971,-1.81349],[36.56594,-1.81349],[36.56594,-2.00255],[36.45833,-2.00255],[36.45833,-2.13755],[36.34169,-2.13773],[36.34169,-2.22684],[36.21651,-2.22684],[36.20552,-2.22122],[36.17689,-2.20474],[36.11128,-2.16776],[36.07454,-2.14732],[36.04407,-2.13065],[36.02729,-2.12034],[36.00733,-2.10905],[36.0069,-1.82227],[36.00092,-1.49808],[36.00092,-0.52521],[35.94251,-0.52521],[35.94251,-0.35408],[35.82612,-0.35408],[35.82612,-0.25491],[35.53888,-0.25491],[35.53888,0.19293],[36.29909,0.19293],[36.29909,-0.11063]]]},"properties":{"name":"BLOCK 14T","status":"CURRENT","country":"Kenya","area_sqkm":"17458.8954377327","shore_status":"ONSHORE"}},{"type":"Feature","id":"mps_mapping_block.106987d7-45f1-4c25-acab-80ee574e027e","geometry":{"type":"Polygon","coordinates":[[[34.87969,3.46529],[34.87969,2.97009],[34.77226,2.97009],[34.77226,3.13231],[34.54825,3.13231],[34.54825,3.86205],[34.90489,3.86205],[34.90489,3.9152],[35.00091,3.9152],[35.00091,3.60944],[34.94249,3.60944],[34.94249,3.46529],[34.87969,3.46529]]]},"properties":{"name":"BLOCK 11AA","status":"OPEN","country":"Kenya","area_sqkm":"3735.94201498188","shore_status":"ONSHORE"}},{"type":"Feature","id":"mps_mapping_block.0dbda7f7-f5b6-4a33-8b9e-05ab2010c491","geometry":{"type":"Polygon","coordinates":[[[35.95087,4.6248],[35.94032,4.5808],[35.94172,4.54497],[35.9911,4.50256],[36.19569,4.44836],[36.2361,4.44757],[36.2491,4.45318],[36.26448,4.4472],[36.54891,4.44219],[36.58529,4.44616],[36.6271,4.45159],[36.64651,4.4508],[36.66292,4.4392],[36.69631,4.43896],[36.8453,4.44598],[36.88094,4.42858],[36.9111,4.42157],[36.9581,4.40161],[36.9609,4.39856],[36.96134,4.39477],[36.9761,4.3952],[36.98252,4.39221],[36.98691,4.3916],[36.98849,4.38916],[36.99375,4.38477],[36.9993,4.38037],[37.0029,4.37616],[37.00375,4.37598],[37.00851,4.37756],[37.01395,4.37457],[36.9899,4.31238],[36.33552,4.31238],[36.28072,4.09103],[36.33229,3.49007],[36.49269,3.49007],[36.49269,3.1475],[36.63112,3.1475],[36.63112,2.99713],[35.21606,2.99713],[35.21606,3.37545],[35.7453,3.37545],[35.7453,4.86196],[35.8935,4.86196],[35.8971,4.83615],[35.90168,4.81356],[35.90333,4.79153],[35.90449,4.76975],[35.90809,4.73679],[35.9087,4.70816],[35.91071,4.69113],[35.91151,4.66679],[35.91547,4.65819],[35.9239,4.64896],[35.95087,4.6248]]]},"properties":{"name":"BLOCK 10BA","status":"CURRENT","country":"Kenya","area_sqkm":"15933.9146401256","shore_status":"ONSHORE"}},{"type":"Feature","id":"mps_mapping_block.708ba58b-f21c-41fb-aa7e-9e9fb48368f7","geometry":{"type":"Polygon","coordinates":[[[35.20489,2.87434],[35.23748,2.87434],[35.23748,2.53355],[35.28106,2.53355],[35.28106,2.26879],[35.58728,2.26879],[35.58728,2.17396],[35.6629,2.17396],[35.6629,2.0984],[35.7453,2.0984],[35.7453,1.99722],[35.53967,1.99722],[35.53967,1.6624],[35.50391,1.6624],[35.5039,1.28964],[35.46648,1.28964],[35.46648,1.41243],[35.37646,1.41243],[35.37646,1.73644],[35.08086,1.73644],[35.08086,2.50413],[34.97105,2.50413],[34.97105,2.60373],[34.9417,2.60373],[35.00011,2.71176],[35.00011,2.7477],[35.08086,2.74751],[35.08086,2.99713],[35.20489,2.99713],[35.20489,2.87434]]]},"properties":{"name":"BLOCK 15T","status":"OPEN","country":"Kenya","area_sqkm":"5839.38624626179","shore_status":"ONSHORE"}},{"type":"Feature","id":"mps_mapping_block.9b6bfe77-52f3-4ae6-8a00-0dcc3e0a4676","geometry":{"type":"Polygon","coordinates":[[[34.00204,0.21734],[34.00204,-0.01384],[34.02524,-0.01384],[34.02505,-0.02213],[34.08945,-0.02213],[34.08945,-1.02657],[34.02884,-1.03572],[34.02743,-1.02993],[34.02884,-1.01362],[34.03164,-1.00966],[34.02987,-0.99873],[34.02469,-0.99685],[33.91604,-0.99685],[33.91604,-0.55597],[33.91903,-0.51458],[33.97348,-0.13663],[33.96085,-0.00792],[33.91885,0.09937],[34.00204,0.21734]]]},"properties":{"name":"BLOCK 12BA","status":"OPEN","country":"Kenya","area_sqkm":"2043.54862753537","shore_status":"ONSHORE"}},{"type":"Feature","id":"mps_mapping_block.9fc9e06d-8b9c-4fbe-a6e3-9d82a451c8d7","geometry":{"type":"Polygon","coordinates":[[[35.00091,5.12494],[35.00091,3.91502],[34.90489,3.91502],[34.90489,3.86205],[34.54825,3.86205],[34.54825,3.49104],[34.45188,3.49104],[34.45188,3.52125],[34.45389,3.54164],[34.45584,3.56605],[34.45689,3.57667],[34.45407,3.60846],[34.45945,3.63465],[34.46385,3.66663],[34.45585,3.67383],[34.43888,3.67987],[34.43888,4.02384],[34.37747,4.02384],[34.37747,4.14999],[34.32365,4.14999],[34.32365,4.54876],[34.3325,4.55736],[34.37924,4.60838],[34.4127,4.63036],[34.45389,4.66398],[34.45628,4.66514],[34.51725,4.71494],[34.57828,4.76517],[34.61906,4.79776],[34.6367,4.81313],[34.65788,4.83236],[34.67687,4.84835],[34.71385,4.88015],[34.74528,4.90792],[34.78746,4.94173],[34.82548,4.97872],[34.8305,4.98616],[34.83586,4.99074],[34.85992,5.00996],[34.87425,5.02192],[34.90666,5.04975],[34.92589,5.06531],[34.95226,5.0863],[34.9945,5.11853],[35.00091,5.12494]]]},"properties":{"name":"BLOCK 11A","status":"OPEN","country":"Kenya","area_sqkm":"8206.30807541633","shore_status":"ONSHORE"}},{"type":"Feature","id":"mps_mapping_block.b748345b-28b2-420d-a471-4a6702d2407a","geometry":{"type":"Polygon","coordinates":[[[35.28088,5.42832],[35.29168,5.42808],[35.3009,5.42728],[35.32031,5.42728],[35.32849,5.42832],[35.3363,5.42808],[35.37207,5.42631],[35.39807,5.42533],[35.42151,5.42533],[35.4577,5.42588],[35.46411,5.42533],[35.46649,5.42448],[35.46948,5.42448],[35.4845,5.42228],[35.49249,5.42149],[35.4989,5.41972],[35.50129,5.41953],[35.50409,5.42008],[35.50751,5.42033],[35.51288,5.42112],[35.51532,5.42112],[35.52027,5.42173],[35.52551,5.42112],[35.52771,5.42112],[35.53431,5.41929],[35.53729,5.41831],[35.53967,5.41788],[35.57172,5.41788],[35.57911,5.41594],[35.58307,5.41428],[35.58789,5.41147],[35.58972,5.40928],[35.59167,5.40769],[35.59308,5.40592],[35.59449,5.40348],[35.60132,5.39548],[35.60712,5.39072],[35.60968,5.38969],[35.62128,5.38688],[35.6247,5.38688],[35.64007,5.38908],[35.64252,5.38969],[35.6457,5.39012],[35.66687,5.39048],[35.67548,5.38969],[35.68707,5.38688],[35.69251,5.3853],[35.69532,5.38493],[35.6983,5.38389],[35.70393,5.38292],[35.70631,5.38212],[35.70911,5.38151],[35.71167,5.38054],[35.71668,5.37931],[35.73133,5.37449],[35.7367,5.37309],[35.73969,5.37168],[35.74207,5.37089],[35.74787,5.36668],[35.7533,5.36693],[35.7555,5.36668],[35.75788,5.36613],[35.76008,5.36473],[35.76331,5.36332],[35.77027,5.35973],[35.77948,5.3535],[35.78687,5.34892],[35.78968,5.34849],[35.79212,5.34709],[35.79688,5.34648],[35.79969,5.34629],[35.80268,5.34568],[35.80488,5.34453],[35.80671,5.34233],[35.81031,5.33934],[35.81489,5.3369],[35.82991,5.33409],[35.83832,5.33189],[35.84809,5.3275],[35.85029,5.32512],[35.85431,5.32011],[35.8559,5.31053],[35.85493,5.30474],[35.85188,5.2979],[35.85108,5.29412],[35.84809,5.28569],[35.8415,5.27532],[35.83753,5.26794],[35.83253,5.25633],[35.8321,5.25311],[35.83289,5.2445],[35.83411,5.23949],[35.83692,5.23254],[35.8415,5.2243],[35.85047,5.20715],[35.85248,5.20074],[35.85407,5.1939],[35.85529,5.19031],[35.85669,5.18255],[35.85792,5.1795],[35.85828,5.1737],[35.85853,5.1629],[35.85713,5.1549],[35.85407,5.13074],[35.85212,5.11731],[35.85132,5.1051],[35.85132,5.0943],[35.84809,5.06696],[35.84712,5.04511],[35.84669,5.02454],[35.84492,5.00855],[35.84449,5.00056],[35.84449,4.99593],[35.8437,4.98537],[35.8437,4.98152],[35.84247,4.97072],[35.84229,4.96571],[35.84168,4.96132],[35.8415,4.95692],[35.84088,4.95156],[35.83948,4.94392],[35.8393,4.94173],[35.8385,4.93813],[35.8385,4.93532],[35.83911,4.93196],[35.84107,4.92696],[35.84333,4.92257],[35.84608,4.91958],[35.8495,4.91653],[35.85389,4.91213],[35.85608,4.90932],[35.85811,4.90792],[35.86268,4.90352],[35.86811,4.89937],[35.87391,4.89632],[35.87672,4.89412],[35.87849,4.88778],[35.88093,4.88576],[35.88392,4.88155],[35.8855,4.87892],[35.88648,4.87673],[35.88727,4.87392],[35.88911,4.86953],[35.89149,4.86636],[35.89271,4.86337],[35.8935,4.86196],[35.62873,4.86196],[35.62873,4.75394],[35.46728,4.75357],[35.46728,4.42957],[35.55688,4.42957],[35.55688,4.33021],[35.61969,4.33021],[35.61969,4.25837],[35.65552,4.25837],[35.65552,3.80785],[35.60169,3.80785],[35.60169,3.69067],[35.49408,3.69067],[35.49408,3.60944],[35.3775,3.60944],[35.3775,3.54664],[35.22509,3.54664],[35.22509,3.47445],[35.10826,3.47445],[35.10826,3.60944],[35.0725,3.60944],[35.0725,3.69982],[35.00091,3.69982],[35.00091,5.12476],[35.03588,5.1571],[35.0487,5.16712],[35.10528,5.2127],[35.13647,5.24913],[35.14569,5.2625],[35.16088,5.2813],[35.1759,5.30474],[35.18108,5.31468],[35.1889,5.32908],[35.20471,5.34129],[35.20892,5.34532],[35.2113,5.35008],[35.21429,5.35472],[35.21648,5.36088],[35.21771,5.36308],[35.21832,5.36613],[35.22052,5.37089],[35.22369,5.37529],[35.2337,5.3853],[35.24029,5.39268],[35.24529,5.39872],[35.24926,5.40427],[35.25287,5.40873],[35.25927,5.42069],[35.26287,5.42508],[35.26532,5.42692],[35.27069,5.42753],[35.27587,5.4285],[35.28088,5.42832]]]},"properties":{"name":"BLOCK 11B","status":"OPEN","country":"Kenya","area_sqkm":"14273.7007392706","shore_status":"ONSHORE"}},{"type":"Feature","id":"mps_mapping_block.ed247393-5a1d-4974-8c32-b158fa64addc","geometry":{"type":"Polygon","coordinates":[[[36.37831,0.99449],[36.37831,0.68813],[36.29769,0.68813],[36.29769,0.36412],[36.21693,0.36412],[36.21693,0.19293],[36.17329,0.19293],[36.17329,0.45896],[35.9953,0.45896],[35.9953,0.60232],[36.17292,0.60232],[36.17292,0.81909],[36.01447,0.81909],[36.01447,1.38624],[36.44569,1.38624],[36.44569,1.67925],[36.52633,1.67925],[36.52633,1.99722],[36.62068,1.99722],[36.62068,1.643],[36.54873,1.643],[36.54873,1.23788],[36.4681,1.23788],[36.4681,0.99449],[36.37831,0.99449]]]},"properties":{"name":"BLOCK 12AA","status":"CURRENT","country":"Kenya","area_sqkm":"5125.90530517669","shore_status":"ONSHORE"}},{"type":"Feature","id":"mps_mapping_block.34ed9611-3caf-4d15-8847-579e8c6bafa1","geometry":{"type":"Polygon","coordinates":[[[33.34318,9.26524],[33.57507,9.5471],[33.89458,9.66608],[33.88391,9.61985],[33.8777,9.54342],[33.88142,9.49921],[33.88871,9.47082],[33.89202,9.46428],[33.89481,9.45948],[33.89775,9.45658],[33.90086,9.45529],[34.0707,9.45459],[34.0831,9.20512],[34.09747,8.91584],[34.11185,8.62655],[34.10725,8.60153],[34.10317,8.57932],[34.09025,8.55651],[34.06958,8.53361],[34.05153,8.5175],[33.58195,8.9633],[33.60533,9.03825],[33.35159,9.25829],[33.34318,9.26524]]]},"properties":{"name":"BLOCK C2","status":"OPEN","country":"South Sudan","area_sqkm":"5793.67635709905","shore_status":"ONSHORE"}},{"type":"Feature","id":"mps_mapping_block.9376fd8c-b603-42fc-abf8-b22197c912f3","geometry":{"type":"Polygon","coordinates":[[[33.46336,10.55069],[33.3509,10.42109],[33.63696,10.18317],[33.30071,9.77609],[33.57507,9.5471],[33.34318,9.26524],[32.50992,9.95419],[33.14002,10.73904],[33.15072,10.73097],[33.3706,10.6509],[33.3813,10.64579],[33.38983,10.63925],[33.46336,10.55069]]]},"properties":{"name":"BLOCK 3E","status":"CURRENT","country":"South Sudan","area_sqkm":"10221.7817979714","shore_status":"ONSHORE"}},{"type":"Feature","id":"mps_mapping_block.9ea8878d-c69f-4edb-b265-ae3f666cd04a","geometry":{"type":"Polygon","coordinates":[[[33.57507,9.5471],[33.30071,9.77609],[33.63696,10.18317],[33.3509,10.42109],[33.46336,10.55069],[33.46899,10.54391],[33.68555,10.36797],[33.9021,10.19204],[33.91698,10.17452],[33.96178,10.06404],[33.96679,10.04727],[33.96835,10.02081],[33.96726,10.00027],[33.9561,9.93399],[33.95982,9.9042],[33.96726,9.88451],[33.97326,9.86178],[33.97326,9.85485],[33.97237,9.84888],[33.96912,9.83834],[33.90488,9.7107],[33.89458,9.66608],[33.57507,9.5471]]]},"properties":{"name":"BLOCK C1","status":"OPEN","country":"South Sudan","area_sqkm":"4458.40811675674","shore_status":"ONSHORE"}},{"type":"Feature","id":"mps_mapping_block.ba4f9957-9202-4375-be46-96b61596c280","geometry":{"type":"Polygon","coordinates":[[[33.14002,10.73904],[32.50992,9.95419],[33.35159,9.25829],[33.60533,9.03825],[33.58195,8.9633],[34.05153,8.5175],[33.97077,8.44538],[33.95031,8.43321],[33.93171,8.42814],[33.87517,8.42794],[33.84086,8.42398],[33.82412,8.41949],[33.8081,8.41261],[33.79766,8.40561],[33.75621,8.37014],[33.75187,8.36879],[33.74102,8.36709],[33.69555,8.37288],[33.67131,8.40029],[33.65167,8.4345],[33.62041,8.4607],[33.6001,8.46396],[33.58537,8.45812],[33.57116,8.45013],[33.55214,8.44682],[33.53705,8.45321],[33.52197,8.46532],[33.50512,8.47488],[33.48476,8.47401],[33.49034,8.46651],[33.48992,8.46292],[33.48052,8.45765],[33.41313,8.44972],[33.40016,8.45264],[33.3921,8.45186],[33.38461,8.44801],[33.37086,8.43739],[33.36136,8.43429],[33.25273,8.45817],[33.23516,8.45563],[33.20643,8.43057],[33.20736,8.42659],[33.21035,8.42078],[33.20291,8.41411],[33.18782,8.41104],[33.17408,8.40447],[33.16953,8.39742],[33.16788,8.38972],[33.16798,8.37282],[33.16684,8.36828],[33.16188,8.36151],[33.16116,8.35611],[33.16333,8.35295],[33.17232,8.34652],[33.17408,8.34306],[33.1718,8.33089],[33.16312,8.31205],[33.16116,8.30458],[33.16436,8.29278],[33.17139,8.28311],[33.17842,8.27567],[33.18576,8.26451],[33.19485,8.25924],[33.20829,8.25368],[33.20689,8.24074],[33.19986,8.23552],[33.19051,8.23242],[33.18808,8.23059],[32.74991,8.54108],[32.86681,8.69237],[32.58762,8.93166],[32.71002,9.06232],[32.42809,9.29474],[32.54911,9.43226],[32.25756,9.66606],[32.38133,9.80909],[31.74762,10.31607],[31.77422,10.34877],[31.80197,10.37624],[31.86418,10.47213],[31.92986,10.63692],[31.94289,10.65555],[32.17848,10.8532],[32.41407,11.05085],[32.43071,11.08219],[32.43536,11.10702],[32.36415,11.24001],[32.34875,11.30758],[32.3457,11.41163],[32.35981,11.57348],[32.35485,11.67577],[32.35299,11.68738],[32.34834,11.70316],[32.34524,11.70911],[32.08221,11.99981],[32.41444,12.00127],[32.74666,12.00273],[32.74821,12.02681],[32.74759,12.03952],[32.74558,12.05113],[32.73302,12.08598],[32.72574,12.13234],[32.72527,12.14526],[32.7262,12.15794],[32.73008,12.18189],[32.73038,12.19486],[32.72971,12.20106],[32.72852,12.20685],[32.72883,12.21192],[32.73178,12.21616],[33.20922,12.21037],[33.20302,12.1281],[33.14498,11.93467],[33.14602,11.81866],[33.13243,11.68621],[33.12902,11.67549],[33.11599,11.64694],[33.10457,11.63058],[33.09145,11.6148],[33.08773,11.60885],[33.08323,11.59916],[33.08292,11.58456],[33.1325,11.2139],[33.18209,10.84324],[33.17837,10.82453],[33.17465,10.81229],[33.14824,10.76604],[33.14142,10.75082],[33.14002,10.73904]]]},"properties":{"name":"BLOCK 7E","status":"CURRENT","country":"South Sudan","area_sqkm":"37642.4646525434","shore_status":"ONSHORE"}},{"type":"Feature","id":"mps_mapping_block.354ff6de-0c7f-4dec-8e95-1eeb9eadd2d2","geometry":{"type":"Polygon","coordinates":[[[34.14552,8.69488],[34.56282,8.69488],[34.55735,7.29235],[34.03832,7.29319],[34.03451,7.2987],[34.03437,7.29953],[34.03437,7.3001],[34.03419,7.30073],[34.03387,7.3012],[34.03332,7.30242],[34.03317,7.30287],[34.03305,7.30364],[34.03305,7.30415],[34.0337,7.30513],[34.03389,7.30559],[34.0339,7.30626],[34.03375,7.30669],[34.0327,7.3083],[34.03228,7.30862],[34.03177,7.30909],[34.03163,7.3096],[34.03177,7.31005],[34.03222,7.31041],[34.03273,7.31094],[34.03301,7.31139],[34.03323,7.31196],[34.03305,7.31251],[34.03276,7.31297],[34.03173,7.31391],[34.03173,7.31446],[34.03199,7.31481],[34.0324,7.31497],[34.03262,7.31515],[34.03358,7.31558],[34.03387,7.316],[34.03387,7.31649],[34.0336,7.31721],[34.03293,7.3178],[34.03226,7.31824],[34.03179,7.31871],[34.03207,7.31934],[34.03273,7.32028],[34.03309,7.32095],[34.03309,7.32131],[34.03281,7.32194],[34.03199,7.32335],[34.03171,7.32416],[34.03173,7.32498],[34.03159,7.32632],[34.0312,7.32717],[34.03106,7.32762],[34.03067,7.32813],[34.03008,7.32857],[34.02959,7.32927],[34.02965,7.33012],[34.03006,7.33057],[34.03061,7.33108],[34.03091,7.33173],[34.03102,7.3326],[34.03083,7.33331],[34.03083,7.33482],[34.03114,7.336],[34.03149,7.33699],[34.03175,7.33838],[34.03226,7.33895],[34.03218,7.33996],[34.03222,7.34061],[34.03218,7.34133],[34.03228,7.34216],[34.03254,7.34273],[34.03311,7.34307],[34.03368,7.34363],[34.03389,7.34434],[34.03405,7.34515],[34.03419,7.34596],[34.03429,7.34706],[34.03451,7.34769],[34.03486,7.34806],[34.03549,7.34836],[34.03596,7.34897],[34.03588,7.34946],[34.03553,7.34993],[34.03541,7.3508],[34.03559,7.35154],[34.03594,7.35188],[34.03622,7.35229],[34.03641,7.35292],[34.03651,7.35351],[34.03653,7.35422],[34.03671,7.35558],[34.03663,7.35672],[34.03628,7.35735],[34.03578,7.35778],[34.03536,7.35823],[34.03497,7.35846],[34.03442,7.35862],[34.03396,7.35868],[34.03379,7.3588],[34.03367,7.35899],[34.03366,7.35919],[34.03318,7.35981],[34.03285,7.35992],[34.03243,7.35994],[34.03088,7.36053],[34.03018,7.36101],[34.02956,7.36162],[34.02916,7.36219],[34.02894,7.36264],[34.02867,7.36295],[34.02784,7.36353],[34.0277,7.3638],[34.02771,7.36427],[34.02786,7.36467],[34.02809,7.36501],[34.02818,7.3654],[34.02799,7.36616],[34.02712,7.36665],[34.02662,7.36705],[34.02581,7.3675],[34.02513,7.36839],[34.02446,7.36895],[34.02385,7.37004],[34.02343,7.37051],[34.02266,7.37122],[34.02201,7.37206],[34.02136,7.37275],[34.0205,7.37315],[34.01976,7.37366],[34.01904,7.37404],[34.01868,7.37452],[34.0187,7.37498],[34.01918,7.3757],[34.01908,7.37649],[34.01829,7.37699],[34.01707,7.37702],[34.01534,7.37788],[34.01433,7.37788],[34.01366,7.37793],[34.01282,7.37817],[34.01212,7.37846],[34.01155,7.37899],[34.01098,7.37968],[34.01085,7.38],[34.01035,7.38059],[34.00985,7.38088],[34.00912,7.38096],[34.00838,7.38124],[34.00769,7.38187],[34.00723,7.38261],[34.0068,7.38403],[34.00627,7.38499],[34.00493,7.38873],[34.00442,7.38967],[34.00442,7.39017],[34.00452,7.39072],[34.00447,7.39233],[34.00473,7.39324],[34.00593,7.39521],[34.00658,7.39658],[34.00677,7.39711],[34.00692,7.3978],[34.00697,7.39893],[34.00723,7.39936],[34.00773,7.39948],[34.00833,7.40013],[34.00845,7.40066],[34.00824,7.40131],[34.00721,7.40308],[34.00708,7.40435],[34.0074,7.40558],[34.0074,7.40632],[34.00677,7.40764],[34.00631,7.40794],[34.00565,7.40822],[34.00528,7.40851],[34.00517,7.40907],[34.00551,7.41043],[34.00547,7.411],[34.00505,7.4117],[34.00475,7.41255],[34.00483,7.41342],[34.00471,7.41415],[34.00444,7.41496],[34.00423,7.41539],[34.00404,7.41592],[34.00399,7.41667],[34.00404,7.41707],[34.00433,7.41738],[34.00433,7.4181],[34.00406,7.41863],[34.00375,7.41892],[34.00334,7.41909],[34.0026,7.41962],[34.00207,7.42038],[34.00195,7.42139],[34.00152,7.4219],[34.00116,7.42197],[34.00068,7.4223],[33.99993,7.423],[33.9995,7.42346],[33.99919,7.42418],[33.99837,7.42509],[33.9977,7.42528],[33.99751,7.42528],[33.9966,7.42485],[33.99602,7.42468],[33.99544,7.42468],[33.99485,7.42475],[33.99434,7.42502],[33.99391,7.42547],[33.9936,7.4259],[33.99312,7.4267],[33.99297,7.42737],[33.99273,7.42811],[33.99247,7.42876],[33.99213,7.42919],[33.99188,7.42949],[33.99167,7.42965],[33.99078,7.42983],[33.99061,7.42997],[33.99042,7.43035],[33.99036,7.43164],[33.99007,7.43199],[33.98877,7.43217],[33.98814,7.4325],[33.98777,7.43286],[33.98743,7.4333],[33.98731,7.43359],[33.98733,7.43407],[33.98767,7.43509],[33.98773,7.4354],[33.9876,7.43568],[33.98732,7.43582],[33.9869,7.4359],[33.98655,7.43608],[33.98633,7.43625],[33.98617,7.43645],[33.98606,7.43741],[33.98588,7.43774],[33.98558,7.438],[33.98495,7.43818],[33.98433,7.4385],[33.98406,7.43885],[33.98371,7.43953],[33.98349,7.43977],[33.98274,7.44038],[33.98167,7.441],[33.98089,7.44128],[33.98058,7.44153],[33.97929,7.44297],[33.9791,7.44326],[33.97898,7.44329],[33.9777,7.44295],[33.97567,7.44276],[33.97545,7.4431],[33.97543,7.44328],[33.97478,7.44356],[33.97409,7.44357],[33.97345,7.44339],[33.97288,7.44339],[33.97251,7.44358],[33.97195,7.44357],[33.97166,7.4437],[33.97136,7.44392],[33.97066,7.44505],[33.97038,7.44535],[33.96994,7.4457],[33.96927,7.44592],[33.96899,7.44589],[33.96869,7.44565],[33.96847,7.44553],[33.96838,7.44561],[33.96839,7.44583],[33.96867,7.44626],[33.96882,7.44658],[33.9688,7.44678],[33.96842,7.44726],[33.96836,7.44746],[33.9682,7.44746],[33.96783,7.44734],[33.96757,7.44714],[33.96735,7.44667],[33.96717,7.44642],[33.96704,7.4464],[33.96691,7.44649],[33.96554,7.44916],[33.96518,7.44962],[33.96481,7.44987],[33.96447,7.44999],[33.9641,7.45004],[33.96357,7.44997],[33.9628,7.45026],[33.96251,7.45026],[33.96225,7.45017],[33.96175,7.44992],[33.96138,7.44964],[33.96014,7.44912],[33.95926,7.4485],[33.95903,7.44842],[33.95882,7.44842],[33.95867,7.44852],[33.95854,7.4487],[33.95845,7.44904],[33.95844,7.45055],[33.95831,7.4512],[33.95816,7.45151],[33.95764,7.45209],[33.95741,7.45245],[33.95741,7.45272],[33.95746,7.45295],[33.95768,7.45318],[33.95776,7.45352],[33.9577,7.45389],[33.95733,7.45486],[33.9569,7.45568],[33.95637,7.45627],[33.95628,7.45645],[33.95622,7.45692],[33.95643,7.45772],[33.95647,7.45815],[33.95636,7.45829],[33.95604,7.45851],[33.95591,7.45869],[33.95582,7.45895],[33.95583,7.45931],[33.95595,7.45961],[33.95636,7.46006],[33.95672,7.46028],[33.95689,7.46065],[33.95689,7.46099],[33.9567,7.46192],[33.95673,7.46263],[33.9565,7.46449],[33.9565,7.46497],[33.95662,7.46531],[33.95712,7.46586],[33.95712,7.4661],[33.957,7.46692],[33.95702,7.46716],[33.95742,7.46804],[33.95775,7.46828],[33.95789,7.4685],[33.95782,7.4688],[33.95771,7.469],[33.95749,7.46914],[33.95668,7.46906],[33.95474,7.46862],[33.95431,7.46861],[33.95296,7.46893],[33.95252,7.4691],[33.95237,7.4691],[33.95167,7.46891],[33.95142,7.46866],[33.95121,7.46853],[33.95099,7.46855],[33.94962,7.46893],[33.94919,7.46898],[33.94887,7.46891],[33.94842,7.46873],[33.94656,7.46888],[33.9463,7.46895],[33.94608,7.4692],[33.94611,7.46958],[33.94601,7.46994],[33.94625,7.47039],[33.94625,7.47061],[33.94611,7.47074],[33.94453,7.47173],[33.9441,7.47191],[33.94394,7.47192],[33.94363,7.47185],[33.94342,7.47187],[33.94279,7.47201],[33.94251,7.47212],[33.94168,7.47321],[33.94122,7.47391],[33.94095,7.47423],[33.94074,7.47442],[33.94013,7.47469],[33.93987,7.47445],[33.93944,7.47422],[33.93893,7.47407],[33.93853,7.47405],[33.93835,7.47393],[33.93797,7.47354],[33.93781,7.4732],[33.93753,7.47298],[33.93735,7.47294],[33.93663,7.47282],[33.93632,7.47289],[33.93615,7.47299],[33.93604,7.47299],[33.93568,7.47288],[33.93517,7.47263],[33.93476,7.47277],[33.93436,7.47301],[33.93415,7.47301],[33.93402,7.47307],[33.93354,7.47307],[33.93324,7.47321],[33.93286,7.47349],[33.9327,7.47355],[33.93255,7.47355],[33.93233,7.47351],[33.93194,7.47326],[33.93172,7.4732],[33.93067,7.4733],[33.93047,7.47327],[33.9292,7.47262],[33.92875,7.47254],[33.92809,7.47233],[33.92795,7.47234],[33.9277,7.47258],[33.92691,7.47383],[33.92678,7.4739],[33.92645,7.47391],[33.92632,7.47403],[33.92616,7.47401],[33.92596,7.4741],[33.92554,7.47444],[33.92544,7.47472],[33.92547,7.47546],[33.92521,7.47608],[33.92505,7.47629],[33.92505,7.47647],[33.92514,7.47669],[33.92537,7.47701],[33.92543,7.47733],[33.92555,7.47757],[33.92576,7.47772],[33.92645,7.4777],[33.92665,7.47776],[33.92695,7.47797],[33.92735,7.47796],[33.92744,7.47809],[33.92741,7.47847],[33.92771,7.47866],[33.92798,7.47899],[33.92867,7.47914],[33.92876,7.47936],[33.92915,7.47974],[33.92934,7.47984],[33.92949,7.47999],[33.9296,7.48041],[33.92976,7.4807],[33.92949,7.48114],[33.92943,7.48136],[33.92944,7.48156],[33.92955,7.48182],[33.92949,7.48215],[33.92972,7.48276],[33.9297,7.48284],[33.92949,7.48293],[33.92934,7.4831],[33.92897,7.48329],[33.92892,7.48354],[33.92881,7.48374],[33.9288,7.48383],[33.92887,7.48392],[33.92886,7.48402],[33.92872,7.48408],[33.92863,7.48404],[33.92848,7.48419],[33.92802,7.48429],[33.92754,7.48451],[33.92744,7.48464],[33.92742,7.48471],[33.92784,7.48504],[33.92768,7.48536],[33.92747,7.48562],[33.9271,7.48583],[33.92687,7.48591],[33.92604,7.48597],[33.92589,7.48603],[33.9258,7.48619],[33.92535,7.48644],[33.92505,7.48653],[33.9249,7.48667],[33.92469,7.48696],[33.92468,7.48744],[33.92441,7.48759],[33.92437,7.48772],[33.92424,7.48783],[33.92421,7.48792],[33.92393,7.48801],[33.92381,7.48814],[33.92354,7.48826],[33.92334,7.48808],[33.92321,7.48807],[33.92298,7.48815],[33.92277,7.48808],[33.92257,7.48812],[33.92202,7.48796],[33.92191,7.4882],[33.92188,7.48841],[33.9217,7.48851],[33.92164,7.48873],[33.92168,7.48898],[33.92213,7.48922],[33.9221,7.48947],[33.92165,7.48998],[33.92166,7.49011],[33.92188,7.49026],[33.92193,7.49062],[33.92161,7.49113],[33.92126,7.49146],[33.92112,7.49169],[33.92098,7.49207],[33.92075,7.49235],[33.92054,7.4925],[33.91983,7.49284],[33.91966,7.49287],[33.91911,7.49278],[33.91895,7.49268],[33.91732,7.49261],[33.91698,7.4931],[33.91687,7.49356],[33.91658,7.4939],[33.91637,7.49425],[33.91634,7.49477],[33.91658,7.49528],[33.91655,7.49539],[33.91635,7.49553],[33.9162,7.49572],[33.91611,7.49594],[33.91618,7.49609],[33.91603,7.49639],[33.91603,7.49665],[33.91622,7.49744],[33.91619,7.49753],[33.91565,7.49754],[33.91543,7.4977],[33.91528,7.49772],[33.91502,7.49766],[33.9148,7.49769],[33.91441,7.49784],[33.91414,7.49821],[33.91373,7.49848],[33.91349,7.49858],[33.91285,7.4985],[33.91262,7.49863],[33.91238,7.49868],[33.91212,7.49863],[33.91195,7.49871],[33.9103,7.49895],[33.90979,7.49908],[33.90948,7.49937],[33.90937,7.49962],[33.90936,7.50059],[33.90901,7.50065],[33.90816,7.50031],[33.90797,7.50027],[33.90771,7.50033],[33.90755,7.5005],[33.90759,7.50135],[33.90826,7.50206],[33.90826,7.5022],[33.90814,7.50257],[33.90786,7.503],[33.90709,7.50343],[33.90581,7.50473],[33.90482,7.50563],[33.90477,7.50731],[33.90483,7.50758],[33.90502,7.50796],[33.90507,7.50826],[33.9051,7.50936],[33.90501,7.50987],[33.90434,7.5109],[33.90409,7.51114],[33.90218,7.51166],[33.90163,7.51208],[33.90136,7.51214],[33.90035,7.51214],[33.89959,7.51265],[33.89935,7.51298],[33.89923,7.51361],[33.89938,7.5143],[33.89905,7.51479],[33.89883,7.51559],[33.89884,7.51838],[33.89947,7.51958],[33.90009,7.51998],[33.90085,7.51998],[33.90139,7.52051],[33.90203,7.52092],[33.90219,7.52159],[33.90406,7.52276],[33.90506,7.52319],[33.90545,7.52358],[33.90585,7.52492],[33.90574,7.52579],[33.9053,7.52664],[33.90495,7.52712],[33.90474,7.52795],[33.90411,7.52832],[33.90391,7.52878],[33.90374,7.52945],[33.90286,7.5297],[33.90233,7.53011],[33.90142,7.5314],[33.90118,7.53182],[33.90113,7.53212],[33.90123,7.53249],[33.90141,7.53295],[33.90132,7.53353],[33.89993,7.53408],[33.89969,7.5344],[33.89939,7.53525],[33.89917,7.53548],[33.89865,7.53561],[33.89816,7.53586],[33.89805,7.53624],[33.89803,7.53682],[33.89825,7.53726],[33.89862,7.53748],[33.89895,7.53755],[33.8991,7.5378],[33.8991,7.53826],[33.89874,7.5389],[33.89815,7.53927],[33.89772,7.53934],[33.89733,7.53917],[33.89632,7.5392],[33.89592,7.53938],[33.89534,7.5399],[33.89514,7.53991],[33.8947,7.53976],[33.89416,7.53995],[33.89388,7.53984],[33.89354,7.53984],[33.89319,7.54006],[33.89301,7.54025],[33.8927,7.5404],[33.89199,7.54066],[33.89153,7.54075],[33.89121,7.54094],[33.89029,7.5417],[33.88985,7.54185],[33.88942,7.54211],[33.88879,7.54221],[33.88852,7.54247],[33.888,7.54266],[33.88759,7.54289],[33.88729,7.54315],[33.88723,7.54348],[33.88732,7.54397],[33.88721,7.54429],[33.88706,7.54453],[33.88676,7.54452],[33.88578,7.54424],[33.88538,7.54434],[33.88493,7.54468],[33.88466,7.54474],[33.8843,7.54468],[33.88396,7.54469],[33.88376,7.54476],[33.88339,7.54496],[33.88319,7.54502],[33.88263,7.54553],[33.88203,7.54554],[33.88184,7.54565],[33.88155,7.54618],[33.88141,7.54628],[33.88077,7.54647],[33.88037,7.54686],[33.88005,7.54737],[33.87979,7.548],[33.87937,7.54822],[33.8791,7.5482],[33.87865,7.54792],[33.87819,7.54756],[33.87764,7.54731],[33.8774,7.54698],[33.87692,7.54666],[33.87666,7.54664],[33.87609,7.54677],[33.87564,7.54679],[33.87528,7.54661],[33.87412,7.54564],[33.87373,7.5456],[33.87289,7.54589],[33.87229,7.54629],[33.87193,7.54691],[33.87179,7.54772],[33.87187,7.54835],[33.87225,7.54902],[33.87251,7.54962],[33.87253,7.54993],[33.87223,7.55042],[33.87179,7.55088],[33.87139,7.55098],[33.87093,7.55094],[33.87045,7.55062],[33.86981,7.54999],[33.86961,7.54999],[33.86937,7.55027],[33.86907,7.55092],[33.86908,7.55152],[33.86924,7.55238],[33.86944,7.55276],[33.86978,7.5541],[33.8697,7.55446],[33.86919,7.55486],[33.86845,7.55526],[33.86789,7.55578],[33.86724,7.55671],[33.86705,7.55771],[33.86684,7.55842],[33.86648,7.55884],[33.86578,7.55911],[33.86516,7.55908],[33.86475,7.55896],[33.86434,7.55868],[33.8636,7.55849],[33.86251,7.55925],[33.86158,7.56051],[33.86101,7.56087],[33.86067,7.56087],[33.85995,7.56032],[33.85944,7.56006],[33.85872,7.56011],[33.85782,7.55989],[33.8567,7.56018],[33.85587,7.56011],[33.85522,7.55992],[33.85432,7.55982],[33.85337,7.55955],[33.85202,7.5597],[33.84938,7.55944],[33.84889,7.55981],[33.84705,7.56044],[33.84569,7.56078],[33.84403,7.56149],[33.84312,7.56171],[33.84094,7.5616],[33.83995,7.56198],[33.83804,7.5625],[33.83686,7.56253],[33.83486,7.5628],[33.83362,7.56283],[33.83252,7.56335],[33.83168,7.56419],[33.83127,7.56443],[33.82604,7.56379],[33.8241,7.56375],[33.82221,7.56335],[33.82091,7.56322],[33.82014,7.56301],[33.81976,7.56309],[33.81944,7.56327],[33.8192,7.56335],[33.81935,7.56391],[33.8193,7.5645],[33.81941,7.56522],[33.81874,7.56578],[33.81833,7.56541],[33.81728,7.56532],[33.81677,7.56636],[33.81613,7.56682],[33.81479,7.56837],[33.81424,7.56869],[33.81378,7.56887],[33.81327,7.57047],[33.81272,7.57111],[33.81239,7.5722],[33.81092,7.5728],[33.80922,7.57339],[33.80798,7.57352],[33.8072,7.57339],[33.80568,7.57271],[33.80504,7.57257],[33.80444,7.57284],[33.80375,7.57362],[33.80352,7.57416],[33.80375,7.57503],[33.80362,7.57548],[33.80298,7.57598],[33.80288,7.5768],[33.80252,7.57707],[33.8021,7.57703],[33.80082,7.5784],[33.79948,7.58049],[33.79902,7.58063],[33.79856,7.58058],[33.7976,7.58158],[33.79695,7.58181],[33.79539,7.58199],[33.79511,7.58295],[33.79479,7.58341],[33.79451,7.58368],[33.79364,7.58368],[33.79314,7.58382],[33.79239,7.58472],[33.79188,7.58481],[33.79156,7.58522],[33.79147,7.58595],[33.79087,7.58641],[33.7899,7.58682],[33.7893,7.58682],[33.78866,7.58737],[33.78793,7.58718],[33.78682,7.58714],[33.78609,7.58668],[33.78563,7.58709],[33.78512,7.58859],[33.78452,7.58973],[33.78383,7.59046],[33.78305,7.59091],[33.78255,7.59096],[33.78239,7.59128],[33.78221,7.59233],[33.78198,7.59306],[33.78115,7.59406],[33.78092,7.59456],[33.77999,7.59534],[33.7799,7.59611],[33.78005,7.59693],[33.77999,7.59775],[33.78082,7.5988],[33.78067,7.60035],[33.78049,7.60117],[33.78003,7.60172],[33.77925,7.60204],[33.77843,7.60254],[33.77793,7.60276],[33.77724,7.6024],[33.77687,7.60162],[33.77636,7.60176],[33.77521,7.60263],[33.77397,7.60381],[33.77314,7.60445],[33.77227,7.60436],[33.7719,7.60404],[33.772,7.60354],[33.77163,7.60345],[33.77121,7.60349],[33.77084,7.60313],[33.77039,7.60335],[33.76969,7.60381],[33.76864,7.60468],[33.76772,7.60508],[33.76767,7.60468],[33.76721,7.60463],[33.76675,7.60445],[33.76445,7.60559],[33.7639,7.60577],[33.76358,7.60618],[33.76317,7.60654],[33.76275,7.60677],[33.76252,7.60722],[33.76243,7.60786],[33.76228,7.60824],[33.76241,7.60872],[33.76299,7.60953],[33.76258,7.61027],[33.76254,7.61074],[33.76275,7.61129],[33.76244,7.61146],[33.76214,7.61146],[33.76189,7.61186],[33.76152,7.61216],[33.76104,7.61237],[33.76056,7.61271],[33.75971,7.61288],[33.75896,7.61379],[33.75733,7.61468],[33.75689,7.61533],[33.75672,7.61566],[33.75682,7.61692],[33.75668,7.61732],[33.75634,7.61796],[33.75621,7.61844],[33.75644,7.61891],[33.75644,7.61938],[33.75621,7.61975],[33.75559,7.62026],[33.75429,7.62107],[33.75382,7.62158],[33.75341,7.62222],[33.753,7.62256],[33.75157,7.62259],[33.75106,7.62293],[33.75061,7.62269],[33.75038,7.62205],[33.74997,7.62185],[33.7496,7.62181],[33.74936,7.62202],[33.74932,7.6231],[33.74888,7.62333],[33.74796,7.62336],[33.74738,7.6232],[33.74623,7.62218],[33.7436,7.62195],[33.74202,7.62214],[33.74099,7.6216],[33.74025,7.62173],[33.7396,7.62247],[33.73939,7.62383],[33.73891,7.6242],[33.73847,7.62433],[33.73833,7.62477],[33.73908,7.62666],[33.73915,7.62721],[33.73892,7.62813],[33.73793,7.6295],[33.73637,7.63234],[33.73592,7.63261],[33.73516,7.63208],[33.73472,7.63159],[33.73418,7.63163],[33.73395,7.63221],[33.73458,7.63358],[33.73615,7.63527],[33.73623,7.63602],[33.73587,7.63647],[33.73485,7.63669],[33.73476,7.63731],[33.73512,7.63793],[33.73587,7.63859],[33.73615,7.63921],[33.73583,7.63974],[33.7336,7.6416],[33.73283,7.64165],[33.73234,7.642],[33.73261,7.64293],[33.73266,7.64342],[33.73257,7.64388],[33.73181,7.64471],[33.73098,7.64538],[33.73015,7.64553],[33.72957,7.64616],[33.72932,7.64712],[33.72782,7.64867],[33.7274,7.64956],[33.72776,7.65058],[33.72831,7.6513],[33.72837,7.65189],[33.72783,7.65309],[33.7274,7.65369],[33.72698,7.65381],[33.72547,7.65399],[33.72492,7.65495],[33.72383,7.65638],[33.72323,7.65638],[33.72088,7.65614],[33.72028,7.65578],[33.71961,7.65548],[33.71895,7.65554],[33.71847,7.65584],[33.71756,7.65662],[33.71726,7.65704],[33.71732,7.65811],[33.71726,7.65865],[33.71647,7.66039],[33.71617,7.66206],[33.71598,7.66278],[33.71556,7.66314],[33.71496,7.66326],[33.71297,7.66146],[33.71276,7.66139],[33.71243,7.66128],[33.71158,7.66146],[33.71055,7.66182],[33.7082,7.6623],[33.70687,7.66236],[33.70638,7.662],[33.70584,7.66128],[33.70542,7.66104],[33.70482,7.66122],[33.70409,7.66176],[33.70367,7.66176],[33.70294,7.6614],[33.70258,7.66075],[33.70246,7.66015],[33.70246,7.65967],[33.70216,7.65907],[33.70056,7.65911],[33.6999,7.65946],[33.69953,7.66012],[33.69953,7.66108],[33.69971,7.66186],[33.70013,7.66277],[33.70019,7.66336],[33.69971,7.66468],[33.6991,7.66515],[33.69844,7.66527],[33.69748,7.66503],[33.697,7.66479],[33.69645,7.66485],[33.69561,7.66526],[33.69501,7.66592],[33.69453,7.66616],[33.69374,7.66598],[33.69289,7.66569],[33.69235,7.66569],[33.69199,7.66533],[33.69132,7.66514],[33.69024,7.66508],[33.68927,7.6649],[33.68849,7.66454],[33.68813,7.66454],[33.68697,7.66556],[33.68672,7.66595],[33.68662,7.66621],[33.6867,7.66659],[33.6872,7.66711],[33.68737,7.66746],[33.68733,7.66812],[33.68745,7.6686],[33.68764,7.66903],[33.68771,7.6704],[33.68769,7.67071],[33.68723,7.67114],[33.68673,7.67133],[33.68645,7.67135],[33.68618,7.67128],[33.68585,7.67112],[33.68537,7.671],[33.68489,7.671],[33.68391,7.67076],[33.68357,7.6709],[33.68331,7.67109],[33.68314,7.6716],[33.6827,7.672],[33.68146,7.6725],[33.68109,7.6725],[33.68078,7.67241],[33.6798,7.6715],[33.67944,7.67129],[33.67891,7.67114],[33.67858,7.67133],[33.67807,7.67152],[33.67771,7.67195],[33.67704,7.67297],[33.67666,7.67335],[33.67652,7.6738],[33.67641,7.67419],[33.67643,7.67471],[33.67683,7.67551],[33.67688,7.67584],[33.67685,7.67613],[33.67664,7.67674],[33.67651,7.67726],[33.67635,7.67761],[33.67611,7.67797],[33.67566,7.67851],[33.67485,7.67931],[33.67438,7.67943],[33.67411,7.67966],[33.67362,7.68025],[33.67336,7.68027],[33.6723,7.68013],[33.6721,7.67991],[33.67184,7.67975],[33.67164,7.67975],[33.6701,7.68085],[33.66952,7.68097],[33.66917,7.68095],[33.6689,7.68088],[33.66858,7.68067],[33.66842,7.68048],[33.66832,7.68017],[33.66807,7.68001],[33.66755,7.6799],[33.66713,7.67998],[33.66696,7.68016],[33.66693,7.68039],[33.667,7.68072],[33.66703,7.68123],[33.66703,7.68253],[33.66691,7.68336],[33.66662,7.68462],[33.66661,7.68496],[33.66652,7.68538],[33.6664,7.68567],[33.666,7.68586],[33.66537,7.68602],[33.6646,7.68635],[33.66341,7.68649],[33.66188,7.68677],[33.66149,7.68675],[33.66108,7.6866],[33.66066,7.68651],[33.66031,7.68651],[33.65999,7.68664],[33.65962,7.68693],[33.65916,7.6877],[33.65883,7.68831],[33.65836,7.6894],[33.65815,7.68959],[33.65789,7.68968],[33.65766,7.68968],[33.65738,7.68955],[33.65704,7.68926],[33.65635,7.6885],[33.65587,7.68824],[33.65566,7.68826],[33.6554,7.6884],[33.65462,7.68945],[33.65439,7.68964],[33.65416,7.68976],[33.65378,7.68985],[33.65259,7.69001],[33.6511,7.69086],[33.64994,7.69205],[33.64955,7.69216],[33.64936,7.69216],[33.64916,7.6921],[33.64899,7.69196],[33.64881,7.69191],[33.64868,7.69195],[33.64851,7.69212],[33.6481,7.69279],[33.64792,7.69298],[33.6474,7.69321],[33.64726,7.69334],[33.64685,7.6935],[33.64655,7.6935],[33.64582,7.69334],[33.6452,7.69353],[33.64398,7.6934],[33.64329,7.69347],[33.64164,7.69384],[33.64123,7.69379],[33.64108,7.69362],[33.64084,7.69314],[33.64032,7.69269],[33.63995,7.69216],[33.63944,7.6917],[33.63882,7.691],[33.63831,7.69006],[33.638,7.68964],[33.6377,7.68941],[33.6365,7.68916],[33.63608,7.68895],[33.63573,7.68895],[33.63538,7.68922],[33.63517,7.68963],[33.63512,7.69023],[33.63502,7.69078],[33.63455,7.69121],[33.63418,7.69142],[33.63392,7.69174],[33.63337,7.69202],[33.63264,7.69205],[33.63218,7.69191],[33.63183,7.69196],[33.6316,7.69219],[33.63153,7.69256],[33.63172,7.69349],[33.63028,7.69444],[33.62852,7.69524],[33.62647,7.6958],[33.62351,7.69631],[33.62062,7.69623],[33.61933,7.69566],[33.6175,7.69532],[33.61696,7.69492],[33.6165,7.69449],[33.61618,7.69408],[33.61534,7.69389],[33.61483,7.69304],[33.61458,7.69285],[33.61418,7.69279],[33.61186,7.69276],[33.61138,7.69258],[33.61025,7.69196],[33.60971,7.69193],[33.6074,7.69223],[33.60699,7.69223],[33.60657,7.69199],[33.60584,7.69145],[33.60546,7.69132],[33.60434,7.69107],[33.60273,7.69035],[33.60229,7.69035],[33.60162,7.69066],[33.601,7.69083],[33.60053,7.69091],[33.60014,7.69119],[33.59967,7.69166],[33.59934,7.69181],[33.59903,7.69189],[33.59882,7.69207],[33.59848,7.69271],[33.59819,7.69297],[33.59783,7.69304],[33.59733,7.69297],[33.59699,7.69297],[33.59665,7.6932],[33.59608,7.69376],[33.59478,7.69423],[33.59446,7.6942],[33.59376,7.69384],[33.59345,7.69379],[33.59252,7.69425],[33.59197,7.69428],[33.59109,7.69418],[33.59064,7.69397],[33.59004,7.69342],[33.58899,7.69348],[33.58802,7.69339],[33.58763,7.69331],[33.58735,7.69309],[33.58715,7.69273],[33.58712,7.69232],[33.58696,7.69218],[33.58666,7.69226],[33.58641,7.69262],[33.58618,7.69279],[33.5859,7.69279],[33.58546,7.69265],[33.58518,7.69237],[33.58499,7.69179],[33.58435,7.69102],[33.58388,7.69059],[33.5831,7.69045],[33.58268,7.69012],[33.58218,7.68981],[33.58182,7.6894],[33.58154,7.68915],[33.58124,7.68904],[33.58091,7.6891],[33.58074,7.68923],[33.57996,7.69022],[33.5783,7.69111],[33.57805,7.69138],[33.57793,7.69176],[33.57801,7.69231],[33.57789,7.69251],[33.57753,7.69265],[33.5772,7.69256],[33.57612,7.6916],[33.57579,7.69146],[33.57546,7.69157],[33.57509,7.69217],[33.57487,7.69242],[33.57459,7.69255],[33.57429,7.69255],[33.57404,7.69233],[33.57387,7.69197],[33.57365,7.69186],[33.57332,7.69195],[33.57293,7.69219],[33.57188,7.6923],[33.57099,7.69258],[33.56993,7.69304],[33.56971,7.69326],[33.5697,7.69392],[33.56962,7.6942],[33.5692,7.69464],[33.56828,7.69536],[33.56773,7.69566],[33.56734,7.69566],[33.5665,7.69491],[33.56624,7.69489],[33.56572,7.69494],[33.56553,7.69522],[33.56544,7.69566],[33.56562,7.69621],[33.56611,7.69677],[33.56677,7.697],[33.56756,7.69806],[33.56756,7.69833],[33.56731,7.69861],[33.56681,7.69869],[33.56623,7.69869],[33.56562,7.69857],[33.5654,7.69874],[33.56523,7.69913],[33.56529,7.69946],[33.56514,7.69977],[33.56486,7.69978],[33.56448,7.69964],[33.564,7.69887],[33.56308,7.6983],[33.56258,7.69821],[33.562,7.69818],[33.56158,7.69808],[33.56084,7.69774],[33.56056,7.69766],[33.56037,7.69769],[33.56006,7.69807],[33.55876,7.69939],[33.55831,7.69953],[33.55748,7.6995],[33.55693,7.69928],[33.55667,7.69928],[33.55622,7.69964],[33.55592,7.69959],[33.55537,7.69937],[33.55467,7.69923],[33.55428,7.69895],[33.55362,7.69895],[33.55301,7.69887],[33.55271,7.6987],[33.55265,7.69846],[33.5527,7.6982],[33.55268,7.69793],[33.55248,7.69768],[33.55168,7.69727],[33.55079,7.69709],[33.55016,7.69702],[33.54985,7.69713],[33.5495,7.69736],[33.54897,7.69742],[33.5486,7.69726],[33.54807,7.69661],[33.54786,7.69613],[33.54767,7.69545],[33.54768,7.69525],[33.54788,7.69502],[33.54831,7.69494],[33.54923,7.69494],[33.54971,7.69485],[33.55006,7.69458],[33.55033,7.69422],[33.55044,7.69379],[33.55039,7.69343],[33.55056,7.69271],[33.55062,7.69213],[33.55051,7.69161],[33.5503,7.69133],[33.54986,7.6912],[33.54933,7.69124],[33.54878,7.69148],[33.54814,7.69189],[33.54778,7.69237],[33.54729,7.6929],[33.54688,7.6932],[33.54637,7.69332],[33.54572,7.69341],[33.54452,7.69381],[33.54395,7.69382],[33.54271,7.69368],[33.54237,7.6937],[33.54199,7.69381],[33.54167,7.69401],[33.54146,7.69436],[33.54127,7.69492],[33.54118,7.69644],[33.54104,7.6969],[33.54076,7.6972],[33.54048,7.69744],[33.53994,7.69756],[33.53953,7.69761],[33.53914,7.69749],[33.53839,7.69751],[33.53815,7.69764],[33.5378,7.69799],[33.53771,7.6983],[33.53771,7.6985],[33.5383,7.69914],[33.53844,7.69943],[33.53866,7.69953],[33.53919,7.69988],[33.53985,7.69992],[33.54004,7.70007],[33.54063,7.70119],[33.54063,7.70134],[33.5405,7.70155],[33.54053,7.70184],[33.54106,7.70289],[33.54104,7.70316],[33.54056,7.70499],[33.53996,7.70623],[33.5397,7.70648],[33.53923,7.70653],[33.53867,7.70648],[33.53807,7.70652],[33.53738,7.70801],[33.53725,7.70874],[33.53737,7.7093],[33.53737,7.70964],[33.53686,7.71011],[33.53616,7.71092],[33.53565,7.71118],[33.53522,7.71102],[33.53458,7.71074],[33.53405,7.7107],[33.53357,7.71084],[33.53327,7.71112],[33.5324,7.71242],[33.53202,7.71279],[33.5312,7.71342],[33.53075,7.71402],[33.53084,7.71465],[33.5311,7.71507],[33.53133,7.71589],[33.53108,7.71672],[33.53061,7.71696],[33.52988,7.71703],[33.52954,7.71683],[33.52905,7.71639],[33.52854,7.71619],[33.52794,7.71632],[33.52691,7.71676],[33.526,7.71687],[33.52513,7.71688],[33.52435,7.71683],[33.52374,7.71627],[33.52335,7.71583],[33.52246,7.71525],[33.52225,7.71467],[33.5221,7.71409],[33.52171,7.7138],[33.52096,7.71409],[33.52092,7.71482],[33.52118,7.71636],[33.52145,7.71725],[33.52183,7.71772],[33.52365,7.71885],[33.52416,7.71929],[33.52466,7.72051],[33.52477,7.72103],[33.52491,7.72142],[33.52522,7.72185],[33.52515,7.72249],[33.52426,7.72341],[33.52363,7.72396],[33.52301,7.72457],[33.52285,7.72513],[33.52279,7.72569],[33.52357,7.72609],[33.52441,7.72628],[33.52499,7.72649],[33.52517,7.72693],[33.52497,7.72727],[33.52451,7.7276],[33.52385,7.72785],[33.52328,7.72816],[33.52259,7.72838],[33.52136,7.72845],[33.52043,7.72794],[33.51969,7.72787],[33.51911,7.72878],[33.51924,7.72959],[33.51913,7.73001],[33.51877,7.73037],[33.51831,7.7305],[33.51801,7.73028],[33.51643,7.72887],[33.51532,7.72834],[33.51476,7.72847],[33.51463,7.72901],[33.5148,7.72997],[33.5161,7.73159],[33.51636,7.73197],[33.51636,7.73277],[33.5165,7.73322],[33.51699,7.73362],[33.51739,7.73402],[33.51793,7.73469],[33.5182,7.73536],[33.5181,7.73627],[33.51768,7.73667],[33.51706,7.73679],[33.5163,7.73672],[33.51574,7.73627],[33.51552,7.73589],[33.51501,7.73531],[33.51449,7.73492],[33.51307,7.73416],[33.5124,7.73373],[33.51166,7.73278],[33.51055,7.73197],[33.50985,7.73177],[33.50915,7.73181],[33.50856,7.73233],[33.50774,7.73391],[33.50711,7.73438],[33.506,7.73463],[33.50546,7.73483],[33.50481,7.73554],[33.50424,7.7357],[33.50368,7.7356],[33.50341,7.73527],[33.50341,7.73478],[33.50348,7.734],[33.5039,7.73355],[33.50428,7.73289],[33.50424,7.73148],[33.50431,7.73101],[33.50489,7.73017],[33.50484,7.72979],[33.50401,7.72965],[33.50304,7.72961],[33.50241,7.72972],[33.50169,7.73019],[33.5,7.73202],[33.49985,7.73248],[33.49985,7.73322],[33.50015,7.73405],[33.50082,7.73527],[33.50073,7.73589],[33.50034,7.73628],[33.49998,7.73634],[33.49922,7.73589],[33.49869,7.73596],[33.49839,7.73618],[33.49831,7.73665],[33.49826,7.73757],[33.49826,7.73812],[33.49842,7.73859],[33.49869,7.739],[33.49906,7.7394],[33.50004,7.73971],[33.50011,7.74015],[33.49966,7.74082],[33.49911,7.74109],[33.49858,7.74113],[33.49795,7.74111],[33.49739,7.74084],[33.49701,7.74045],[33.49625,7.73984],[33.49603,7.73958],[33.49487,7.73882],[33.49458,7.73846],[33.49438,7.73799],[33.49438,7.73688],[33.49431,7.7363],[33.49416,7.73585],[33.49392,7.73558],[33.49365,7.73545],[33.49288,7.73489],[33.4924,7.73485],[33.49202,7.73536],[33.49159,7.73544],[33.4912,7.73536],[33.49089,7.73497],[33.49085,7.73455],[33.49107,7.73403],[33.49107,7.73335],[33.49072,7.73292],[33.49007,7.73271],[33.48974,7.73275],[33.489,7.73356],[33.48891,7.73437],[33.48861,7.7348],[33.48771,7.73561],[33.4868,7.736],[33.48581,7.73634],[33.4853,7.73616],[33.48496,7.73573],[33.48466,7.73565],[33.48423,7.73582],[33.48384,7.73646],[33.48366,7.73864],[33.48379,7.73937],[33.48426,7.74048],[33.48481,7.7413],[33.4852,7.74165],[33.4852,7.74195],[33.48472,7.74233],[33.48403,7.74241],[33.48356,7.74237],[33.483,7.74215],[33.48223,7.74129],[33.48184,7.74125],[33.48158,7.74164],[33.48145,7.74245],[33.48148,7.74418],[33.48195,7.74461],[33.48247,7.74494],[33.48281,7.74553],[33.48277,7.74612],[33.48235,7.74667],[33.48188,7.74667],[33.48106,7.74659],[33.48025,7.74624],[33.47951,7.74625],[33.47917,7.74667],[33.47896,7.74756],[33.47903,7.74772],[33.47922,7.74811],[33.47926,7.74862],[33.47871,7.74922],[33.47841,7.74947],[33.47827,7.74945],[33.47806,7.74943],[33.47802,7.74898],[33.47806,7.74862],[33.4782,7.748],[33.4781,7.74786],[33.47776,7.74782],[33.4772,7.74786],[33.47694,7.74784],[33.47615,7.74739],[33.47544,7.74708],[33.47463,7.74717],[33.47397,7.74736],[33.47363,7.74767],[33.47321,7.74838],[33.47273,7.74884],[33.47206,7.7491],[33.47166,7.74931],[33.47138,7.74965],[33.47122,7.75002],[33.47071,7.75181],[33.47047,7.75226],[33.47016,7.75243],[33.46864,7.75134],[33.46838,7.75074],[33.4684,7.74941],[33.46814,7.74915],[33.46712,7.74902],[33.46625,7.74926],[33.46575,7.74951],[33.46492,7.75024],[33.46419,7.75148],[33.46372,7.75217],[33.46312,7.75273],[33.46244,7.75292],[33.46172,7.75263],[33.46131,7.75209],[33.46112,7.75138],[33.46115,7.75075],[33.46131,7.75019],[33.46209,7.74919],[33.46273,7.74846],[33.46319,7.74762],[33.4637,7.74694],[33.46336,7.74621],[33.46268,7.74591],[33.46151,7.74552],[33.46087,7.74499],[33.46041,7.7445],[33.45963,7.74404],[33.45929,7.74379],[33.45846,7.74348],[33.45804,7.7434],[33.45757,7.74369],[33.45718,7.74428],[33.45645,7.74514],[33.45589,7.74564],[33.45562,7.74577],[33.45484,7.74603],[33.45423,7.74582],[33.45408,7.74531],[33.45412,7.74448],[33.45429,7.74418],[33.45436,7.74333],[33.45467,7.74184],[33.45477,7.74017],[33.45541,7.73907],[33.45558,7.73864],[33.45542,7.73831],[33.45495,7.73814],[33.45456,7.73809],[33.45396,7.73839],[33.45084,7.74085],[33.4502,7.74119],[33.44968,7.74119],[33.44926,7.74099],[33.44852,7.74005],[33.44809,7.74001],[33.44771,7.74031],[33.44758,7.74082],[33.44766,7.74184],[33.44865,7.74248],[33.44861,7.74299],[33.44814,7.74333],[33.44768,7.74357],[33.44721,7.74361],[33.44682,7.74353],[33.44613,7.74311],[33.44482,7.74255],[33.44415,7.74255],[33.44359,7.74272],[33.4432,7.74321],[33.44313,7.74374],[33.443,7.7443],[33.44303,7.74625],[33.44362,7.74696],[33.44418,7.74714],[33.44466,7.74713],[33.44506,7.74687],[33.44569,7.74635],[33.44632,7.74558],[33.44747,7.74431],[33.44806,7.74414],[33.44882,7.74437],[33.44916,7.74509],[33.44938,7.7457],[33.44952,7.74626],[33.44816,7.74785],[33.44755,7.74829],[33.44601,7.74982],[33.4453,7.75031],[33.44408,7.7504],[33.44371,7.75017],[33.44315,7.74974],[33.44266,7.74897],[33.44206,7.74858],[33.44159,7.74818],[33.44115,7.74787],[33.44044,7.74763],[33.44,7.74762],[33.43901,7.7478],[33.43868,7.74794],[33.4379,7.74872],[33.43758,7.74956],[33.43758,7.74999],[33.43778,7.7505],[33.43812,7.75094],[33.43903,7.7519],[33.43947,7.75244],[33.43928,7.75282],[33.43842,7.75267],[33.43752,7.75236],[33.43678,7.75217],[33.43551,7.75239],[33.43507,7.75297],[33.43505,7.75383],[33.43537,7.75473],[33.43556,7.75568],[33.43534,7.75632],[33.43488,7.75666],[33.43415,7.75675],[33.43361,7.75659],[33.43258,7.75563],[33.43219,7.75516],[33.43148,7.75483],[33.4308,7.75466],[33.42997,7.75461],[33.42914,7.75468],[33.42865,7.75504],[33.4285,7.75577],[33.42829,7.75646],[33.4277,7.75722],[33.4271,7.75732],[33.42636,7.7571],[33.42594,7.75663],[33.42578,7.75588],[33.42577,7.75412],[33.42572,7.75321],[33.42614,7.75267],[33.42674,7.75236],[33.42746,7.75236],[33.42865,7.75211],[33.42909,7.75187],[33.42919,7.75143],[33.42912,7.75101],[33.42873,7.75056],[33.42826,7.75023],[33.42758,7.75011],[33.42675,7.75004],[33.42551,7.75009],[33.42494,7.7497],[33.42433,7.74906],[33.42401,7.74841],[33.42384,7.74591],[33.42384,7.74489],[33.42353,7.74431],[33.42319,7.74416],[33.42264,7.74414],[33.42229,7.74423],[33.42189,7.74441],[33.42155,7.74463],[33.42117,7.74467],[33.42073,7.74466],[33.42044,7.74449],[33.41998,7.74381],[33.41981,7.7432],[33.41991,7.74267],[33.42007,7.74232],[33.42041,7.74183],[33.42119,7.74107],[33.42122,7.7408],[33.42115,7.74022],[33.42077,7.73958],[33.42043,7.73918],[33.41952,7.7379],[33.41917,7.73754],[33.41812,7.73755],[33.41758,7.73761],[33.41688,7.738],[33.41674,7.73847],[33.41692,7.739],[33.41692,7.73957],[33.41685,7.73989],[33.41647,7.74012],[33.41588,7.74012],[33.4153,7.74004],[33.41454,7.7394],[33.41391,7.73873],[33.41304,7.73836],[33.41203,7.73833],[33.41145,7.73837],[33.40876,7.7382],[33.40811,7.73836],[33.40727,7.73882],[33.40257,7.73897],[33.40221,7.73904],[33.40194,7.73937],[33.40157,7.73964],[33.40122,7.73973],[33.40071,7.73969],[33.40036,7.73944],[33.40032,7.73879],[33.4005,7.73844],[33.4011,7.73757],[33.4021,7.73672],[33.40248,7.7363],[33.40281,7.73587],[33.40342,7.73474],[33.40346,7.7342],[33.40344,7.7338],[33.40315,7.73309],[33.40266,7.73221],[33.40255,7.73172],[33.40217,7.73131],[33.40168,7.73064],[33.40078,7.72997],[33.40042,7.72981],[33.3996,7.72974],[33.39888,7.73003],[33.39847,7.73053],[33.3984,7.73143],[33.3983,7.73191],[33.39787,7.73228],[33.39733,7.73224],[33.39672,7.73207],[33.39562,7.73211],[33.3952,7.73202],[33.39501,7.73163],[33.3949,7.7312],[33.39485,7.73004],[33.39447,7.72974],[33.39399,7.7299],[33.39354,7.73054],[33.3933,7.73102],[33.39296,7.7322],[33.39273,7.73334],[33.39237,7.73388],[33.39212,7.73395],[33.39142,7.73453],[33.39055,7.73505],[33.39022,7.73556],[33.39026,7.73615],[33.39038,7.73691],[33.39053,7.73738],[33.39086,7.7382],[33.39141,7.73897],[33.39151,7.73935],[33.39151,7.73972],[33.39121,7.7403],[33.3902,7.74122],[33.38982,7.74132],[33.38935,7.74132],[33.38879,7.74114],[33.38824,7.74078],[33.38776,7.74026],[33.38699,7.73923],[33.38633,7.73811],[33.38572,7.73758],[33.38512,7.73686],[33.38459,7.73684],[33.38384,7.73712],[33.38316,7.73825],[33.38306,7.73878],[33.38306,7.74107],[33.38295,7.74156],[33.38266,7.74207],[33.38241,7.74236],[33.38222,7.74247],[33.38173,7.74247],[33.38126,7.7424],[33.38099,7.74225],[33.38063,7.7419],[33.38042,7.74158],[33.3798,7.74093],[33.37968,7.74065],[33.37968,7.7403],[33.3797,7.73984],[33.3802,7.73932],[33.3807,7.73871],[33.38114,7.73802],[33.38134,7.73757],[33.38144,7.73718],[33.3814,7.73629],[33.38116,7.73602],[33.38076,7.73585],[33.37983,7.73572],[33.37946,7.73558],[33.37906,7.73526],[33.37906,7.73485],[33.37912,7.73448],[33.37944,7.73399],[33.37962,7.73356],[33.37945,7.73321],[33.37873,7.73325],[33.37784,7.73348],[33.37719,7.73377],[33.3767,7.73392],[33.37635,7.73384],[33.37479,7.73262],[33.37443,7.73241],[33.37333,7.73203],[33.37294,7.73167],[33.37308,7.73116],[33.37361,7.73088],[33.37418,7.73064],[33.37454,7.73039],[33.37463,7.73015],[33.37458,7.72986],[33.37437,7.72964],[33.37389,7.72958],[33.37347,7.72971],[33.37297,7.73],[33.37254,7.73038],[33.37086,7.73135],[33.37023,7.73154],[33.36837,7.73156],[33.36738,7.73127],[33.36702,7.73129],[33.36641,7.73178],[33.36594,7.73229],[33.36563,7.73242],[33.36532,7.73243],[33.36506,7.73223],[33.36503,7.73167],[33.36545,7.73036],[33.36641,7.72862],[33.36655,7.72817],[33.36646,7.72778],[33.3661,7.72744],[33.36564,7.72729],[33.36492,7.72726],[33.36407,7.72711],[33.36352,7.72689],[33.36343,7.72634],[33.36352,7.7259],[33.36379,7.7255],[33.36432,7.72513],[33.36523,7.72466],[33.36556,7.72431],[33.36557,7.72395],[33.36552,7.72349],[33.36435,7.72192],[33.36403,7.72109],[33.36391,7.72034],[33.36366,7.72003],[33.36272,7.72031],[33.36219,7.72056],[33.36153,7.72063],[33.36026,7.7206],[33.3593,7.72063],[33.3589,7.72092],[33.35834,7.72138],[33.35818,7.7218],[33.35818,7.72285],[33.3584,7.72384],[33.35846,7.72444],[33.35836,7.72486],[33.3582,7.72519],[33.35713,7.72558],[33.35602,7.72579],[33.35442,7.72594],[33.35398,7.7263],[33.35383,7.72675],[33.35381,7.72722],[33.3537,7.72785],[33.35344,7.72818],[33.3528,7.72833],[33.35236,7.72836],[33.35156,7.72836],[33.3512,7.72832],[33.3506,7.72851],[33.35055,7.72871],[33.35057,7.72907],[33.35072,7.72947],[33.35097,7.72986],[33.35097,7.7302],[33.35085,7.73035],[33.3505,7.73035],[33.35024,7.7302],[33.34996,7.72988],[33.34934,7.72843],[33.34896,7.72775],[33.34883,7.72708],[33.34853,7.72648],[33.34819,7.72458],[33.34819,7.72401],[33.34812,7.72323],[33.34761,7.7223],[33.34716,7.72198],[33.34659,7.72139],[33.34639,7.72089],[33.34629,7.72053],[33.3465,7.71999],[33.3465,7.7195],[33.34642,7.71906],[33.34617,7.71871],[33.34547,7.71845],[33.34508,7.71838],[33.34477,7.71804],[33.34472,7.7176],[33.34508,7.71714],[33.3456,7.71678],[33.3461,7.7165],[33.34642,7.71644],[33.34821,7.71665],[33.34862,7.71647],[33.34885,7.71626],[33.34881,7.71601],[33.34862,7.71565],[33.34824,7.7154],[33.34705,7.71536],[33.34564,7.71555],[33.34362,7.71593],[33.34119,7.71725],[33.34078,7.71753],[33.3404,7.71786],[33.34001,7.7181],[33.33962,7.7181],[33.3393,7.71796],[33.33895,7.71771],[33.33863,7.71733],[33.33855,7.7169],[33.33858,7.71644],[33.33873,7.71608],[33.33901,7.71564],[33.3393,7.7154],[33.33975,7.71514],[33.34057,7.71446],[33.34175,7.71376],[33.34228,7.71354],[33.34267,7.71327],[33.34303,7.7129],[33.34308,7.71184],[33.3428,7.71098],[33.34236,7.71037],[33.34218,7.70998],[33.34189,7.70958],[33.34139,7.70913],[33.34092,7.70849],[33.34079,7.70803],[33.34075,7.70763],[33.34058,7.70728],[33.34021,7.70697],[33.33969,7.70704],[33.33933,7.70746],[33.33907,7.70785],[33.33892,7.70838],[33.33873,7.70885],[33.33876,7.71038],[33.3389,7.71083],[33.33931,7.71158],[33.33931,7.71227],[33.33912,7.71251],[33.33831,7.71293],[33.33723,7.71338],[33.33651,7.71391],[33.33622,7.71423],[33.3361,7.7146],[33.33585,7.71497],[33.33553,7.71503],[33.33523,7.71493],[33.33484,7.71457],[33.33471,7.71423],[33.33441,7.71383],[33.33385,7.71323],[33.33295,7.71263],[33.33245,7.71243],[33.33125,7.71218],[33.33072,7.71219],[33.33019,7.71241],[33.32987,7.71284],[33.32964,7.71355],[33.32944,7.71362],[33.32923,7.71348],[33.32918,7.71312],[33.3295,7.71158],[33.3295,7.71123],[33.32939,7.71081],[33.32918,7.71047],[33.3287,7.70992],[33.32804,7.70991],[33.32779,7.70999],[33.32712,7.71081],[33.3267,7.71147],[33.32603,7.71268],[33.32494,7.71266],[33.32346,7.71222],[33.32314,7.71192],[33.32305,7.71147],[33.32301,7.71092],[33.32324,7.70977],[33.32385,7.7088],[33.32392,7.7082],[33.32388,7.70788],[33.32361,7.70756],[33.3232,7.7075],[33.32262,7.70774],[33.32185,7.70832],[33.32055,7.70913],[33.31993,7.70942],[33.31886,7.70953],[33.31852,7.70981],[33.31853,7.71045],[33.31875,7.71101],[33.31906,7.71148],[33.32017,7.7129],[33.32052,7.71323],[33.32089,7.71371],[33.32099,7.7142],[33.32091,7.71475],[33.32072,7.7155],[33.32045,7.71605],[33.32014,7.71682],[33.31943,7.71803],[33.31915,7.71871],[33.31914,7.71921],[33.31929,7.71973],[33.3195,7.71998],[33.31997,7.72037],[33.32018,7.72084],[33.32018,7.72112],[33.31992,7.72153],[33.31939,7.72191],[33.319,7.72205],[33.31852,7.7223],[33.31783,7.72298],[33.31758,7.72331],[33.3171,7.72362],[33.31668,7.72374],[33.31626,7.72405],[33.31593,7.72448],[33.31575,7.72505],[33.31573,7.72559],[33.31608,7.72687],[33.31633,7.72746],[33.31661,7.7278],[33.31686,7.72847],[33.31697,7.72914],[33.3174,7.72983],[33.3175,7.73039],[33.31747,7.73072],[33.31728,7.73111],[33.31636,7.73153],[33.31557,7.73136],[33.31502,7.73111],[33.31452,7.73086],[33.31416,7.7305],[33.31409,7.73017],[33.3137,7.72932],[33.31308,7.72832],[33.31318,7.72701],[33.31315,7.72622],[33.31284,7.72601],[33.31238,7.72598],[33.31091,7.72632],[33.31035,7.7263],[33.30985,7.72623],[33.30947,7.72611],[33.30907,7.72611],[33.30884,7.72619],[33.30866,7.72644],[33.30854,7.72689],[33.30849,7.72747],[33.30839,7.72787],[33.30807,7.72868],[33.30775,7.72907],[33.30742,7.72922],[33.307,7.72924],[33.30673,7.72921],[33.30624,7.72899],[33.30608,7.72869],[33.3058,7.72842],[33.30539,7.72765],[33.30522,7.72711],[33.30494,7.72664],[33.30465,7.72562],[33.30445,7.72539],[33.30396,7.72543],[33.30363,7.72582],[33.30326,7.72666],[33.30316,7.72721],[33.30315,7.72836],[33.30322,7.72896],[33.30337,7.72957],[33.30357,7.73],[33.30414,7.73089],[33.30448,7.73164],[33.30458,7.73227],[33.30442,7.73332],[33.30419,7.73366],[33.30404,7.73405],[33.30378,7.73442],[33.30345,7.73473],[33.30304,7.73484],[33.30272,7.73485],[33.30232,7.73478],[33.30197,7.73458],[33.30133,7.734],[33.3007,7.73374],[33.30052,7.73389],[33.30052,7.7343],[33.30065,7.73477],[33.30094,7.73526],[33.30127,7.73569],[33.30194,7.73681],[33.30304,7.7384],[33.30313,7.73883],[33.30309,7.73937],[33.30283,7.73996],[33.3027,7.7404],[33.3027,7.74097],[33.303,7.74178],[33.30298,7.74224],[33.30241,7.7431],[33.30199,7.74324],[33.30152,7.74325],[33.30109,7.74311],[33.30022,7.74247],[33.29959,7.74225],[33.29919,7.74206],[33.29862,7.74196],[33.29774,7.74147],[33.29656,7.74104],[33.29612,7.74079],[33.29577,7.74029],[33.29565,7.73976],[33.29631,7.73854],[33.29627,7.73797],[33.29653,7.73755],[33.29688,7.73724],[33.29744,7.73694],[33.29791,7.73677],[33.29863,7.73666],[33.29895,7.73644],[33.2992,7.73611],[33.29916,7.73576],[33.29881,7.7354],[33.29732,7.73437],[33.2968,7.73417],[33.29613,7.73406],[33.29561,7.73414],[33.2952,7.7344],[33.29443,7.73541],[33.29378,7.73647],[33.2933,7.73713],[33.29244,7.73822],[33.29201,7.73884],[33.29171,7.73953],[33.29169,7.73957],[33.29154,7.74035],[33.29169,7.74096],[33.29171,7.74099],[33.29193,7.74143],[33.29232,7.74204],[33.29265,7.74239],[33.29314,7.74277],[33.29358,7.7432],[33.29431,7.74418],[33.29475,7.74461],[33.29535,7.74496],[33.29574,7.74528],[33.29639,7.74553],[33.29678,7.74585],[33.29703,7.74627],[33.29705,7.74741],[33.29691,7.74795],[33.29667,7.74838],[33.29606,7.74883],[33.29546,7.7492],[33.29438,7.7493],[33.29351,7.7492],[33.29289,7.7489],[33.29171,7.74813],[33.29061,7.74741],[33.28947,7.74635],[33.28872,7.74585],[33.28826,7.74564],[33.28774,7.74555],[33.28717,7.74531],[33.2868,7.74506],[33.28656,7.7447],[33.28617,7.74431],[33.28592,7.74392],[33.28569,7.74352],[33.2855,7.74304],[33.28511,7.74235],[33.28456,7.7421],[33.28408,7.74221],[33.28354,7.7426],[33.28332,7.74334],[33.28315,7.74413],[33.28308,7.74481],[33.28359,7.7451],[33.2841,7.74519],[33.28439,7.74532],[33.28455,7.74581],[33.28459,7.74653],[33.28473,7.74697],[33.28525,7.74824],[33.28534,7.74866],[33.28538,7.74973],[33.2853,7.75032],[33.28509,7.75061],[33.28406,7.75171],[33.28313,7.75262],[33.28296,7.75289],[33.28247,7.75314],[33.28213,7.75314],[33.28179,7.75307],[33.28149,7.75279],[33.28124,7.75242],[33.28108,7.75208],[33.28106,7.75172],[33.28082,7.75103],[33.28032,7.75032],[33.27898,7.74894],[33.2779,7.74822],[33.27713,7.74784],[33.27575,7.7479],[33.27519,7.74822],[33.27483,7.74872],[33.27481,7.74931],[33.27492,7.75002],[33.27508,7.75054],[33.27537,7.75118],[33.27563,7.75225],[33.27612,7.75346],[33.27627,7.75401],[33.2765,7.75458],[33.27648,7.755],[33.27623,7.75543],[33.27576,7.75579],[33.27438,7.75598],[33.27381,7.75578],[33.27321,7.75542],[33.27281,7.75504],[33.2721,7.75468],[33.27175,7.75436],[33.27085,7.75378],[33.26976,7.7535],[33.26904,7.75349],[33.26885,7.7536],[33.26833,7.75418],[33.26821,7.75481],[33.26817,7.7555],[33.26804,7.7565],[33.26803,7.75709],[33.26812,7.75784],[33.26817,7.75873],[33.26765,7.75934],[33.26719,7.75946],[33.26671,7.75944],[33.26643,7.75939],[33.26591,7.75919],[33.26465,7.75802],[33.2643,7.75775],[33.26376,7.75756],[33.26341,7.75774],[33.26337,7.75826],[33.26349,7.75858],[33.26398,7.75928],[33.26419,7.75969],[33.26431,7.76016],[33.26418,7.76051],[33.26355,7.76148],[33.26345,7.7618],[33.26316,7.76183],[33.26279,7.76156],[33.26224,7.76047],[33.26216,7.75956],[33.26183,7.75927],[33.26137,7.75939],[33.26107,7.75977],[33.26059,7.76061],[33.26012,7.76122],[33.25895,7.76213],[33.25834,7.76269],[33.25777,7.76332],[33.25744,7.76387],[33.25725,7.76438],[33.25703,7.76478],[33.25669,7.76493],[33.25625,7.76489],[33.25569,7.76449],[33.25545,7.76267],[33.25543,7.76167],[33.25561,7.76122],[33.25589,7.76082],[33.25591,7.76041],[33.25547,7.76028],[33.25502,7.76032],[33.25417,7.76098],[33.25408,7.76126],[33.25322,7.76241],[33.25235,7.76443],[33.25178,7.76525],[33.25183,7.76565],[33.25259,7.76608],[33.25376,7.76653],[33.25423,7.76677],[33.25441,7.76727],[33.2544,7.76781],[33.25432,7.76823],[33.25388,7.76896],[33.25309,7.76992],[33.25237,7.77064],[33.2518,7.77085],[33.25124,7.77094],[33.24992,7.77137],[33.24913,7.77168],[33.24891,7.77207],[33.2488,7.77281],[33.24863,7.77327],[33.24837,7.77344],[33.24776,7.77339],[33.2474,7.77292],[33.24725,7.77257],[33.24716,7.7722],[33.24679,7.77159],[33.24625,7.77155],[33.24601,7.77207],[33.24607,7.77251],[33.24627,7.77324],[33.24653,7.7735],[33.24677,7.77396],[33.24752,7.77483],[33.2487,7.77594],[33.24898,7.7765],[33.24959,7.77689],[33.25003,7.77711],[33.25048,7.77754],[33.25028,7.77785],[33.24989,7.778],[33.24907,7.77821],[33.24846,7.77841],[33.24772,7.77872],[33.2469,7.779],[33.24603,7.77917],[33.24572,7.77923],[33.24423,7.77923],[33.24366,7.77902],[33.24308,7.7786],[33.24279,7.77819],[33.24258,7.77746],[33.24258,7.77683],[33.24343,7.77572],[33.2436,7.7752],[33.24277,7.77518],[33.24199,7.77563],[33.24118,7.77637],[33.24054,7.77704],[33.23862,7.77945],[33.23845,7.77978],[33.23767,7.78038],[33.23702,7.78054],[33.23643,7.78036],[33.23578,7.78024],[33.23521,7.7805],[33.23476,7.78099],[33.23452,7.78167],[33.23444,7.78214],[33.23405,7.78249],[33.23369,7.78273],[33.23329,7.78252],[33.23298,7.78217],[33.23291,7.78141],[33.23294,7.77991],[33.23304,7.77943],[33.23337,7.77861],[33.23341,7.77735],[33.23331,7.77696],[33.23268,7.77665],[33.232,7.7768],[33.23142,7.77704],[33.23072,7.77745],[33.23015,7.77765],[33.22951,7.77776],[33.22899,7.77776],[33.2286,7.77774],[33.22758,7.77756],[33.2269,7.77693],[33.22675,7.77656],[33.22677,7.77622],[33.22692,7.77591],[33.22734,7.77537],[33.22753,7.77505],[33.22769,7.77463],[33.22768,7.77416],[33.22733,7.77374],[33.22684,7.77342],[33.22642,7.77337],[33.22541,7.77348],[33.22477,7.77311],[33.2244,7.77255],[33.22464,7.77211],[33.22551,7.77125],[33.22541,7.77075],[33.2251,7.77031],[33.22475,7.76959],[33.22486,7.7691],[33.22519,7.76864],[33.22525,7.76803],[33.22523,7.76769],[33.22471,7.76767],[33.22395,7.76806],[33.22197,7.76931],[33.22141,7.76984],[33.22113,7.77027],[33.22052,7.77088],[33.22008,7.77146],[33.21887,7.7724],[33.21824,7.7727],[33.21774,7.77277],[33.21726,7.77279],[33.21674,7.77242],[33.21616,7.77226],[33.21557,7.77238],[33.21513,7.77303],[33.21496,7.77353],[33.21448,7.77411],[33.2139,7.77444],[33.21296,7.77463],[33.21225,7.77431],[33.21127,7.7729],[33.21112,7.77231],[33.2107,7.77175],[33.20995,7.77174],[33.20938,7.77196],[33.20879,7.77187],[33.20823,7.772],[33.2079,7.77261],[33.2079,7.77329],[33.20941,7.77517],[33.21005,7.77568],[33.21118,7.77695],[33.21098,7.77727],[33.21126,7.77748],[33.21121,7.77781],[33.21038,7.77839],[33.20907,7.77878],[33.20805,7.77892],[33.20679,7.77892],[33.2063,7.77882],[33.20596,7.77839],[33.20557,7.77766],[33.20528,7.7767],[33.20553,7.77386],[33.20524,7.77314],[33.20476,7.77304],[33.20398,7.77348],[33.20315,7.77425],[33.20266,7.77482],[33.20261,7.77535],[33.20324,7.77747],[33.20392,7.77897],[33.20431,7.78022],[33.20426,7.78074],[33.20363,7.78214],[33.20285,7.78305],[33.20226,7.7832],[33.20163,7.78344],[33.20124,7.78378],[33.20094,7.78509],[33.20065,7.78543],[33.20011,7.78557],[33.19944,7.78556],[33.19862,7.78536],[33.19755,7.78502],[33.19668,7.78454],[33.19609,7.78339],[33.19575,7.78314],[33.19537,7.78314],[33.19484,7.78348],[33.19352,7.78468],[33.19318,7.7851],[33.1926,7.7864],[33.1923,7.78691],[33.19184,7.7873],[33.19095,7.78781],[33.19046,7.78823],[33.19009,7.78865],[33.18964,7.78883],[33.18921,7.78862],[33.18888,7.7882],[33.18842,7.7866],[33.18837,7.78579],[33.18861,7.78507],[33.18953,7.78411],[33.18999,7.78356],[33.1901,7.78317],[33.1901,7.78278],[33.18968,7.78221],[33.18828,7.78176],[33.18764,7.78164],[33.18716,7.78164],[33.18667,7.78182],[33.18621,7.78224],[33.18585,7.78278],[33.18561,7.78329],[33.1853,7.78576],[33.18545,7.78669],[33.1857,7.78769],[33.18621,7.78871],[33.18636,7.78952],[33.18636,7.79009],[33.18612,7.79051],[33.18578,7.79073],[33.18441,7.79079],[33.18329,7.791],[33.18268,7.791],[33.18213,7.79088],[33.18171,7.79061],[33.18155,7.79016],[33.18143,7.7889],[33.18116,7.78844],[33.18089,7.78829],[33.18025,7.7881],[33.1797,7.78819],[33.17872,7.7888],[33.17825,7.78939],[33.17816,7.78995],[33.17791,7.79066],[33.17742,7.7913],[33.17696,7.79163],[33.17659,7.79182],[33.176,7.79188],[33.17541,7.79187],[33.17516,7.79208],[33.17516,7.79242],[33.17527,7.79281],[33.17573,7.79309],[33.1764,7.79342],[33.17645,7.79369],[33.17633,7.79408],[33.17609,7.79447],[33.17576,7.79465],[33.1745,7.79495],[33.17429,7.79525],[33.17407,7.79568],[33.17388,7.79622],[33.17367,7.79646],[33.1734,7.79649],[33.17309,7.79636],[33.17273,7.79585],[33.17225,7.79483],[33.17191,7.79393],[33.17175,7.79308],[33.17172,7.79237],[33.17175,7.79167],[33.17166,7.79125],[33.17115,7.7908],[33.17081,7.79063],[33.16884,7.79047],[33.1675,7.79055],[33.16708,7.79052],[33.16665,7.79042],[33.16632,7.79009],[33.16577,7.78908],[33.16526,7.78881],[33.16493,7.78893],[33.16456,7.7892],[33.16419,7.79006],[33.16419,7.79085],[33.16431,7.79157],[33.16483,7.7935],[33.16476,7.79413],[33.16449,7.79512],[33.16449,7.7957],[33.16462,7.79603],[33.16507,7.79636],[33.16574,7.79633],[33.16626,7.79615],[33.16665,7.79561],[33.16698,7.79474],[33.16723,7.79371],[33.1675,7.79311],[33.16787,7.7929],[33.16823,7.79296],[33.16866,7.79311],[33.1692,7.79341],[33.16954,7.79353],[33.17008,7.79354],[33.1703,7.79371],[33.17033,7.79435],[33.17005,7.79483],[33.16951,7.79564],[33.16914,7.7966],[33.16914,7.79706],[33.16935,7.7976],[33.17005,7.79781],[33.17057,7.79781],[33.17121,7.79763],[33.17184,7.79718],[33.17233,7.79709],[33.1726,7.79733],[33.17269,7.79778],[33.1726,7.79862],[33.17175,7.7994],[33.17017,7.79961],[33.16956,7.79952],[33.16704,7.79847],[33.16665,7.79847],[33.16601,7.79858],[33.16525,7.79907],[33.16485,7.79962],[33.16467,7.80112],[33.16443,7.80147],[33.16407,7.80173],[33.16364,7.8018],[33.16223,7.80178],[33.16171,7.80202],[33.16122,7.80236],[33.16047,7.80362],[33.16016,7.80389],[33.15976,7.80392],[33.15943,7.80377],[33.15897,7.80332],[33.15885,7.80278],[33.1588,7.8015],[33.1589,7.8009],[33.15928,7.80033],[33.16048,7.79932],[33.1608,7.79895],[33.16099,7.79849],[33.16099,7.7981],[33.16084,7.79783],[33.16026,7.79753],[33.15922,7.79765],[33.1588,7.79762],[33.15822,7.79747],[33.15765,7.79716],[33.15734,7.79683],[33.15717,7.79638],[33.15709,7.79547],[33.15649,7.79345],[33.15657,7.79188],[33.15634,7.79082],[33.15636,7.78952],[33.15629,7.78913],[33.15605,7.78892],[33.15529,7.78877],[33.15468,7.78877],[33.15393,7.78898],[33.1533,7.78949],[33.15223,7.79121],[33.15168,7.79178],[33.15128,7.7919],[33.15073,7.79187],[33.14681,7.78906],[33.14614,7.78831],[33.14587,7.78816],[33.1456,7.7881],[33.14523,7.78822],[33.14275,7.79048],[33.14208,7.79069],[33.14133,7.79059],[33.14109,7.79052],[33.14077,7.79029],[33.14042,7.78996],[33.14025,7.78974],[33.14008,7.7894],[33.13963,7.78896],[33.13943,7.78842],[33.13939,7.78796],[33.1396,7.78749],[33.13958,7.78614],[33.13947,7.78577],[33.13869,7.78514],[33.13815,7.78514],[33.13769,7.7854],[33.13722,7.78599],[33.13717,7.78773],[33.13708,7.7882],[33.13696,7.78937],[33.13659,7.79016],[33.13535,7.7905],[33.13428,7.79057],[33.13351,7.79033],[33.13235,7.78963],[33.132,7.78916],[33.13187,7.78876],[33.13153,7.78798],[33.13133,7.78725],[33.13125,7.78655],[33.13103,7.7861],[33.13042,7.78564],[33.12911,7.78488],[33.12859,7.78475],[33.12781,7.7847],[33.12691,7.78479],[33.1266,7.7854],[33.1266,7.78605],[33.12717,7.78709],[33.1273,7.78755],[33.12747,7.78794],[33.12812,7.78898],[33.12814,7.78955],[33.12781,7.79],[33.12688,7.79033],[33.12592,7.79037],[33.12519,7.79016],[33.12465,7.78942],[33.12462,7.78877],[33.12476,7.78818],[33.12478,7.78773],[33.12454,7.78716],[33.12437,7.78699],[33.12393,7.78686],[33.12363,7.78687],[33.12145,7.78801],[33.12068,7.78813],[33.12013,7.78796],[33.118,7.78695],[33.1171,7.7869],[33.11646,7.78716],[33.11561,7.78792],[33.11492,7.78813],[33.11437,7.78813],[33.11369,7.78787],[33.11327,7.78745],[33.11318,7.78711],[33.11318,7.78639],[33.11356,7.78576],[33.11523,7.78357],[33.11527,7.78327],[33.11502,7.78298],[33.1134,7.78276],[33.11241,7.78238],[33.11169,7.7825],[33.11066,7.78347],[33.10986,7.78436],[33.10951,7.78461],[33.10793,7.78427],[33.10738,7.78402],[33.10712,7.78334],[33.10734,7.78258],[33.1088,7.78103],[33.10901,7.78052],[33.10885,7.78011],[33.10842,7.77989],[33.1076,7.7798],[33.10663,7.77981],[33.10543,7.77976],[33.10488,7.78005],[33.10462,7.78068],[33.10466,7.7822],[33.10439,7.7827],[33.10374,7.78312],[33.10229,7.78342],[33.10038,7.78342],[33.09919,7.78312],[33.09814,7.78296],[33.09763,7.78296],[33.09739,7.7831],[33.09739,7.78356],[33.09806,7.78428],[33.09888,7.78492],[33.1001,7.78542],[33.10052,7.78542],[33.10166,7.78509],[33.10273,7.78505],[33.10376,7.78526],[33.10492,7.78585],[33.10551,7.7864],[33.10585,7.78704],[33.10571,7.78797],[33.10486,7.78979],[33.10473,7.79077],[33.1049,7.79161],[33.10533,7.79202],[33.10628,7.79256],[33.10669,7.79285],[33.1068,7.79314],[33.10603,7.79475],[33.10531,7.7953],[33.10425,7.79481],[33.10397,7.79477],[33.10365,7.79459],[33.10329,7.79415],[33.10307,7.79379],[33.1029,7.7934],[33.10263,7.79305],[33.10211,7.79153],[33.10172,7.79127],[33.10117,7.79127],[33.0996,7.79208],[33.09902,7.79244],[33.09883,7.79266],[33.09839,7.79284],[33.09797,7.79279],[33.09768,7.79251],[33.09754,7.79216],[33.09753,7.79182],[33.09743,7.7915],[33.09698,7.79142],[33.09652,7.79218],[33.09633,7.79332],[33.09579,7.79499],[33.09557,7.79549],[33.09547,7.79591],[33.09517,7.79645],[33.09473,7.7969],[33.09431,7.7972],[33.09332,7.79711],[33.09278,7.79729],[33.09278,7.79783],[33.09287,7.79847],[33.09301,7.79897],[33.09326,7.79923],[33.09379,7.80034],[33.09385,7.80087],[33.09362,7.80145],[33.0931,7.80205],[33.09278,7.80251],[33.09219,7.80288],[33.09159,7.80291],[33.09076,7.80265],[33.09029,7.80221],[33.08996,7.80175],[33.08944,7.80125],[33.08913,7.80069],[33.08872,7.80014],[33.08861,7.79982],[33.0883,7.79959],[33.0879,7.79968],[33.08749,7.80011],[33.0869,7.80092],[33.08673,7.80094],[33.08644,7.80075],[33.08633,7.80032],[33.08644,7.79978],[33.08762,7.79821],[33.08775,7.79798],[33.08789,7.7975],[33.0879,7.79664],[33.08746,7.79596],[33.08713,7.79563],[33.08657,7.79522],[33.08516,7.79453],[33.08429,7.79423],[33.08335,7.79408],[33.08277,7.79392],[33.08189,7.79387],[33.0812,7.794],[33.08036,7.79496],[33.07967,7.79597],[33.07929,7.79639],[33.07848,7.79685],[33.07782,7.79697],[33.07734,7.79695],[33.07684,7.79655],[33.07668,7.79616],[33.07626,7.79572],[33.07599,7.79536],[33.07571,7.79484],[33.07502,7.79417],[33.07446,7.79385],[33.07397,7.79371],[33.07345,7.79369],[33.07288,7.79381],[33.0724,7.79417],[33.0719,7.79434],[33.07129,7.79467],[33.07098,7.79467],[33.07058,7.79461],[33.07048,7.79381],[33.07192,7.79232],[33.07215,7.79159],[33.07213,7.79117],[33.07201,7.79063],[33.07123,7.79038],[33.07039,7.7904],[33.06694,7.79176],[33.0656,7.79188],[33.06479,7.79188],[33.0643,7.79157],[33.06399,7.79115],[33.06382,7.79002],[33.06353,7.78952],[33.06319,7.78931],[33.06286,7.78935],[33.0625,7.7899],[33.06213,7.79092],[33.06166,7.79193],[33.06131,7.79251],[33.06072,7.79431],[33.06028,7.79544],[33.05976,7.79611],[33.05944,7.7962],[33.05898,7.79622],[33.05846,7.79607],[33.05727,7.79549],[33.05664,7.79469],[33.05616,7.79419],[33.0558,7.79369],[33.05519,7.79312],[33.05488,7.79262],[33.05421,7.79199],[33.05415,7.79117],[33.05438,7.79076],[33.05456,7.79027],[33.05461,7.78971],[33.05459,7.78925],[33.05417,7.78912],[33.05367,7.78948],[33.05316,7.79017],[33.0527,7.79059],[33.05218,7.79099],[33.05162,7.79133],[33.05047,7.79187],[33.04937,7.79229],[33.04874,7.79231],[33.04804,7.79214],[33.04758,7.79187],[33.04721,7.79151],[33.04671,7.79082],[33.04653,7.79021],[33.0463,7.78976],[33.04596,7.78946],[33.04554,7.78932],[33.04523,7.78942],[33.04493,7.78972],[33.0448,7.79032],[33.04457,7.79098],[33.04465,7.79154],[33.04479,7.79212],[33.04534,7.79339],[33.04556,7.79417],[33.04562,7.79443],[33.04572,7.79479],[33.0466,7.79482],[33.04745,7.79518],[33.04784,7.79562],[33.04801,7.79589],[33.04845,7.79633],[33.04879,7.79703],[33.04913,7.79811],[33.04929,7.79887],[33.04928,7.79957],[33.04898,7.80058],[33.04868,7.80194],[33.04858,7.80292],[33.04848,7.80386],[33.04837,7.80498],[33.04831,7.80622],[33.04826,7.80832],[33.04814,7.80968],[33.04794,7.81063],[33.04481,7.81505],[33.04275,7.81666],[33.04112,7.81818],[33.03931,7.82009],[33.03753,7.82187],[33.03591,7.82322],[33.0343,7.82458],[33.03215,7.82649],[33.03079,7.82741],[33.02908,7.82871],[33.02822,7.8296],[33.02753,7.83047],[33.02691,7.83149],[33.02648,7.83246],[33.02597,7.83369],[33.02546,7.8349],[33.02482,7.83577],[33.02414,7.83657],[33.02319,7.83739],[33.0224,7.83835],[33.02057,7.84108],[33.02009,7.84227],[33.01905,7.84445],[33.01859,7.84562],[33.01815,7.84658],[33.01729,7.8475],[33.01618,7.84847],[33.01532,7.84907],[33.0135,7.85048],[33.01279,7.85123],[33.01096,7.85276],[33.00992,7.8537],[33.00732,7.8555],[33.00632,7.85638],[33.00557,7.85743],[33.00473,7.85883],[33.00447,7.85969],[33.0046,7.86073],[33.0045,7.86168],[33.00467,7.86289],[33.00464,7.86402],[33.00468,7.865],[33.00481,7.86601],[33.00474,7.86741],[33.00441,7.86858],[33.00387,7.86944],[33.00301,7.8703],[33.00217,7.87091],[33.00173,7.87116],[33.00106,7.87172],[33.00071,7.87237],[33.00027,7.873],[33.00024,7.87463],[33.00064,7.8752],[33.00108,7.87599],[33.00159,7.87713],[33.00265,7.87895],[33.00322,7.87966],[33.00377,7.88056],[33.00437,7.88194],[33.00462,7.88318],[33.00474,7.88408],[33.00479,7.88504],[33.00479,7.88652],[33.00473,7.88759],[33.00462,7.8883],[33.00473,7.88902],[33.00479,7.8899],[33.0051,7.89038],[33.0055,7.89082],[33.00619,7.89119],[33.00785,7.89123],[33.0085,7.891],[33.01034,7.88981],[33.01105,7.88943],[33.01182,7.88927],[33.01276,7.88927],[33.01379,7.88933],[33.01473,7.8899],[33.01588,7.89094],[33.01635,7.89239],[33.01651,7.89331],[33.01635,7.8949],[33.01576,7.89609],[33.01519,7.89691],[33.01477,7.89735],[33.01345,7.89856],[33.01273,7.89909],[33.01193,7.89951],[33.0112,7.90003],[33.01036,7.90076],[33.00967,7.90153],[33.00902,7.90242],[33.00837,7.90348],[33.00728,7.90509],[33.00632,7.90742],[33.00609,7.90838],[33.00573,7.90916],[33.00519,7.91006],[33.00471,7.91052],[33.00144,7.91313],[33.00069,7.91399],[33.00033,7.91479],[33.00001,7.91575],[32.99981,7.91692],[32.99981,7.91807],[33.0001,7.91874],[33.00104,7.92036],[33.00146,7.92117],[33.0019,7.92184],[33.0024,7.92247],[33.00295,7.92333],[33.00399,7.92473],[33.0045,7.92557],[33.005,7.92647],[33.00519,7.92716],[33.00559,7.9281],[33.00575,7.92896],[33.00571,7.93199],[33.00565,7.93317],[33.00567,7.93426],[33.0054,7.93625],[33.00515,7.937],[33.00485,7.93752],[33.0046,7.93823],[33.00431,7.9388],[33.00391,7.93937],[33.00389,7.93941],[33.0032,7.94006],[33.00257,7.94035],[33.00125,7.94068],[33.00058,7.9407],[32.99922,7.94116],[32.99855,7.94181],[32.99809,7.94267],[32.99773,7.94343],[32.99773,7.94414],[32.998,7.94498],[32.99857,7.9455],[32.99981,7.94644],[33.00169,7.94738],[33.00278,7.94814],[33.00391,7.94849],[33.00606,7.94939],[33.00812,7.95065],[33.00904,7.95136],[33.01071,7.95289],[33.01147,7.95394],[33.01186,7.95463],[33.01203,7.9553],[33.01253,7.95607],[33.01323,7.95676],[33.01423,7.95741],[33.0162,7.9581],[33.01988,7.95871],[33.02087,7.95875],[33.02279,7.95923],[33.02556,7.95978],[33.02711,7.95996],[33.02809,7.96017],[33.02884,7.96066],[33.0309,7.96214],[33.03171,7.96258],[33.03242,7.96333],[33.03343,7.96426],[33.03402,7.96467],[33.03483,7.96535],[33.03567,7.96578],[33.03644,7.96631],[33.03753,7.96685],[33.03821,7.96734],[33.03869,7.96804],[33.03914,7.96888],[33.03947,7.96985],[33.03972,7.9708],[33.03992,7.97195],[33.04015,7.97271],[33.04025,7.97378],[33.04027,7.97481],[33.04039,7.97593],[33.04044,7.97702],[33.04037,7.97817],[33.04044,7.97914],[33.04025,7.98],[33.0392,7.98181],[33.03871,7.98258],[33.03817,7.9833],[33.03743,7.98525],[33.03712,7.98622],[33.03634,7.98822],[33.03576,7.98954],[33.03551,7.99059],[33.03556,7.9919],[33.03582,7.99318],[33.03597,7.99433],[33.03622,7.99534],[33.03654,7.99619],[33.03708,7.99707],[33.03871,7.99948],[33.03905,8.00018],[33.03933,8.00092],[33.03947,8.00189],[33.03902,8.00358],[33.03858,8.00461],[33.0384,8.00558],[33.03846,8.0064],[33.03867,8.00729],[33.03898,8.00803],[33.03961,8.00879],[33.04171,8.01081],[33.04241,8.01114],[33.0441,8.01309],[33.0448,8.01375],[33.04585,8.01437],[33.0469,8.01515],[33.04828,8.01561],[33.05018,8.01612],[33.05211,8.01618],[33.05592,8.01618],[33.05734,8.01622],[33.06031,8.01653],[33.06166,8.01701],[33.06269,8.01764],[33.06354,8.01828],[33.06438,8.01882],[33.06525,8.01964],[33.06611,8.02032],[33.06649,8.02077],[33.06704,8.02112],[33.06753,8.02164],[33.0682,8.02197],[33.06883,8.02215],[33.06947,8.02215],[33.07009,8.02207],[33.0711,8.02176],[33.07297,8.02082],[33.07388,8.02053],[33.07474,8.02049],[33.07594,8.02082],[33.07674,8.02125],[33.07746,8.02211],[33.07785,8.02302],[33.07824,8.02411],[33.07826,8.02528],[33.07836,8.02619],[33.07836,8.02872],[33.07849,8.02992],[33.07853,8.03101],[33.07865,8.03247],[33.07872,8.0342],[33.07884,8.03572],[33.07878,8.03721],[33.07904,8.03873],[33.07933,8.0397],[33.08001,8.04054],[33.0808,8.04124],[33.08137,8.042],[33.08193,8.04289],[33.08228,8.04384],[33.0824,8.04532],[33.08222,8.04686],[33.08218,8.048],[33.08195,8.04905],[33.08139,8.05026],[33.07958,8.05341],[33.07919,8.05444],[33.07911,8.05566],[33.07972,8.05663],[33.08022,8.05728],[33.08125,8.05782],[33.08409,8.05798],[33.08586,8.05862],[33.08646,8.05903],[33.08716,8.05965],[33.08757,8.06035],[33.08794,8.06118],[33.08807,8.06202],[33.08802,8.06313],[33.0879,8.06408],[33.08755,8.06496],[33.0867,8.06665],[33.08621,8.06742],[33.08547,8.06822],[33.08463,8.06939],[33.08424,8.07005],[33.08395,8.07085],[33.08378,8.07194],[33.08393,8.07262],[33.08454,8.07339],[33.08535,8.0739],[33.08712,8.07489],[33.08841,8.07514],[33.08965,8.07551],[33.09068,8.07588],[33.09214,8.07621],[33.09356,8.07629],[33.09585,8.07633],[33.09966,8.07619],[33.10067,8.07604],[33.10176,8.07598],[33.10296,8.07582],[33.10371,8.07561],[33.10477,8.07549],[33.1058,8.0752],[33.1068,8.07456],[33.1081,8.07382],[33.1088,8.07302],[33.11053,8.07139],[33.11142,8.07013],[33.11265,8.06855],[33.11315,8.06768],[33.11414,8.0655],[33.11451,8.06398],[33.11508,8.06311],[33.11564,8.06253],[33.11638,8.06188],[33.11716,8.0614],[33.11821,8.06134],[33.11916,8.06134],[33.12017,8.0619],[33.12116,8.06299],[33.12181,8.06389],[33.12223,8.0648],[33.12245,8.06562],[33.12255,8.06659],[33.12262,8.06774],[33.12252,8.06861],[33.12233,8.06958],[33.12196,8.07075],[33.12149,8.0731],[33.12151,8.07526],[33.1214,8.07691],[33.12146,8.07821],[33.12136,8.0794],[33.12151,8.08059],[33.12146,8.08187],[33.12157,8.08288],[33.12103,8.0851],[33.12072,8.08673],[33.12056,8.08807],[33.12009,8.09009],[33.11986,8.09155],[33.11947,8.0927],[33.1191,8.09408],[33.11865,8.09519],[33.11848,8.09637],[33.1185,8.09878],[33.11865,8.10044],[33.11842,8.1031],[33.1184,8.10481],[33.11844,8.10716],[33.11872,8.10852],[33.11949,8.10948],[33.12052,8.11051],[33.12151,8.11105],[33.12431,8.11196],[33.12523,8.11218],[33.12888,8.11278],[33.13123,8.11305],[33.13236,8.11338],[33.13364,8.11362],[33.13615,8.11395],[33.13736,8.11424],[33.13967,8.11447],[33.14272,8.11535],[33.1436,8.11554],[33.14453,8.11585],[33.14587,8.11603],[33.14768,8.11595],[33.15001,8.11502],[33.15153,8.11434],[33.15248,8.11385],[33.15357,8.11303],[33.15509,8.1122],[33.15651,8.11161],[33.15783,8.11134],[33.15915,8.1113],[33.16003,8.11136],[33.16129,8.11169],[33.16217,8.1122],[33.16407,8.11379],[33.16477,8.11473],[33.16545,8.11554],[33.16611,8.11669],[33.16665,8.11791],[33.16695,8.11906],[33.16693,8.11992],[33.16706,8.12423],[33.16751,8.12548],[33.16922,8.12781],[33.17006,8.12876],[33.17173,8.12983],[33.1735,8.13055],[33.17484,8.13055],[33.17632,8.13006],[33.17818,8.12911],[33.17976,8.12837],[33.18114,8.12781],[33.1827,8.12707],[33.18555,8.12592],[33.18724,8.12577],[33.18816,8.12575],[33.18923,8.12604],[33.19022,8.12647],[33.19191,8.12791],[33.19255,8.12903],[33.19286,8.12999],[33.19335,8.13123],[33.19346,8.13345],[33.19337,8.13448],[33.193,8.1372],[33.19222,8.13975],[33.19168,8.14082],[33.19117,8.14134],[33.19029,8.14175],[33.18926,8.14237],[33.18847,8.14311],[33.188,8.14377],[33.18752,8.14488],[33.18709,8.14606],[33.18684,8.14704],[33.18658,8.14871],[33.18623,8.14999],[33.18596,8.15176],[33.18586,8.15306],[33.18567,8.15425],[33.18559,8.15512],[33.18528,8.15662],[33.18357,8.15884],[33.18318,8.1595],[33.18289,8.16045],[33.18289,8.16125],[33.18326,8.16199],[33.18382,8.16265],[33.18454,8.16315],[33.1854,8.1635],[33.1875,8.16424],[33.18829,8.16457],[33.1888,8.16498],[33.18907,8.16547],[33.1894,8.16632],[33.18942,8.16718],[33.18917,8.16809],[33.18878,8.16889],[33.18814,8.16978],[33.18699,8.17079],[33.18633,8.17114],[33.18532,8.17159],[33.18166,8.1726],[33.18042,8.17299],[33.17947,8.17338],[33.17851,8.17404],[33.17752,8.17501],[33.1768,8.17608],[33.17622,8.17729],[33.17599,8.1781],[33.17589,8.17923],[33.17589,8.17976],[33.17589,8.18034],[33.17605,8.18139],[33.1769,8.18425],[33.17725,8.18495],[33.17754,8.18586],[33.17768,8.18668],[33.17772,8.18773],[33.17754,8.18874],[33.17733,8.18946],[33.1771,8.19006],[33.17614,8.19115],[33.17554,8.19158],[33.17494,8.19179],[33.1741,8.19191],[33.17323,8.19193],[33.17243,8.19185],[33.17165,8.19167],[33.17008,8.19148],[33.16911,8.1915],[33.16833,8.19163],[33.16763,8.19202],[33.16668,8.19323],[33.1664,8.1941],[33.1664,8.19609],[33.16691,8.19776],[33.16806,8.19966],[33.16897,8.20056],[33.16989,8.20139],[33.17109,8.20264],[33.17222,8.20349],[33.1735,8.20423],[33.17583,8.20538],[33.18067,8.20715],[33.18425,8.20855],[33.1854,8.20911],[33.18695,8.20997],[33.1922,8.21275],[33.19745,8.21487],[33.19819,8.21537],[33.19895,8.21613],[33.19945,8.21706],[33.19973,8.21811],[33.20004,8.21938],[33.20009,8.22027],[33.20058,8.22309],[33.20124,8.22562],[33.20165,8.22651],[33.2019,8.22756],[33.20427,8.23176],[33.20468,8.2326],[33.20509,8.23361],[33.20544,8.23462],[33.20546,8.23582],[33.20524,8.23845],[33.20493,8.23987],[33.20451,8.24104],[33.2039,8.24238],[33.20338,8.24337],[33.20256,8.24469],[33.20148,8.24588],[33.20021,8.24702],[33.19901,8.24792],[33.19776,8.24858],[33.19298,8.25076],[33.19139,8.25136],[33.19047,8.25177],[33.18958,8.2519],[33.1887,8.2519],[33.18775,8.25165],[33.18647,8.25109],[33.1855,8.2506],[33.18464,8.25039],[33.18373,8.25025],[33.18269,8.25058],[33.18207,8.25081],[33.18112,8.25124],[33.18023,8.25155],[33.17912,8.25214],[33.17813,8.25286],[33.17634,8.25447],[33.1756,8.25536],[33.17486,8.25634],[33.17424,8.25758],[33.17389,8.25861],[33.17375,8.2596],[33.17317,8.26149],[33.17262,8.26377],[33.17236,8.26519],[33.17209,8.26599],[33.17197,8.26896],[33.17171,8.2701],[33.17137,8.2712],[33.17106,8.27297],[33.17105,8.27402],[33.17094,8.27524],[33.17096,8.27742],[33.17111,8.27813],[33.17143,8.2788],[33.17166,8.27941],[33.17228,8.28037],[33.17319,8.28152],[33.17364,8.28216],[33.17445,8.28382],[33.17466,8.28445],[33.17477,8.28505],[33.17506,8.28581],[33.17516,8.28667],[33.17511,8.28741],[33.17473,8.28843],[33.17415,8.28922],[33.17258,8.29064],[33.17187,8.29137],[33.17126,8.29208],[33.17085,8.29268],[33.17044,8.29351],[33.17017,8.29424],[33.16998,8.29585],[33.17015,8.29691],[33.17048,8.29773],[33.17122,8.29923],[33.17157,8.29969],[33.1729,8.3008],[33.1738,8.30119],[33.17435,8.30122],[33.17495,8.30119],[33.17536,8.30087],[33.17611,8.30012],[33.17632,8.29986],[33.17673,8.29954],[33.17707,8.29949],[33.17753,8.29963],[33.17794,8.29989],[33.17834,8.30025],[33.17871,8.30048],[33.17925,8.30053],[33.17979,8.30049],[33.18047,8.3004],[33.18262,8.29994],[33.18405,8.29974],[33.18552,8.29946],[33.18702,8.29911],[33.18963,8.2983],[33.1908,8.29804],[33.19196,8.29799],[33.19344,8.29807],[33.19477,8.29832],[33.19658,8.29906],[33.19735,8.29954],[33.19814,8.30031],[33.19869,8.30099],[33.20003,8.30298],[33.2005,8.30411],[33.20136,8.30596],[33.20169,8.30703],[33.20212,8.30897],[33.20227,8.31112],[33.20218,8.3122],[33.20187,8.31351],[33.20161,8.3143],[33.20105,8.3154],[33.19937,8.31804],[33.1985,8.31927],[33.1976,8.32088],[33.19693,8.32243],[33.19602,8.32392],[33.19537,8.32522],[33.19454,8.32658],[33.19335,8.3288],[33.19241,8.33042],[33.19199,8.33132],[33.19179,8.33231],[33.19171,8.33313],[33.19176,8.33405],[33.19194,8.33455],[33.19253,8.33507],[33.19315,8.33531],[33.19536,8.33529],[33.19874,8.33495],[33.1996,8.33467],[33.1999,8.33453],[33.20052,8.33382],[33.20085,8.33308],[33.20123,8.33242],[33.20189,8.3318],[33.20252,8.33143],[33.20314,8.33132],[33.20441,8.33132],[33.20533,8.33154],[33.20632,8.33194],[33.20711,8.33233],[33.20756,8.3327],[33.20919,8.33365],[33.20974,8.3339],[33.21044,8.33453],[33.21108,8.33497],[33.21174,8.3356],[33.21228,8.33619],[33.21336,8.33745],[33.21401,8.33829],[33.21454,8.33875],[33.215,8.33952],[33.21551,8.34002],[33.21632,8.34082],[33.21733,8.34227],[33.21764,8.34334],[33.21789,8.3446],[33.2179,8.34575],[33.21773,8.34829],[33.21771,8.34968],[33.21752,8.35111],[33.21741,8.3524],[33.21749,8.35467],[33.21771,8.35637],[33.21777,8.35733],[33.21777,8.35825],[33.21771,8.359],[33.21741,8.35963],[33.2167,8.36023],[33.21571,8.36048],[33.21454,8.36036],[33.21301,8.35992],[33.21162,8.35947],[33.21049,8.35898],[33.2093,8.35832],[33.20751,8.35697],[33.20635,8.35629],[33.20498,8.35565],[33.20217,8.35399],[33.20112,8.3535],[33.19914,8.35233],[33.19796,8.35172],[33.19671,8.35126],[33.1955,8.35129],[33.19435,8.35189],[33.1936,8.35297],[33.1927,8.35633],[33.19223,8.3577],[33.19159,8.35952],[33.19097,8.36074],[33.19027,8.36256],[33.18987,8.3644],[33.18956,8.36649],[33.18938,8.36849],[33.18912,8.37032],[33.18887,8.37305],[33.18865,8.37616],[33.18845,8.37765],[33.18814,8.37867],[33.18735,8.38083],[33.18708,8.38193],[33.18689,8.38317],[33.18697,8.38422],[33.18715,8.38531],[33.18722,8.38626],[33.18746,8.38698],[33.18787,8.38777],[33.1883,8.38848],[33.18876,8.38908],[33.18949,8.38967],[33.19066,8.39081],[33.19182,8.39175],[33.19242,8.39237],[33.19326,8.39372],[33.19363,8.39467],[33.19395,8.39532],[33.19394,8.39603],[33.19381,8.39697],[33.1936,8.39748],[33.19313,8.39799],[33.19253,8.39844],[33.19101,8.39901],[33.19032,8.39932],[33.18969,8.39977],[33.18896,8.40068],[33.1887,8.40156],[33.18871,8.40252],[33.1889,8.40327],[33.18921,8.40415],[33.1899,8.40551],[33.1906,8.40607],[33.19131,8.40673],[33.19235,8.40727],[33.19453,8.40817],[33.19545,8.4086],[33.19647,8.40891],[33.19772,8.40908],[33.1988,8.40913],[33.20189,8.4091],[33.2051,8.40882],[33.20652,8.40857],[33.20765,8.40831],[33.20873,8.408],[33.20981,8.40752],[33.21049,8.40709],[33.21097,8.40672],[33.21267,8.40579],[33.21363,8.40536],[33.21449,8.40519],[33.21529,8.40519],[33.21582,8.40548],[33.21645,8.40618],[33.2169,8.40696],[33.21742,8.40999],[33.21747,8.41259],[33.21741,8.41401],[33.21708,8.41761],[33.21681,8.41983],[33.21636,8.42125],[33.21586,8.42244],[33.21522,8.42363],[33.21492,8.42437],[33.21444,8.42519],[33.21418,8.42598],[33.21403,8.42669],[33.21406,8.42749],[33.21443,8.42815],[33.21498,8.42887],[33.21594,8.42973],[33.21653,8.43035],[33.21742,8.43157],[33.2179,8.43231],[33.21846,8.43331],[33.21863,8.43392],[33.21864,8.43438],[33.21883,8.43484],[33.21925,8.43506],[33.2203,8.43463],[33.22136,8.43384],[33.22366,8.43138],[33.2242,8.43018],[33.22518,8.42845],[33.2259,8.42752],[33.22689,8.42687],[33.22794,8.42633],[33.23026,8.42477],[33.23134,8.42431],[33.23296,8.42428],[33.23468,8.42485],[33.2352,8.42525],[33.23707,8.42687],[33.23745,8.42755],[33.2378,8.42803],[33.23843,8.42853],[33.23903,8.4288],[33.23972,8.42905],[33.24056,8.42951],[33.24108,8.43005],[33.24142,8.43052],[33.2415,8.43243],[33.24146,8.43328],[33.24164,8.43435],[33.24189,8.43506],[33.24224,8.43577],[33.24311,8.43668],[33.24437,8.43747],[33.24505,8.43773],[33.24562,8.43793],[33.24663,8.43812],[33.24823,8.43855],[33.24888,8.43898],[33.24933,8.4394],[33.24967,8.43985],[33.24963,8.44036],[33.24945,8.4409],[33.24924,8.44125],[33.24854,8.44179],[33.24779,8.44204],[33.24538,8.44205],[33.24459,8.44225],[33.24391,8.44266],[33.24352,8.44309],[33.24312,8.44369],[33.24281,8.44435],[33.24268,8.44568],[33.24301,8.44637],[33.24375,8.44725],[33.24494,8.4481],[33.24551,8.44832],[33.24695,8.4485],[33.2476,8.4485],[33.24929,8.44835],[33.25092,8.4484],[33.25177,8.4482],[33.25322,8.44818],[33.25392,8.44826],[33.25438,8.44832],[33.25584,8.4486],[33.25771,8.44909],[33.25899,8.44963],[33.25991,8.45036],[33.26025,8.45105],[33.26123,8.45272],[33.26174,8.45339],[33.26236,8.45402],[33.2631,8.45457],[33.26426,8.45505],[33.26526,8.45538],[33.26645,8.45555],[33.26724,8.45556],[33.26803,8.45584],[33.26852,8.45607],[33.26895,8.45649],[33.2695,8.45768],[33.26953,8.45857],[33.26944,8.46024],[33.26962,8.46105],[33.26984,8.46166],[33.27079,8.46216],[33.27206,8.46217],[33.27313,8.46202],[33.27416,8.46176],[33.27523,8.46131],[33.27614,8.46075],[33.27711,8.45992],[33.27859,8.45879],[33.28021,8.45783],[33.28133,8.45683],[33.28179,8.45617],[33.28208,8.45516],[33.28183,8.45328],[33.28145,8.45131],[33.28145,8.45026],[33.28182,8.44906],[33.28217,8.44815],[33.28267,8.44741],[33.28323,8.44678],[33.28369,8.446],[33.28414,8.44509],[33.28495,8.4427],[33.28554,8.44188],[33.28636,8.44106],[33.2873,8.44044],[33.28847,8.43993],[33.28999,8.43967],[33.29144,8.43961],[33.29258,8.43993],[33.29399,8.44043],[33.29496,8.44088],[33.29555,8.44135],[33.29674,8.44265],[33.29822,8.44386],[33.29958,8.44528],[33.30086,8.44756],[33.30125,8.44867],[33.30143,8.44985],[33.30145,8.4509],[33.3014,8.45223],[33.30156,8.45334],[33.30199,8.45436],[33.30232,8.45491],[33.30327,8.45566],[33.30418,8.45618],[33.30514,8.45663],[33.30598,8.45717],[33.30672,8.458],[33.307,8.45885],[33.30719,8.45973],[33.30736,8.46086],[33.30746,8.46199],[33.3078,8.46325],[33.30812,8.46426],[33.30893,8.4658],[33.30964,8.46657],[33.31034,8.46721],[33.31132,8.46767],[33.31231,8.46769],[33.31381,8.46735],[33.31504,8.46677],[33.31589,8.4662],[33.31705,8.46484],[33.31773,8.46398],[33.31827,8.46288],[33.31865,8.46155],[33.31887,8.4604],[33.31901,8.45904],[33.31924,8.45788],[33.32012,8.45612],[33.32075,8.45532],[33.32136,8.45479],[33.3222,8.45433],[33.32321,8.45391],[33.3244,8.45368],[33.32644,8.45312],[33.32843,8.4523],[33.32937,8.45179],[33.33129,8.45056],[33.33223,8.44969],[33.33308,8.44901],[33.33374,8.4485],[33.3347,8.44792],[33.33573,8.44755],[33.33742,8.44752],[33.34017,8.44798],[33.34097,8.4483],[33.34239,8.44866],[33.34499,8.44943],[33.34662,8.45003],[33.34758,8.4502],[33.3497,8.45019],[33.35062,8.45013],[33.35288,8.44946],[33.35445,8.4488],[33.35709,8.44756],[33.35926,8.44693],[33.3601,8.44673],[33.36114,8.44671],[33.36355,8.4469],[33.36463,8.44707],[33.36574,8.44713],[33.3665,8.44713],[33.36733,8.44691],[33.36842,8.4464],[33.36914,8.44594],[33.36963,8.44528],[33.36994,8.44463],[33.37005,8.44296],[33.37019,8.44189],[33.37025,8.44101],[33.37051,8.43998],[33.37106,8.43887],[33.37161,8.43816],[33.3725,8.43763],[33.37345,8.43717],[33.37442,8.43697],[33.37509,8.43692],[33.37759,8.43717],[33.37906,8.43723],[33.38009,8.4372],[33.3811,8.43683],[33.38208,8.4359],[33.38267,8.43468],[33.38312,8.43342],[33.38406,8.43156],[33.38645,8.42977],[33.38907,8.42834],[33.39051,8.42761],[33.39231,8.4269],[33.3939,8.42671],[33.39521,8.42642],[33.39617,8.42634],[33.39739,8.4264],[33.39819,8.42676],[33.39872,8.42732],[33.39901,8.42787],[33.3987,8.42985],[33.39861,8.43081],[33.39861,8.43158],[33.39913,8.43306],[33.40011,8.4344],[33.40173,8.43581],[33.40213,8.4364],[33.40237,8.43711],[33.40253,8.43808],[33.40304,8.43882],[33.4037,8.44033],[33.40415,8.44108],[33.4048,8.44165],[33.40552,8.44208],[33.40611,8.44228],[33.40704,8.4427],[33.40806,8.44324],[33.40897,8.44393],[33.41095,8.44511],[33.41195,8.44538],[33.41295,8.44549],[33.41376,8.44549],[33.41498,8.44568],[33.41625,8.44606],[33.41723,8.44645],[33.41805,8.44694],[33.41864,8.44742],[33.41974,8.44869],[33.42023,8.44957],[33.42043,8.4502],[33.42072,8.45085],[33.42114,8.45156],[33.4216,8.45201],[33.42234,8.45247],[33.42308,8.45278],[33.42505,8.45277],[33.42602,8.45253],[33.42678,8.45224],[33.42798,8.45158],[33.42911,8.45104],[33.43003,8.45051],[33.43053,8.44993],[33.43092,8.44962],[33.4319,8.44809],[33.43261,8.44719],[33.4332,8.44673],[33.43416,8.4463],[33.43521,8.44589],[33.43609,8.44546],[33.43824,8.44532],[33.44051,8.44526],[33.44154,8.44512],[33.44227,8.445],[33.44392,8.44421],[33.44467,8.44403],[33.44537,8.44398],[33.44647,8.44429],[33.4477,8.44511],[33.44849,8.44551],[33.45016,8.44625],[33.45211,8.44684],[33.45328,8.44812],[33.45365,8.44875],[33.45484,8.45025],[33.45572,8.45101],[33.45631,8.45179],[33.45711,8.45272],[33.45813,8.45359],[33.45885,8.45442],[33.46048,8.45595],[33.46225,8.45697],[33.4645,8.45708],[33.46569,8.45728],[33.46624,8.45743],[33.46701,8.45791],[33.46818,8.4589],[33.46877,8.45933],[33.46955,8.45949],[33.4707,8.45928],[33.47142,8.45882],[33.4722,8.45817],[33.47342,8.457],[33.47506,8.45599],[33.47595,8.45581],[33.47702,8.45583],[33.47785,8.45627],[33.47905,8.45746],[33.47964,8.4582],[33.48038,8.45902],[33.48112,8.4595],[33.48186,8.45976],[33.48333,8.46041],[33.4838,8.46078],[33.48428,8.46125],[33.48486,8.46165],[33.48546,8.46199],[33.48676,8.46213],[33.48766,8.46239],[33.48846,8.46315],[33.4888,8.46376],[33.48883,8.46437],[33.48932,8.46597],[33.49004,8.46735],[33.49025,8.46815],[33.49036,8.46889],[33.49038,8.46957],[33.48992,8.47249],[33.48962,8.4734],[33.48874,8.47552],[33.48871,8.47627],[33.48894,8.47689],[33.48928,8.47729],[33.4898,8.4776],[33.49129,8.47806],[33.4922,8.47843],[33.49281,8.4788],[33.49372,8.47924],[33.49411,8.47953],[33.49496,8.47996],[33.49547,8.48032],[33.49638,8.48066],[33.49733,8.48074],[33.49794,8.48063],[33.49853,8.47995],[33.49902,8.47922],[33.49944,8.47833],[33.50079,8.47697],[33.50151,8.47657],[33.50319,8.47616],[33.50384,8.47593],[33.50447,8.47539],[33.50487,8.47496],[33.50551,8.47354],[33.50611,8.47257],[33.50682,8.4721],[33.50783,8.47183],[33.50852,8.47186],[33.50903,8.47226],[33.50934,8.47288],[33.50971,8.4734],[33.51069,8.47445],[33.51136,8.47459],[33.51206,8.47445],[33.51274,8.47391],[33.51306,8.47332],[33.51352,8.47229],[33.51431,8.47136],[33.51644,8.47016],[33.5172,8.4698],[33.51833,8.46898],[33.5193,8.46861],[33.52075,8.46824],[33.52174,8.46806],[33.52474,8.46804],[33.52583,8.46815],[33.52701,8.4687],[33.52945,8.47104],[33.53023,8.47142],[33.53144,8.47144],[33.53237,8.47113],[33.5341,8.47082],[33.5357,8.47073],[33.53709,8.47033],[33.53813,8.46996],[33.53913,8.46951],[33.53992,8.46901],[33.54072,8.4683],[33.5416,8.46772],[33.5424,8.46727],[33.54338,8.46713],[33.54508,8.46787],[33.5458,8.46844],[33.54673,8.46884],[33.54847,8.46886],[33.54991,8.46892],[33.55129,8.46911],[33.55238,8.46917],[33.55342,8.46952],[33.55419,8.47003],[33.55485,8.47056],[33.55683,8.47295],[33.5574,8.47328],[33.55842,8.47374],[33.55942,8.47397],[33.56033,8.47371],[33.56117,8.47317],[33.56179,8.47219],[33.56244,8.47097],[33.56338,8.4688],[33.56347,8.46813],[33.56345,8.46755],[33.56335,8.46676],[33.56274,8.46599],[33.56114,8.46421],[33.56102,8.46333],[33.56125,8.46257],[33.56171,8.46209],[33.56205,8.46193],[33.56295,8.46183],[33.56494,8.46268],[33.56576,8.46288],[33.5665,8.4626],[33.56691,8.4622],[33.56719,8.46174],[33.56721,8.46114],[33.56699,8.46021],[33.56642,8.45898],[33.56602,8.45823],[33.56593,8.45746],[33.56591,8.45635],[33.56684,8.45328],[33.56797,8.45169],[33.56864,8.45122],[33.56948,8.45078],[33.57027,8.45064],[33.57145,8.45034],[33.57416,8.45006],[33.57523,8.44942],[33.57715,8.44779],[33.57825,8.44736],[33.58139,8.44752],[33.58363,8.44736],[33.58463,8.44736],[33.58725,8.44753],[33.58833,8.44769],[33.59201,8.44903],[33.59261,8.44903],[33.5932,8.44875],[33.59369,8.44826],[33.594,8.44755],[33.59419,8.44685],[33.59423,8.44627],[33.59441,8.44521],[33.59496,8.44427],[33.59539,8.44364],[33.59597,8.44321],[33.59656,8.44294],[33.59743,8.44288],[33.59831,8.44316],[33.59936,8.44392],[33.60091,8.44556],[33.60168,8.44668],[33.602,8.44735],[33.60208,8.44875],[33.60176,8.45028],[33.60143,8.45107],[33.60126,8.45264],[33.6014,8.4534],[33.60176,8.45413],[33.60239,8.45477],[33.60305,8.45522],[33.60393,8.45569],[33.60562,8.45646],[33.60724,8.45862],[33.60756,8.45942],[33.60889,8.46155],[33.60974,8.46278],[33.61045,8.46352],[33.61116,8.46398],[33.61164,8.46438],[33.61325,8.4652],[33.61403,8.46552],[33.61482,8.4663],[33.61518,8.46696],[33.61553,8.46875],[33.61572,8.46938],[33.61641,8.47076],[33.617,8.47133],[33.61782,8.47169],[33.61842,8.47176],[33.61936,8.47158],[33.62086,8.47033],[33.62182,8.4696],[33.62256,8.46894],[33.62376,8.4681],[33.62444,8.46738],[33.62512,8.46681],[33.62622,8.46614],[33.62716,8.46572],[33.62755,8.46549],[33.62789,8.46529],[33.62907,8.46495],[33.62994,8.46498],[33.63125,8.46509],[33.63224,8.46546],[33.63325,8.46577],[33.63448,8.46568],[33.63549,8.46514],[33.63672,8.46437],[33.63742,8.46358],[33.63823,8.46307],[33.63922,8.46268],[33.64026,8.46262],[33.64106,8.46265],[33.64194,8.46274],[33.64508,8.46276],[33.6461,8.4624],[33.64999,8.46016],[33.65369,8.45792],[33.65498,8.45732],[33.65636,8.45646],[33.65715,8.45572],[33.65756,8.45524],[33.65802,8.45453],[33.65825,8.45357],[33.65877,8.4525],[33.65885,8.45172],[33.65981,8.4503],[33.66078,8.44934],[33.66296,8.44823],[33.66409,8.44775],[33.66517,8.44758],[33.66766,8.44755],[33.66894,8.44736],[33.67005,8.44696],[33.67097,8.44671],[33.67193,8.44657],[33.67419,8.44609],[33.67553,8.44588],[33.67636,8.44538],[33.6772,8.44407],[33.67825,8.44183],[33.67879,8.44001],[33.67902,8.43817],[33.67907,8.43692],[33.67868,8.43606],[33.67834,8.4355],[33.67649,8.43389],[33.67473,8.43249],[33.6745,8.4317],[33.67411,8.42956],[33.67414,8.4285],[33.67408,8.42745],[33.67414,8.42676],[33.67446,8.42582],[33.67516,8.42503],[33.67638,8.42412],[33.67719,8.42369],[33.67836,8.4227],[33.67905,8.42191],[33.67939,8.42115],[33.67948,8.42017],[33.6795,8.41904],[33.67934,8.41651],[33.67934,8.41549],[33.67959,8.41431],[33.67967,8.41354],[33.67967,8.41283],[33.67956,8.41229],[33.67925,8.41162],[33.67913,8.41013],[33.67939,8.40942],[33.67984,8.40894],[33.68071,8.40847],[33.68163,8.40821],[33.68261,8.40804],[33.68325,8.40779],[33.68392,8.40733],[33.68409,8.40688],[33.68444,8.40619],[33.68491,8.40501],[33.68559,8.4037],[33.68636,8.40279],[33.68733,8.4018],[33.68941,8.3995],[33.69017,8.39822],[33.69087,8.39539],[33.69098,8.39422],[33.6907,8.39311],[33.69033,8.39226],[33.69011,8.39161],[33.68922,8.38974],[33.689,8.38847],[33.68897,8.38753],[33.68929,8.38681],[33.69008,8.38614],[33.69053,8.38586],[33.69098,8.38571],[33.69178,8.38568],[33.6928,8.38556],[33.69457,8.38543],[33.69541,8.38504],[33.69592,8.38471],[33.69658,8.38389],[33.69729,8.38213],[33.69826,8.38026],[33.69888,8.37927],[33.6998,8.37816],[33.70047,8.37759],[33.70101,8.37725],[33.70273,8.37721],[33.70348,8.37726],[33.70443,8.37754],[33.70528,8.37794],[33.70605,8.3782],[33.70659,8.37845],[33.70758,8.37864],[33.70847,8.37862],[33.70932,8.37837],[33.71031,8.37752],[33.71127,8.37589],[33.71189,8.37464],[33.71277,8.37264],[33.71317,8.37192],[33.71365,8.37119],[33.7141,8.37079],[33.71485,8.37048],[33.71575,8.37045],[33.71862,8.37067],[33.72004,8.3707],[33.72127,8.37051],[33.72528,8.36918],[33.72773,8.36832],[33.72877,8.3682],[33.73181,8.36816],[33.73291,8.36834],[33.73391,8.36861],[33.7343,8.36904],[33.73472,8.36979],[33.73562,8.37207],[33.73604,8.37278],[33.73665,8.37346],[33.73754,8.37388],[33.73851,8.37413],[33.74078,8.37457],[33.74197,8.37491],[33.74305,8.37515],[33.74461,8.37559],[33.74525,8.37606],[33.74627,8.37652],[33.74691,8.37698],[33.74746,8.37765],[33.7481,8.37803],[33.7486,8.3784],[33.74957,8.37893],[33.7503,8.37894],[33.75111,8.37864],[33.75185,8.37825],[33.7525,8.37783],[33.75326,8.37718],[33.75397,8.37632],[33.75497,8.37578],[33.75661,8.37511],[33.75789,8.37471],[33.75899,8.37426],[33.75992,8.37383],[33.76132,8.37304],[33.76245,8.37221],[33.76304,8.37166],[33.76404,8.37085],[33.76515,8.37011],[33.7664,8.36873],[33.76756,8.36765],[33.76823,8.36761],[33.76863,8.36765],[33.76883,8.36771],[33.76922,8.36768],[33.76955,8.36838],[33.76955,8.36893],[33.76967,8.36923],[33.77064,8.37006],[33.77101,8.37046],[33.77131,8.37054],[33.7717,8.37057],[33.77189,8.37054],[33.77219,8.3704],[33.77244,8.37044],[33.77252,8.37052],[33.7726,8.3708],[33.77276,8.37109],[33.77278,8.37129],[33.7726,8.37155],[33.77243,8.37167],[33.77224,8.37168],[33.77191,8.37201],[33.77188,8.37212],[33.772,8.37229],[33.77206,8.37261],[33.77185,8.37297],[33.77185,8.37307],[33.77194,8.37315],[33.77296,8.37303],[33.77323,8.37286],[33.77348,8.3728],[33.77378,8.37261],[33.77422,8.37223],[33.77452,8.37189],[33.77463,8.37188],[33.77472,8.37194],[33.77481,8.37229],[33.7751,8.373],[33.77508,8.37369],[33.7752,8.37383],[33.77549,8.37395],[33.77622,8.37416],[33.77661,8.37414],[33.77687,8.37423],[33.77729,8.37492],[33.77746,8.37543],[33.77743,8.37567],[33.77717,8.37645],[33.77728,8.3766],[33.77769,8.3765],[33.77835,8.37595],[33.7787,8.37531],[33.77879,8.37505],[33.77879,8.37485],[33.77895,8.37445],[33.779,8.37435],[33.77917,8.3742],[33.77937,8.37416],[33.77959,8.37425],[33.77996,8.37482],[33.78015,8.37493],[33.78083,8.37492],[33.78125,8.37502],[33.78147,8.37475],[33.78167,8.37471],[33.78188,8.37473],[33.78195,8.37482],[33.78195,8.37502],[33.78176,8.37552],[33.78119,8.37606],[33.7809,8.37621],[33.78072,8.37648],[33.78073,8.37659],[33.78094,8.37683],[33.78195,8.37744],[33.78249,8.37758],[33.78308,8.37788],[33.78353,8.37837],[33.78397,8.37862],[33.78428,8.37873],[33.78434,8.37891],[33.78431,8.37903],[33.78423,8.37911],[33.78402,8.37915],[33.78381,8.37925],[33.78369,8.37943],[33.78374,8.37964],[33.78406,8.37976],[33.7844,8.37982],[33.78497,8.37983],[33.78562,8.3799],[33.78624,8.37967],[33.7873,8.37968],[33.78844,8.37999],[33.78979,8.38005],[33.79014,8.38023],[33.79067,8.38117],[33.7909,8.38142],[33.7912,8.38156],[33.79136,8.38172],[33.79138,8.38199],[33.79119,8.38232],[33.79097,8.38313],[33.79077,8.3836],[33.79069,8.38394],[33.79056,8.38415],[33.79026,8.3843],[33.78992,8.38474],[33.78949,8.38494],[33.78924,8.38528],[33.7892,8.3855],[33.78928,8.38582],[33.78927,8.38603],[33.78914,8.38644],[33.78902,8.38663],[33.78881,8.3867],[33.78852,8.38687],[33.78857,8.3872],[33.78925,8.38764],[33.78966,8.38797],[33.79104,8.38834],[33.79131,8.38853],[33.79196,8.38915],[33.79201,8.38946],[33.79196,8.38975],[33.79188,8.38984],[33.79185,8.39005],[33.79206,8.39053],[33.79251,8.39082],[33.79276,8.3911],[33.79376,8.39159],[33.794,8.39187],[33.79549,8.39312],[33.79575,8.39348],[33.7959,8.39383],[33.79587,8.3942],[33.79556,8.39524],[33.79571,8.39548],[33.79597,8.3957],[33.79658,8.39582],[33.79695,8.39576],[33.79717,8.39581],[33.79737,8.39591],[33.79744,8.39597],[33.79751,8.39618],[33.79762,8.39676],[33.79781,8.39701],[33.79858,8.3974],[33.79893,8.39763],[33.79928,8.39792],[33.79958,8.39802],[33.79997,8.39807],[33.80006,8.39813],[33.80061,8.3981],[33.80077,8.39826],[33.80092,8.39851],[33.80115,8.39877],[33.80133,8.3989],[33.80137,8.3991],[33.80148,8.39929],[33.80154,8.39938],[33.80164,8.39941],[33.80195,8.3992],[33.80255,8.39832],[33.8027,8.39807],[33.80277,8.39771],[33.80284,8.39754],[33.80349,8.39706],[33.80363,8.39708],[33.80462,8.39772],[33.80488,8.39779],[33.80513,8.3978],[33.80544,8.39766],[33.80588,8.3974],[33.80616,8.39713],[33.80638,8.39702],[33.80659,8.39702],[33.80671,8.3972],[33.80684,8.39765],[33.80687,8.39818],[33.80701,8.39832],[33.80745,8.39842],[33.80848,8.39822],[33.80893,8.39805],[33.80915,8.39786],[33.80942,8.39738],[33.80959,8.39732],[33.81039,8.39758],[33.81064,8.39752],[33.8109,8.39732],[33.81111,8.39723],[33.81133,8.39732],[33.81154,8.39753],[33.81179,8.39793],[33.81191,8.3984],[33.81195,8.39887],[33.81189,8.39917],[33.81163,8.39956],[33.81111,8.40008],[33.8103,8.40064],[33.80996,8.40073],[33.80944,8.40128],[33.80924,8.40162],[33.80922,8.40198],[33.80942,8.40225],[33.81004,8.40277],[33.81023,8.40282],[33.81044,8.40274],[33.81062,8.40224],[33.81079,8.40207],[33.81094,8.40178],[33.81112,8.4017],[33.81132,8.40169],[33.8121,8.40258],[33.81292,8.40279],[33.81365,8.4031],[33.81402,8.40353],[33.81423,8.40361],[33.81479,8.40358],[33.81622,8.4031],[33.81644,8.40304],[33.81655,8.40308],[33.81661,8.40317],[33.81665,8.40347],[33.8163,8.40451],[33.81633,8.4048],[33.81653,8.40512],[33.81704,8.40559],[33.81727,8.40559],[33.81739,8.40555],[33.81747,8.40547],[33.81798,8.40458],[33.81813,8.40443],[33.81846,8.40428],[33.81879,8.40425],[33.81887,8.40427],[33.81954,8.40384],[33.81966,8.40326],[33.81969,8.40274],[33.81944,8.40226],[33.81945,8.40149],[33.81923,8.40104],[33.81924,8.40049],[33.81958,8.4004],[33.82022,8.4004],[33.82087,8.40018],[33.82201,8.4001],[33.82245,8.39979],[33.82245,8.39909],[33.82261,8.39867],[33.82326,8.39861],[33.82446,8.39879],[33.82563,8.39867],[33.82594,8.39855],[33.82624,8.39816],[33.82695,8.39819],[33.82751,8.39828],[33.82794,8.39892],[33.82821,8.39983],[33.82843,8.40032],[33.82889,8.40065],[33.82901,8.4012],[33.82938,8.40141],[33.82966,8.40147],[33.83027,8.40177],[33.83077,8.40153],[33.83135,8.4018],[33.83154,8.40223],[33.83154,8.40284],[33.8312,8.4033],[33.83114,8.40373],[33.83163,8.40415],[33.83243,8.40434],[33.83289,8.40425],[33.83363,8.40327],[33.83397,8.40297],[33.83434,8.40287],[33.83508,8.40299],[33.83564,8.40348],[33.83598,8.40419],[33.83719,8.40539],[33.83741,8.40585],[33.83731,8.4064],[33.83697,8.40676],[33.8362,8.40716],[33.83589,8.4077],[33.83589,8.40835],[33.83623,8.40896],[33.83673,8.40926],[33.83757,8.40938],[33.83827,8.40968],[33.83876,8.40984],[33.83926,8.40975],[33.83944,8.40944],[33.83904,8.40643],[33.83928,8.40585],[33.83984,8.40518],[33.8403,8.40505],[33.84135,8.40521],[33.8419,8.40503],[33.84236,8.40499],[33.8427,8.40524],[33.84273,8.40573],[33.8427,8.40618],[33.84341,8.40692],[33.84403,8.40707],[33.84454,8.40735],[33.84448,8.40786],[33.84423,8.40808],[33.84386,8.40813],[33.84373,8.40839],[33.84389,8.40866],[33.84439,8.40875],[33.84489,8.409],[33.84497,8.40938],[33.84484,8.40967],[33.84475,8.41001],[33.84486,8.41037],[33.84516,8.41066],[33.84543,8.41113],[33.84576,8.41115],[33.84611,8.41089],[33.84642,8.41088],[33.84669,8.4112],[33.84707,8.41124],[33.84736,8.41113],[33.84747,8.41084],[33.84761,8.41021],[33.84781,8.40985],[33.84819,8.40974],[33.8486,8.41001],[33.84882,8.4105],[33.84923,8.41066],[33.85005,8.4105],[33.85005,8.41028],[33.84987,8.40983],[33.85,8.40952],[33.8507,8.40948],[33.851,8.40923],[33.85148,8.40924],[33.85193,8.40948],[33.85213,8.40995],[33.85213,8.41044],[33.85222,8.41097],[33.85253,8.41102],[33.85346,8.41046],[33.85357,8.41006],[33.85357,8.40952],[33.85379,8.4093],[33.85416,8.40939],[33.85436,8.40981],[33.85457,8.41013],[33.85518,8.41004],[33.85545,8.41028],[33.85536,8.41167],[33.85554,8.41245],[33.85625,8.41354],[33.85704,8.41397],[33.85775,8.41392],[33.85802,8.41357],[33.85803,8.41292],[33.85774,8.41252],[33.85778,8.41194],[33.85855,8.41185],[33.85904,8.41218],[33.85956,8.41223],[33.86037,8.41187],[33.86103,8.41194],[33.86132,8.41223],[33.86144,8.41347],[33.86183,8.41381],[33.86256,8.41385],[33.86305,8.41403],[33.86336,8.41495],[33.86412,8.41542],[33.86488,8.4154],[33.86595,8.41489],[33.8664,8.41417],[33.86662,8.41316],[33.86719,8.41265],[33.86805,8.41227],[33.86906,8.41158],[33.86946,8.41167],[33.86984,8.41192],[33.87069,8.4129],[33.87161,8.41324],[33.87226,8.41315],[33.87251,8.41277],[33.87231,8.41201],[33.87234,8.41123],[33.87309,8.41068],[33.87366,8.41073],[33.87546,8.41111],[33.87584,8.41095],[33.87613,8.41102],[33.87635,8.41146],[33.87631,8.41195],[33.87602,8.41228],[33.8759,8.41253],[33.87602,8.41286],[33.87653,8.41331],[33.87655,8.41363],[33.87622,8.41392],[33.87619,8.4143],[33.87646,8.41459],[33.87684,8.41477],[33.87699,8.415],[33.87669,8.41541],[33.87669,8.41637],[33.87649,8.41705],[33.87643,8.41791],[33.87632,8.41823],[33.8761,8.41832],[33.87579,8.41859],[33.87573,8.41887],[33.87579,8.41922],[33.87698,8.41985],[33.877,8.42029],[33.87695,8.42057],[33.87658,8.42093],[33.87624,8.42145],[33.87615,8.4224],[33.87622,8.42295],[33.87687,8.42318],[33.87738,8.42312],[33.8778,8.4229],[33.8782,8.42322],[33.87822,8.42388],[33.87864,8.4242],[33.88031,8.42424],[33.88066,8.42456],[33.88122,8.42477],[33.88173,8.42509],[33.88203,8.42556],[33.88205,8.42617],[33.88235,8.42747],[33.88304,8.42747],[33.88336,8.42764],[33.88353,8.42783],[33.8836,8.4287],[33.88415,8.42925],[33.88415,8.42972],[33.88368,8.42983],[33.8833,8.43003],[33.88248,8.43007],[33.88186,8.4304],[33.88173,8.43061],[33.88173,8.43111],[33.88182,8.43157],[33.88217,8.43177],[33.8826,8.43163],[33.88303,8.43171],[33.88364,8.43234],[33.88396,8.43317],[33.88428,8.4336],[33.88416,8.43394],[33.88382,8.43429],[33.88327,8.43453],[33.88281,8.43501],[33.88255,8.43539],[33.88264,8.43564],[33.88255,8.43595],[33.88211,8.43667],[33.88158,8.43727],[33.88073,8.43837],[33.88026,8.43888],[33.87997,8.43897],[33.87954,8.4388],[33.87902,8.43865],[33.87793,8.43859],[33.87712,8.43868],[33.87631,8.43889],[33.87535,8.44065],[33.87483,8.44138],[33.87451,8.44229],[33.87449,8.44332],[33.87472,8.44402],[33.87545,8.44462],[33.87568,8.44516],[33.87563,8.44566],[33.87522,8.44715],[33.87526,8.44795],[33.87558,8.44849],[33.87638,8.44936],[33.8767,8.45009],[33.8767,8.45068],[33.87638,8.45146],[33.87608,8.45235],[33.87597,8.45443],[33.87611,8.45563],[33.87649,8.45625],[33.87702,8.45666],[33.87766,8.45744],[33.878,8.45812],[33.87914,8.45931],[33.8798,8.45992],[33.88015,8.4604],[33.88014,8.46044],[33.88004,8.46078],[33.88003,8.46108],[33.88014,8.46152],[33.87998,8.46188],[33.87995,8.46209],[33.87997,8.46234],[33.88004,8.46253],[33.88045,8.4626],[33.88058,8.46289],[33.88119,8.46355],[33.88131,8.46374],[33.88154,8.46381],[33.88164,8.46379],[33.88175,8.46359],[33.88185,8.46357],[33.88223,8.4637],[33.88262,8.46374],[33.88294,8.46372],[33.88298,8.46375],[33.88303,8.46398],[33.88321,8.46422],[33.88338,8.46426],[33.88348,8.46438],[33.88415,8.46456],[33.88463,8.4645],[33.88502,8.46469],[33.88525,8.46475],[33.88563,8.46511],[33.8858,8.46519],[33.88611,8.46551],[33.88639,8.4657],[33.88671,8.4658],[33.88687,8.46592],[33.88714,8.46627],[33.88765,8.46672],[33.88792,8.46709],[33.88809,8.46719],[33.88858,8.46771],[33.88871,8.46801],[33.8888,8.46843],[33.88896,8.46876],[33.88916,8.46886],[33.88925,8.46901],[33.88929,8.46922],[33.88923,8.46933],[33.88921,8.46962],[33.88909,8.47013],[33.88911,8.47025],[33.88904,8.47038],[33.88901,8.47058],[33.88904,8.47079],[33.88914,8.47096],[33.88918,8.47117],[33.88923,8.47126],[33.88934,8.47133],[33.8894,8.47133],[33.88957,8.47151],[33.89006,8.47178],[33.89032,8.4719],[33.89057,8.47194],[33.89167,8.4725],[33.89221,8.47291],[33.89231,8.47293],[33.89234,8.47305],[33.89225,8.47329],[33.89231,8.4739],[33.89244,8.47415],[33.89257,8.47422],[33.89296,8.47421],[33.8932,8.47453],[33.89321,8.47479],[33.89308,8.47526],[33.89352,8.47562],[33.89439,8.47599],[33.89455,8.47643],[33.89467,8.47701],[33.89592,8.47736],[33.89713,8.47824],[33.8973,8.47844],[33.89727,8.47857],[33.89708,8.47876],[33.89706,8.47888],[33.89712,8.47945],[33.89706,8.4799],[33.89722,8.48023],[33.89766,8.48071],[33.8977,8.48083],[33.8976,8.48111],[33.89745,8.4812],[33.89705,8.4813],[33.89685,8.48147],[33.89685,8.48174],[33.897,8.48193],[33.89706,8.48207],[33.89699,8.4825],[33.89711,8.48273],[33.89723,8.48281],[33.89785,8.48304],[33.89848,8.48314],[33.89871,8.48328],[33.89899,8.48357],[33.89925,8.48369],[33.89964,8.48364],[33.9002,8.48341],[33.90052,8.48335],[33.90093,8.48367],[33.90115,8.48403],[33.90145,8.48431],[33.90184,8.48438],[33.90237,8.48428],[33.90251,8.48432],[33.90271,8.48447],[33.90284,8.48469],[33.90285,8.48497],[33.90294,8.48531],[33.90316,8.48563],[33.90328,8.48568],[33.90343,8.48565],[33.90395,8.48535],[33.90434,8.4853],[33.90443,8.4854],[33.90448,8.48582],[33.90456,8.48589],[33.90469,8.48588],[33.905,8.48558],[33.90513,8.48556],[33.90527,8.48562],[33.90538,8.48593],[33.90527,8.48626],[33.90528,8.48641],[33.9054,8.48645],[33.90564,8.4863],[33.90591,8.48631],[33.90607,8.48667],[33.9062,8.48675],[33.90671,8.48689],[33.90726,8.48728],[33.90777,8.48751],[33.90801,8.48753],[33.90843,8.48783],[33.90891,8.48771],[33.909,8.48763],[33.90913,8.48739],[33.90914,8.48715],[33.9092,8.48702],[33.90934,8.48696],[33.91036,8.48697],[33.91102,8.48707],[33.91152,8.48703],[33.91159,8.48712],[33.91157,8.48766],[33.91167,8.48791],[33.91193,8.48838],[33.91207,8.48845],[33.91221,8.48843],[33.91229,8.48835],[33.91252,8.48787],[33.91318,8.48752],[33.91356,8.48747],[33.91391,8.48768],[33.91404,8.48767],[33.91412,8.48757],[33.91413,8.4873],[33.91428,8.48732],[33.91437,8.48738],[33.91441,8.48742],[33.91453,8.48756],[33.91467,8.48753],[33.91476,8.48745],[33.91479,8.48718],[33.91493,8.48697],[33.91507,8.48691],[33.91533,8.48688],[33.9156,8.48691],[33.91586,8.48709],[33.91599,8.48715],[33.91612,8.48713],[33.91701,8.4867],[33.91716,8.48662],[33.91716,8.48648],[33.91737,8.48599],[33.91762,8.48586],[33.91785,8.48593],[33.9181,8.48612],[33.91822,8.48632],[33.91821,8.48659],[33.91814,8.4867],[33.91808,8.4868],[33.91817,8.4871],[33.91833,8.48723],[33.91865,8.48716],[33.91882,8.48702],[33.91905,8.4867],[33.91916,8.48654],[33.91941,8.48641],[33.9197,8.48645],[33.91983,8.48663],[33.91984,8.4867],[33.91988,8.48689],[33.92004,8.48713],[33.92028,8.4871],[33.92049,8.48725],[33.92065,8.48749],[33.92084,8.48766],[33.92186,8.48763],[33.92236,8.48786],[33.9226,8.48783],[33.92296,8.48738],[33.92343,8.48724],[33.92381,8.48688],[33.9241,8.48685],[33.92458,8.48698],[33.92492,8.48738],[33.92516,8.48749],[33.92542,8.48748],[33.92575,8.48737],[33.92587,8.4875],[33.92592,8.48819],[33.92587,8.48834],[33.92594,8.48855],[33.92619,8.48842],[33.92646,8.48836],[33.92673,8.48843],[33.9269,8.48858],[33.92703,8.48883],[33.9272,8.48902],[33.92744,8.48916],[33.92798,8.48917],[33.92816,8.48924],[33.92781,8.48975],[33.92773,8.49012],[33.92779,8.49035],[33.92804,8.49044],[33.92826,8.49061],[33.92814,8.49082],[33.92785,8.49085],[33.92768,8.49105],[33.92786,8.49153],[33.92823,8.4919],[33.92835,8.49212],[33.92834,8.49237],[33.92807,8.49223],[33.92779,8.49214],[33.92761,8.49224],[33.92764,8.4925],[33.92781,8.4927],[33.92805,8.49281],[33.9286,8.49324],[33.92853,8.49349],[33.92863,8.49372],[33.92886,8.49391],[33.92909,8.49381],[33.92921,8.49358],[33.92976,8.49331],[33.92999,8.49341],[33.93001,8.49372],[33.92992,8.49395],[33.92997,8.49416],[33.93024,8.49417],[33.93051,8.49399],[33.93071,8.49402],[33.93068,8.49456],[33.93071,8.49482],[33.93086,8.49504],[33.93089,8.4953],[33.93085,8.49553],[33.93098,8.49578],[33.93112,8.49593],[33.93175,8.49585],[33.93222,8.49591],[33.93244,8.49613],[33.93254,8.49635],[33.93272,8.49655],[33.93298,8.49652],[33.93313,8.49674],[33.93319,8.49702],[33.93343,8.49712],[33.93361,8.497],[33.9336,8.49676],[33.9335,8.49653],[33.93353,8.49623],[33.93368,8.49609],[33.93407,8.49641],[33.93427,8.49621],[33.93456,8.4962],[33.93481,8.49627],[33.93507,8.49616],[33.93527,8.49623],[33.93549,8.4964],[33.93599,8.49631],[33.9361,8.49683],[33.93623,8.49706],[33.93645,8.49722],[33.93665,8.49722],[33.93671,8.49661],[33.93678,8.49638],[33.93699,8.49631],[33.93723,8.49645],[33.93726,8.49669],[33.93717,8.49694],[33.937,8.49715],[33.93701,8.4974],[33.93724,8.49751],[33.93749,8.49746],[33.93769,8.49755],[33.93765,8.49804],[33.93778,8.49824],[33.93795,8.49803],[33.93806,8.49777],[33.93829,8.49767],[33.93844,8.49789],[33.9391,8.49831],[33.93944,8.49802],[33.93968,8.49792],[33.93988,8.49811],[33.94,8.49832],[33.94024,8.49831],[33.94069,8.49801],[33.94093,8.49798],[33.94115,8.49812],[33.94106,8.49838],[33.94061,8.49853],[33.94062,8.49879],[33.94082,8.49899],[33.94105,8.49908],[33.9413,8.49907],[33.94139,8.49887],[33.94163,8.49882],[33.94207,8.49917],[33.9421,8.49943],[33.94193,8.49962],[33.94172,8.49975],[33.94168,8.50002],[33.94174,8.50025],[33.94196,8.50047],[33.94238,8.50071],[33.94303,8.5006],[33.94342,8.50038],[33.94339,8.50017],[33.94315,8.50003],[33.943,8.49981],[33.94317,8.49961],[33.94371,8.4996],[33.94399,8.49968],[33.94422,8.49958],[33.94441,8.49907],[33.94456,8.49881],[33.94477,8.49888],[33.94492,8.49911],[33.94506,8.49967],[33.94521,8.49984],[33.94579,8.50035],[33.946,8.50033],[33.94614,8.50006],[33.94631,8.49987],[33.94659,8.49991],[33.9468,8.50005],[33.94717,8.5004],[33.94743,8.50032],[33.94749,8.50009],[33.94743,8.49983],[33.94752,8.4996],[33.94774,8.4994],[33.9483,8.49929],[33.94852,8.49931],[33.94846,8.4998],[33.94852,8.50004],[33.94879,8.50005],[33.94902,8.49993],[33.94951,8.49991],[33.94977,8.49978],[33.94997,8.49969],[33.9502,8.4994],[33.95019,8.49908],[33.94985,8.49896],[33.94977,8.49889],[33.94959,8.49871],[33.94968,8.49844],[33.94977,8.49842],[33.95007,8.49836],[33.95036,8.49835],[33.95073,8.49847],[33.95099,8.49847],[33.95128,8.49821],[33.95147,8.49796],[33.95168,8.49726],[33.95184,8.49701],[33.95234,8.4966],[33.95267,8.49672],[33.95324,8.4971],[33.95356,8.49703],[33.95372,8.49675],[33.95338,8.49615],[33.9538,8.49559],[33.95521,8.4955],[33.95535,8.49581],[33.95557,8.49604],[33.95596,8.49628],[33.95625,8.49627],[33.95637,8.49594],[33.95636,8.49559],[33.95611,8.49494],[33.95634,8.49469],[33.95666,8.49468],[33.95692,8.49446],[33.95705,8.49419],[33.95733,8.49386],[33.95758,8.49377],[33.95789,8.49392],[33.95775,8.49455],[33.95812,8.49517],[33.95816,8.49552],[33.95832,8.49579],[33.95854,8.49595],[33.95871,8.49625],[33.95892,8.49687],[33.95913,8.49706],[33.95945,8.49722],[33.9597,8.49747],[33.95998,8.49763],[33.96065,8.49726],[33.96098,8.49728],[33.96128,8.49712],[33.96134,8.49679],[33.96149,8.49651],[33.96181,8.49641],[33.96209,8.49663],[33.96214,8.49701],[33.96212,8.49737],[33.96221,8.49806],[33.96235,8.49836],[33.96263,8.49852],[33.96307,8.49795],[33.96323,8.49764],[33.96354,8.4976],[33.96485,8.49812],[33.96556,8.4981],[33.96586,8.49822],[33.96578,8.49855],[33.96588,8.49886],[33.96608,8.49912],[33.96589,8.4994],[33.96552,8.49961],[33.96543,8.49991],[33.96576,8.49993],[33.96607,8.49986],[33.9664,8.49991],[33.96666,8.50017],[33.96697,8.50029],[33.9673,8.50009],[33.96756,8.49987],[33.96789,8.49989],[33.96814,8.50008],[33.96796,8.50071],[33.96819,8.50097],[33.9683,8.50128],[33.96849,8.50154],[33.96881,8.50147],[33.96892,8.50114],[33.96915,8.50092],[33.96944,8.50111],[33.96978,8.50122],[33.97043,8.50124],[33.9706,8.50157],[33.97082,8.50177],[33.97113,8.50192],[33.97129,8.50219],[33.97125,8.50255],[33.97144,8.50281],[33.97171,8.50294],[33.97183,8.50359],[33.972,8.50389],[33.97233,8.50375],[33.97249,8.50345],[33.97274,8.50313],[33.97298,8.50297],[33.97363,8.50298],[33.97465,8.50289],[33.97492,8.50266],[33.97485,8.50241],[33.9745,8.50243],[33.97449,8.50211],[33.97462,8.50184],[33.97485,8.50088],[33.97508,8.50066],[33.97524,8.50035],[33.97517,8.49971],[33.97464,8.49936],[33.97453,8.49905],[33.97419,8.49893],[33.97394,8.49871],[33.9738,8.49841],[33.97382,8.49808],[33.97446,8.49797],[33.97454,8.49732],[33.97481,8.49716],[33.97512,8.49731],[33.97541,8.49728],[33.97556,8.497],[33.97555,8.49665],[33.97551,8.4963],[33.97538,8.49603],[33.975,8.49588],[33.97436,8.49593],[33.97413,8.49567],[33.97425,8.49534],[33.97428,8.49508],[33.97403,8.49482],[33.97395,8.49451],[33.97411,8.49423],[33.97449,8.49415],[33.97465,8.49391],[33.97465,8.49362],[33.97526,8.49332],[33.97525,8.493],[33.9754,8.4927],[33.97607,8.49264],[33.97641,8.49273],[33.97655,8.49306],[33.97643,8.4934],[33.9765,8.49368],[33.97683,8.49377],[33.97713,8.49357],[33.97778,8.49336],[33.9778,8.49294],[33.97807,8.49281],[33.97827,8.49311],[33.97861,8.49319],[33.9788,8.49291],[33.97863,8.49261],[33.97865,8.49229],[33.979,8.4917],[33.97929,8.49147],[33.9795,8.49154],[33.97944,8.49187],[33.97949,8.49222],[33.97974,8.49244],[33.98008,8.49256],[33.98043,8.49203],[33.98076,8.49203],[33.98098,8.49178],[33.981,8.49142],[33.98113,8.49118],[33.98159,8.49071],[33.98192,8.4907],[33.98217,8.49095],[33.98228,8.49126],[33.98258,8.49113],[33.98285,8.49093],[33.98351,8.49107],[33.98375,8.49092],[33.9843,8.49034],[33.98454,8.49018],[33.9848,8.49021],[33.98493,8.49051],[33.98494,8.49083],[33.98501,8.49114],[33.98535,8.49123],[33.98564,8.491],[33.98573,8.49067],[33.98562,8.49033],[33.9859,8.4902],[33.9865,8.49041],[33.98679,8.49057],[33.98701,8.49083],[33.98718,8.49113],[33.98743,8.49135],[33.98779,8.49131],[33.98812,8.49117],[33.98835,8.49095],[33.98869,8.4911],[33.98898,8.491],[33.98912,8.49034],[33.98907,8.49],[33.98925,8.48959],[33.98995,8.48976],[33.99017,8.48999],[33.99014,8.49028],[33.98995,8.49056],[33.98999,8.49087],[33.9901,8.49124],[33.99029,8.49144],[33.9906,8.49163],[33.99094,8.49168],[33.99128,8.49154],[33.99144,8.49124],[33.99164,8.49039],[33.99161,8.49025],[33.99174,8.49014],[33.99215,8.48995],[33.99243,8.48991],[33.99253,8.48996],[33.99255,8.49007],[33.99237,8.49028],[33.99234,8.49043],[33.99242,8.49105],[33.99266,8.49111],[33.99279,8.49101],[33.99291,8.49076],[33.99302,8.49065],[33.99315,8.49074],[33.99328,8.4911],[33.99352,8.4911],[33.99365,8.49114],[33.99396,8.49136],[33.99445,8.49116],[33.99472,8.49118],[33.99493,8.49136],[33.9951,8.49162],[33.99515,8.49189],[33.9949,8.49218],[33.99484,8.49259],[33.99495,8.49268],[33.99507,8.49269],[33.99538,8.49262],[33.99557,8.4927],[33.99582,8.49332],[33.99587,8.4937],[33.99602,8.49397],[33.99628,8.49409],[33.99639,8.49404],[33.99649,8.49375],[33.99646,8.4933],[33.99651,8.49313],[33.99673,8.49294],[33.99693,8.49329],[33.99702,8.4941],[33.99719,8.49447],[33.99754,8.49562],[33.99768,8.49564],[33.99781,8.49556],[33.99781,8.49546],[33.99772,8.49527],[33.99774,8.49512],[33.99794,8.49496],[33.99811,8.49468],[33.9982,8.49465],[33.99865,8.49477],[33.99905,8.49505],[33.9991,8.49513],[33.9991,8.49529],[33.99898,8.49542],[33.99884,8.49549],[33.99863,8.49547],[33.99844,8.49566],[33.99836,8.49589],[33.99843,8.49599],[33.9987,8.49587],[33.99889,8.49586],[33.99929,8.496],[33.9994,8.49592],[33.99955,8.49566],[33.99966,8.49568],[34.00007,8.49595],[34.00055,8.49595],[34.00064,8.496],[34.00072,8.49612],[34.00082,8.49614],[34.00096,8.49585],[34.00096,8.49571],[34.00105,8.49555],[34.00115,8.49551],[34.00135,8.49562],[34.00169,8.49605],[34.002,8.49627],[34.00209,8.49628],[34.00222,8.49622],[34.00225,8.49583],[34.00232,8.49565],[34.00258,8.4955],[34.00269,8.49548],[34.00315,8.49543],[34.00365,8.49555],[34.00374,8.49559],[34.00382,8.49571],[34.00365,8.49596],[34.00365,8.49615],[34.00371,8.49627],[34.00367,8.49637],[34.00349,8.49654],[34.00349,8.49659],[34.00394,8.49689],[34.00409,8.49686],[34.00447,8.49661],[34.00527,8.49601],[34.00547,8.49572],[34.0057,8.49551],[34.00602,8.49512],[34.00612,8.49511],[34.00624,8.49519],[34.00641,8.4951],[34.00641,8.495],[34.00622,8.49497],[34.00611,8.49486],[34.00611,8.49476],[34.0062,8.49457],[34.00632,8.49448],[34.00666,8.49431],[34.00694,8.49435],[34.00691,8.49455],[34.00683,8.49468],[34.00685,8.49487],[34.00699,8.49495],[34.00721,8.49497],[34.00735,8.49489],[34.00738,8.49481],[34.00735,8.49458],[34.00749,8.49437],[34.00762,8.49429],[34.0078,8.49432],[34.00803,8.49419],[34.00796,8.49403],[34.00784,8.49389],[34.00761,8.49378],[34.00753,8.4936],[34.00758,8.49347],[34.00783,8.49323],[34.00787,8.49302],[34.00793,8.49295],[34.00811,8.4929],[34.00841,8.49303],[34.00841,8.49317],[34.00834,8.49329],[34.00827,8.49358],[34.00828,8.49367],[34.00837,8.49371],[34.00867,8.49374],[34.00876,8.49368],[34.0091,8.49366],[34.00922,8.49358],[34.00924,8.49332],[34.00893,8.49317],[34.00891,8.49304],[34.00899,8.49291],[34.00923,8.49275],[34.00954,8.49219],[34.01012,8.49203],[34.01013,8.49187],[34.01001,8.49164],[34.01003,8.49147],[34.01017,8.49113],[34.01045,8.49081],[34.01053,8.49081],[34.01057,8.49094],[34.01062,8.49094],[34.01108,8.49083],[34.01129,8.4907],[34.01133,8.49059],[34.01128,8.49046],[34.01081,8.49028],[34.01078,8.49005],[34.01081,8.4899],[34.01093,8.48985],[34.01098,8.48994],[34.01114,8.48993],[34.01125,8.49004],[34.0115,8.49005],[34.01158,8.48992],[34.01158,8.48982],[34.01138,8.4893],[34.01139,8.48916],[34.01152,8.48907],[34.01162,8.48908],[34.01175,8.48924],[34.01179,8.48942],[34.01184,8.48943],[34.01197,8.48929],[34.01197,8.48899],[34.01203,8.48884],[34.0126,8.48845],[34.01285,8.48848],[34.01313,8.4887],[34.01316,8.48888],[34.01312,8.48897],[34.01292,8.48912],[34.01297,8.4892],[34.01315,8.48929],[34.01378,8.48937],[34.01432,8.4893],[34.01459,8.48909],[34.01478,8.48885],[34.01476,8.4888],[34.0146,8.48872],[34.01468,8.48853],[34.01481,8.48848],[34.0149,8.48851],[34.01495,8.48864],[34.01505,8.48863],[34.01519,8.48847],[34.01519,8.48828],[34.01527,8.48822],[34.01562,8.48827],[34.01566,8.48836],[34.01559,8.48846],[34.01568,8.4886],[34.01586,8.48869],[34.01599,8.48862],[34.01608,8.48838],[34.01631,8.4883],[34.01642,8.48832],[34.01653,8.48842],[34.01667,8.48873],[34.01681,8.48887],[34.01689,8.48904],[34.01716,8.48918],[34.01725,8.48929],[34.01758,8.4895],[34.01771,8.48954],[34.01789,8.4897],[34.01827,8.48991],[34.01834,8.4902],[34.01822,8.49024],[34.0182,8.49032],[34.0186,8.4906],[34.01883,8.49069],[34.019,8.49067],[34.01912,8.4906],[34.01916,8.49051],[34.0191,8.49043],[34.01915,8.4903],[34.01936,8.4901],[34.01951,8.49006],[34.01989,8.49052],[34.02006,8.49061],[34.02023,8.49057],[34.0203,8.4905],[34.02023,8.49029],[34.02049,8.49019],[34.02058,8.49007],[34.02056,8.48993],[34.02051,8.4899],[34.02045,8.48984],[34.02022,8.48974],[34.02017,8.48968],[34.02017,8.48956],[34.02041,8.48943],[34.02054,8.4893],[34.02062,8.48914],[34.02064,8.489],[34.02109,8.48871],[34.02126,8.48868],[34.0221,8.48893],[34.02226,8.48903],[34.02228,8.48915],[34.02224,8.48926],[34.02231,8.4894],[34.02268,8.48952],[34.02305,8.48955],[34.02317,8.48943],[34.02317,8.48925],[34.02313,8.48921],[34.02303,8.48926],[34.02293,8.4892],[34.02299,8.48879],[34.02312,8.4888],[34.0233,8.48903],[34.02346,8.48907],[34.0235,8.48898],[34.02338,8.48884],[34.02334,8.48864],[34.02345,8.48853],[34.02359,8.48851],[34.02374,8.4887],[34.02383,8.48874],[34.02386,8.48887],[34.02377,8.48921],[34.02359,8.48957],[34.02366,8.48976],[34.02389,8.48986],[34.02403,8.49004],[34.02412,8.49009],[34.0248,8.48989],[34.02508,8.48996],[34.02516,8.49007],[34.02508,8.49025],[34.02506,8.49057],[34.02494,8.49101],[34.02506,8.49107],[34.02519,8.49097],[34.0253,8.49099],[34.02544,8.49121],[34.02551,8.49151],[34.02548,8.49163],[34.02527,8.49185],[34.02525,8.49192],[34.02536,8.49205],[34.02539,8.4922],[34.02534,8.49223],[34.02522,8.49221],[34.02518,8.49234],[34.0252,8.49239],[34.02576,8.49259],[34.02598,8.49276],[34.02615,8.49274],[34.02628,8.49278],[34.02652,8.49327],[34.02632,8.49354],[34.02634,8.49368],[34.02612,8.4937],[34.02607,8.49374],[34.02613,8.49382],[34.02623,8.49396],[34.0266,8.49405],[34.02667,8.49413],[34.02663,8.49418],[34.02651,8.4942],[34.0264,8.49435],[34.02658,8.49451],[34.02669,8.49475],[34.02682,8.49482],[34.02705,8.49477],[34.02718,8.49457],[34.02728,8.4945],[34.02731,8.49431],[34.02745,8.49424],[34.02759,8.49428],[34.02762,8.49451],[34.02774,8.49468],[34.0278,8.4951],[34.02759,8.49519],[34.02741,8.49515],[34.02739,8.49537],[34.0277,8.49588],[34.02798,8.49611],[34.02819,8.49606],[34.02825,8.4961],[34.02839,8.49607],[34.02842,8.49612],[34.02834,8.49625],[34.02832,8.49637],[34.02837,8.49648],[34.02834,8.49668],[34.02845,8.49671],[34.0286,8.49667],[34.02874,8.49649],[34.02885,8.49651],[34.02945,8.4968],[34.02959,8.4968],[34.02964,8.49686],[34.02961,8.49695],[34.02938,8.49698],[34.02933,8.49703],[34.02936,8.49709],[34.02945,8.4971],[34.02952,8.49719],[34.03014,8.49728],[34.03017,8.49757],[34.03015,8.49765],[34.03003,8.49776],[34.03005,8.49801],[34.02997,8.49812],[34.02996,8.49821],[34.03003,8.49842],[34.03023,8.49876],[34.03027,8.49914],[34.03039,8.49921],[34.03059,8.4991],[34.03079,8.49916],[34.03106,8.49952],[34.03122,8.49967],[34.03124,8.49977],[34.03109,8.50033],[34.03115,8.50047],[34.03113,8.50077],[34.03119,8.50079],[34.03132,8.50098],[34.03141,8.50122],[34.03149,8.50122],[34.0316,8.50105],[34.0318,8.5013],[34.03188,8.50132],[34.0319,8.50138],[34.03184,8.5014],[34.03187,8.50152],[34.03182,8.5016],[34.03189,8.50169],[34.03187,8.50204],[34.03212,8.50226],[34.03188,8.50259],[34.03152,8.50281],[34.03143,8.50278],[34.03139,8.5026],[34.03143,8.50252],[34.03125,8.50245],[34.03118,8.50251],[34.03089,8.50305],[34.03087,8.50319],[34.03112,8.50313],[34.0312,8.50316],[34.03129,8.50331],[34.03131,8.50343],[34.03121,8.50365],[34.03118,8.50382],[34.03131,8.50396],[34.0316,8.50384],[34.0317,8.50367],[34.03193,8.50356],[34.0321,8.50349],[34.03228,8.50351],[34.03239,8.5037],[34.0324,8.50397],[34.03247,8.50415],[34.03282,8.5045],[34.0328,8.50465],[34.03271,8.5047],[34.03262,8.50469],[34.0325,8.50459],[34.03236,8.50464],[34.03235,8.50474],[34.03246,8.50487],[34.03249,8.50501],[34.03236,8.50544],[34.03226,8.50554],[34.032,8.50554],[34.03192,8.50562],[34.03196,8.50594],[34.03206,8.50599],[34.03212,8.5059],[34.03218,8.50591],[34.03227,8.5062],[34.03225,8.50638],[34.0323,8.50644],[34.03252,8.50637],[34.0327,8.50638],[34.0328,8.50612],[34.03288,8.50606],[34.03297,8.50607],[34.0332,8.50625],[34.03339,8.50624],[34.03357,8.50613],[34.03358,8.50619],[34.03351,8.50627],[34.03361,8.50641],[34.03373,8.50646],[34.03363,8.50653],[34.03346,8.5065],[34.03339,8.50663],[34.03344,8.5067],[34.03344,8.50682],[34.03352,8.50688],[34.03357,8.50677],[34.03364,8.5068],[34.034,8.50725],[34.03421,8.50734],[34.03418,8.50752],[34.03422,8.5076],[34.03433,8.50766],[34.03458,8.50758],[34.03482,8.5077],[34.03493,8.50768],[34.03503,8.50778],[34.03513,8.50778],[34.0352,8.50789],[34.03518,8.50817],[34.03508,8.50823],[34.035,8.50825],[34.03487,8.50821],[34.03477,8.50802],[34.03458,8.50814],[34.03443,8.50841],[34.03442,8.50869],[34.03447,8.50888],[34.03465,8.50921],[34.0348,8.5092],[34.03478,8.50901],[34.03482,8.50893],[34.03524,8.50885],[34.0354,8.50918],[34.03541,8.5094],[34.03525,8.5096],[34.03514,8.50959],[34.03503,8.50947],[34.03475,8.50961],[34.03471,8.50984],[34.03463,8.50985],[34.03453,8.50998],[34.03457,8.5101],[34.03467,8.51015],[34.03483,8.51015],[34.03491,8.51007],[34.03496,8.51007],[34.03516,8.5102],[34.03537,8.51021],[34.03549,8.51028],[34.03554,8.51041],[34.0355,8.51062],[34.03528,8.51057],[34.03514,8.51082],[34.03503,8.51118],[34.03516,8.51131],[34.03521,8.51131],[34.03557,8.51119],[34.03563,8.51128],[34.03564,8.51148],[34.03561,8.51152],[34.03527,8.51156],[34.03513,8.51169],[34.03514,8.5118],[34.03543,8.51217],[34.03558,8.51222],[34.03587,8.5122],[34.03599,8.51232],[34.03579,8.51248],[34.03546,8.51257],[34.03532,8.5125],[34.0352,8.5123],[34.03505,8.5123],[34.03506,8.51249],[34.03488,8.51266],[34.03487,8.51277],[34.03473,8.51306],[34.03473,8.51315],[34.03503,8.51361],[34.03501,8.51383],[34.03511,8.51405],[34.03526,8.51409],[34.03543,8.51398],[34.03548,8.51378],[34.03563,8.51381],[34.03569,8.51394],[34.03565,8.51413],[34.03566,8.51436],[34.0358,8.51447],[34.0358,8.51454],[34.03598,8.51474],[34.03589,8.51486],[34.0357,8.51482],[34.03533,8.51493],[34.03518,8.51522],[34.03514,8.51537],[34.03526,8.51545],[34.03535,8.51544],[34.03545,8.51536],[34.03564,8.51547],[34.03576,8.51545],[34.03594,8.51555],[34.03597,8.5158],[34.03593,8.51596],[34.03588,8.516],[34.03559,8.51603],[34.03555,8.51615],[34.03556,8.51643],[34.03528,8.51665],[34.03514,8.51667],[34.03493,8.51649],[34.03487,8.51649],[34.0346,8.51668],[34.03453,8.5168],[34.03456,8.51701],[34.03462,8.51705],[34.03485,8.51699],[34.03539,8.51749],[34.03547,8.51744],[34.03565,8.51695],[34.03572,8.5169],[34.03579,8.51692],[34.03594,8.51708],[34.03601,8.51736],[34.03593,8.51752],[34.03599,8.51782],[34.0359,8.51788],[34.03584,8.51803],[34.03587,8.51815],[34.03593,8.51838],[34.03604,8.51843],[34.03624,8.51833],[34.03659,8.51836],[34.03677,8.51844],[34.03692,8.5186],[34.03698,8.5186],[34.03708,8.51852],[34.03719,8.51852],[34.03732,8.51844],[34.0374,8.51832],[34.03754,8.51829],[34.03764,8.51835],[34.03774,8.51861],[34.03791,8.51868],[34.03795,8.51898],[34.03802,8.51916],[34.038,8.51921],[34.03775,8.51923],[34.0377,8.51936],[34.03796,8.51956],[34.03824,8.51958],[34.03833,8.51969],[34.03824,8.51979],[34.03814,8.51983],[34.03782,8.51984],[34.0378,8.51995],[34.03794,8.52018],[34.03809,8.52024],[34.03823,8.5201],[34.03836,8.52016],[34.03841,8.52078],[34.03856,8.52079],[34.03862,8.52066],[34.03868,8.52063],[34.03889,8.52095],[34.0391,8.52094],[34.03928,8.521],[34.03925,8.52119],[34.03911,8.52148],[34.03914,8.52158],[34.03947,8.52169],[34.03952,8.52146],[34.03959,8.52134],[34.03965,8.52131],[34.03999,8.52161],[34.04003,8.52187],[34.04009,8.52194],[34.04026,8.52197],[34.04034,8.52206],[34.0403,8.52239],[34.04019,8.52256],[34.04015,8.52254],[34.04007,8.52257],[34.03994,8.52273],[34.03975,8.52285],[34.03957,8.52288],[34.03924,8.52276],[34.03918,8.52278],[34.0391,8.52292],[34.03914,8.52303],[34.03923,8.52307],[34.03936,8.52302],[34.03947,8.52313],[34.03965,8.52313],[34.03975,8.5232],[34.03974,8.52338],[34.03969,8.52344],[34.03954,8.52344],[34.03952,8.52347],[34.03964,8.52358],[34.03967,8.52371],[34.03959,8.5239],[34.03962,8.5241],[34.04003,8.52446],[34.04018,8.52493],[34.04039,8.52515],[34.04049,8.52541],[34.04081,8.52543],[34.04102,8.52531],[34.04108,8.52532],[34.04111,8.5252],[34.04115,8.52519],[34.0412,8.52536],[34.04136,8.52561],[34.0414,8.52559],[34.04145,8.52568],[34.04152,8.52569],[34.04176,8.52608],[34.04179,8.52608],[34.04182,8.52599],[34.04204,8.52596],[34.04214,8.52606],[34.0423,8.52608],[34.04265,8.52625],[34.04288,8.52627],[34.04303,8.52633],[34.04325,8.52627],[34.04342,8.52635],[34.04343,8.52646],[34.04374,8.52711],[34.04396,8.52742],[34.04402,8.52759],[34.0441,8.52766],[34.04413,8.52784],[34.04424,8.52784],[34.04429,8.52797],[34.04443,8.5281],[34.04472,8.52825],[34.04492,8.52829],[34.04499,8.52837],[34.04504,8.52863],[34.04501,8.52876],[34.04478,8.52922],[34.04483,8.52952],[34.04493,8.52979],[34.04516,8.52994],[34.04555,8.53],[34.04624,8.53023],[34.04667,8.5303],[34.04684,8.53043],[34.04725,8.53042],[34.04764,8.53032],[34.04837,8.53037],[34.04905,8.5305],[34.04909,8.53078],[34.04915,8.53084],[34.04948,8.53079],[34.0501,8.53085],[34.05061,8.53114],[34.05149,8.53125],[34.05162,8.53133],[34.05172,8.53146],[34.05202,8.53205],[34.05239,8.53223],[34.05272,8.5325],[34.05311,8.53258],[34.05362,8.53306],[34.05378,8.53312],[34.05423,8.53317],[34.05481,8.53311],[34.05563,8.53279],[34.05598,8.5328],[34.05648,8.53297],[34.05667,8.53309],[34.05704,8.53365],[34.05722,8.5337],[34.05749,8.53391],[34.05792,8.53412],[34.05817,8.53438],[34.05878,8.53453],[34.05888,8.53462],[34.05898,8.53488],[34.0593,8.53516],[34.05932,8.5355],[34.0595,8.53572],[34.0598,8.53582],[34.06009,8.53583],[34.0603,8.5359],[34.06044,8.53618],[34.06059,8.5369],[34.06085,8.53758],[34.06097,8.53812],[34.06109,8.53831],[34.06117,8.53837],[34.06146,8.53844],[34.0618,8.53894],[34.06205,8.53908],[34.06217,8.5391],[34.06255,8.53957],[34.06263,8.53975],[34.06271,8.53983],[34.06288,8.54],[34.06297,8.54015],[34.06319,8.54023],[34.06337,8.54042],[34.06357,8.54056],[34.0636,8.5406],[34.06367,8.5407],[34.06378,8.54077],[34.06424,8.54075],[34.06473,8.54131],[34.06491,8.54131],[34.06525,8.54139],[34.06566,8.5416],[34.06634,8.54166],[34.06671,8.54164],[34.06746,8.54189],[34.06783,8.5419],[34.06796,8.54208],[34.06819,8.54217],[34.06834,8.54229],[34.06848,8.54232],[34.06855,8.54228],[34.06872,8.54233],[34.06919,8.54237],[34.06941,8.54252],[34.06961,8.54283],[34.06981,8.54299],[34.06995,8.54308],[34.07019,8.54311],[34.07034,8.54327],[34.071,8.54345],[34.07114,8.54353],[34.07131,8.54354],[34.07158,8.54348],[34.07178,8.5435],[34.07259,8.54386],[34.07292,8.54396],[34.07306,8.54403],[34.07312,8.54413],[34.07331,8.54425],[34.07365,8.54443],[34.07385,8.54464],[34.07433,8.54482],[34.07444,8.5449],[34.07475,8.54528],[34.07505,8.54544],[34.07527,8.54552],[34.07555,8.54555],[34.07593,8.54572],[34.07621,8.54599],[34.07631,8.54627],[34.07659,8.54676],[34.07689,8.54709],[34.07737,8.54751],[34.07752,8.54773],[34.07863,8.54842],[34.07899,8.54877],[34.07919,8.54889],[34.07961,8.54903],[34.07989,8.54927],[34.08022,8.54929],[34.08051,8.54958],[34.0806,8.54978],[34.08072,8.54992],[34.08073,8.55003],[34.08089,8.55018],[34.08098,8.55036],[34.08097,8.55052],[34.08112,8.55061],[34.08146,8.55066],[34.08162,8.55078],[34.08205,8.55138],[34.08214,8.55184],[34.08234,8.55203],[34.08257,8.55212],[34.08268,8.55235],[34.08304,8.55255],[34.08334,8.55307],[34.0835,8.55323],[34.08358,8.55344],[34.08346,8.55392],[34.08357,8.55403],[34.08366,8.55423],[34.08396,8.55429],[34.08412,8.55448],[34.08437,8.55457],[34.08439,8.55487],[34.08482,8.55521],[34.08486,8.5555],[34.08501,8.55564],[34.08506,8.55585],[34.08522,8.55611],[34.08532,8.55637],[34.0857,8.55661],[34.08597,8.55661],[34.08658,8.55693],[34.08718,8.55702],[34.08725,8.55722],[34.0873,8.55728],[34.0874,8.55731],[34.08749,8.55727],[34.08767,8.55708],[34.08808,8.55715],[34.08818,8.55696],[34.08855,8.55675],[34.0889,8.55628],[34.08909,8.55621],[34.08931,8.55604],[34.08982,8.55594],[34.09084,8.55617],[34.09162,8.55622],[34.09203,8.5564],[34.09229,8.55642],[34.09253,8.55634],[34.09284,8.5564],[34.09318,8.55667],[34.09392,8.55677],[34.09408,8.55674],[34.09427,8.5567],[34.09446,8.55661],[34.09497,8.55584],[34.09518,8.55527],[34.09518,8.55515],[34.09528,8.55503],[34.09567,8.55459],[34.09579,8.55439],[34.09611,8.55417],[34.0964,8.55386],[34.09647,8.55386],[34.09705,8.55412],[34.09741,8.55419],[34.09783,8.55434],[34.09854,8.55466],[34.09898,8.5548],[34.09918,8.555],[34.09953,8.55519],[34.09971,8.55521],[34.09996,8.55544],[34.10054,8.55579],[34.10098,8.55633],[34.10119,8.55682],[34.10148,8.55717],[34.10177,8.55797],[34.10194,8.55822],[34.10209,8.55862],[34.10236,8.55885],[34.10271,8.55929],[34.10303,8.55957],[34.1032,8.55992],[34.10344,8.56015],[34.10348,8.56036],[34.10367,8.56057],[34.10393,8.56076],[34.104,8.56088],[34.10436,8.56096],[34.10445,8.56109],[34.1046,8.56111],[34.10501,8.56146],[34.10524,8.56155],[34.10533,8.56168],[34.10545,8.56174],[34.10555,8.56186],[34.10563,8.56219],[34.10583,8.56222],[34.10603,8.5623],[34.1061,8.56245],[34.10612,8.56255],[34.10623,8.56305],[34.10644,8.56346],[34.10657,8.56361],[34.10659,8.56393],[34.10665,8.56401],[34.10678,8.56407],[34.1069,8.56406],[34.10699,8.56426],[34.10689,8.56462],[34.10677,8.56479],[34.10646,8.56501],[34.10634,8.56534],[34.10626,8.56543],[34.10623,8.56574],[34.10627,8.56589],[34.10613,8.56626],[34.10633,8.56644],[34.1066,8.56659],[34.10684,8.56664],[34.10716,8.56679],[34.1076,8.56713],[34.10808,8.56742],[34.10912,8.56829],[34.10999,8.56927],[34.11072,8.57029],[34.11112,8.57061],[34.11134,8.57085],[34.11182,8.57167],[34.112,8.57197],[34.11235,8.57276],[34.11257,8.57379],[34.1126,8.57449],[34.11284,8.57471],[34.11324,8.57482],[34.11387,8.57488],[34.11413,8.57496],[34.11431,8.57535],[34.1144,8.57543],[34.11446,8.57559],[34.11446,8.57561],[34.11466,8.57585],[34.11478,8.57597],[34.11567,8.57639],[34.11581,8.57651],[34.1163,8.57713],[34.11662,8.5774],[34.11694,8.57785],[34.11725,8.5781],[34.11781,8.57872],[34.11816,8.57887],[34.11831,8.57919],[34.11835,8.5794],[34.11856,8.5799],[34.11863,8.57995],[34.11872,8.58015],[34.11882,8.58022],[34.11892,8.5805],[34.11909,8.58074],[34.11917,8.58102],[34.11939,8.58117],[34.11943,8.58147],[34.11934,8.5819],[34.11935,8.58205],[34.11972,8.58233],[34.11997,8.58238],[34.12013,8.58248],[34.12057,8.58294],[34.12123,8.58344],[34.12155,8.58363],[34.12168,8.58379],[34.12194,8.58391],[34.12233,8.58433],[34.1225,8.58436],[34.12279,8.58454],[34.12314,8.58457],[34.12342,8.58486],[34.12356,8.58494],[34.12361,8.58522],[34.1241,8.58572],[34.1242,8.58592],[34.12441,8.58615],[34.12454,8.58639],[34.12454,8.58663],[34.12466,8.58677],[34.12471,8.58698],[34.12495,8.58736],[34.12508,8.58744],[34.12513,8.5876],[34.12532,8.58766],[34.12549,8.58778],[34.12605,8.58778],[34.12643,8.58771],[34.12676,8.58756],[34.12699,8.58737],[34.12725,8.58711],[34.12758,8.58663],[34.12763,8.58663],[34.12791,8.58686],[34.12791,8.58708],[34.12804,8.5874],[34.12804,8.5876],[34.12811,8.58777],[34.12813,8.58801],[34.12826,8.58823],[34.1283,8.58842],[34.12823,8.58872],[34.12814,8.5888],[34.12797,8.58906],[34.12745,8.58963],[34.14552,8.69434],[34.14552,8.69488]]]},"properties":{"name":"GAMBELLA","status":"CURRENT","country":"Ethiopia","area_sqkm":"17565.8342713834","shore_status":"ONSHORE"}},{"type":"Feature","id":"mps_mapping_block.6655fce5-f5b3-46ee-8619-dc5b716061ad","geometry":{"type":"MultiPolygon","coordinates":[]},"properties":{"name":"25","status":"OPEN","country":"Sudan","area_sqkm":"26440.7343539303","shore_status":"ONSHORE"}},{"type":"Feature","id":"mps_mapping_block.6755d035-c42c-43e2-8d6d-a5237e5ef547","geometry":{"type":"Polygon","coordinates":[[[33.85429,14.82366],[34.37642,14.43627],[34.17431,14.14657],[36.00828,12.72517],[36.00639,12.72416],[35.96472,12.71556],[35.77951,12.68067],[35.70108,12.66611],[35.70055,12.62805],[35.69971,12.62194],[35.69527,12.61222],[35.68944,12.60417],[35.68222,12.5975],[35.67806,12.595],[35.64916,12.59417],[35.64555,12.58889],[35.3811,12.16111],[35.28388,11.98333],[35.26543,11.93361],[35.25361,11.9175],[35.23555,11.90083],[35.22722,11.89555],[35.20166,11.88639],[35.16833,11.87833],[35.13444,11.86389],[35.12167,11.85583],[35.11083,11.84583],[35.09694,11.82694],[35.08611,11.81],[35.08111,11.80111],[35.06555,11.76778],[35.06083,11.75139],[35.05861,11.74],[35.05805,11.72055],[35.06416,11.65444],[35.06944,11.63861],[35.07417,11.62972],[34.10188,12.34268],[34.26358,12.56501],[33.9604,12.82102],[33.51488,12.2677],[32.37045,13.13104],[33.07951,13.92087],[33.85429,14.82366]]]},"properties":{"name":"8","status":"OPEN","country":"Sudan","area_sqkm":"59626.0288747158","shore_status":"ONSHORE"}},{"type":"Feature","id":"mps_mapping_block.72d4e941-1e3d-4c3e-ab44-693c33a35832","geometry":{"type":"Polygon","coordinates":[[[35.64639,16.95261],[36.85649,16.05863],[36.82611,15.9775],[36.76361,15.80805],[36.69778,15.75305],[36.62611,15.48944],[36.54277,15.23472],[36.44328,15.14995],[36.51555,14.45028],[36.54282,14.26205],[36.44639,13.95694],[36.48694,13.83944],[36.42722,13.70222],[36.42056,13.68528],[36.41888,13.68278],[36.4175,13.67722],[36.41055,13.66305],[36.40749,13.65194],[36.40722,13.63833],[36.40749,13.63222],[36.41083,13.62167],[36.41194,13.60944],[36.41111,13.60333],[36.40639,13.58694],[36.3975,13.56778],[36.2486,13.36806],[36.15527,13.02444],[36.16805,12.99583],[36.16972,12.98417],[36.1525,12.97361],[36.14972,12.96972],[36.14278,12.95556],[36.14139,12.95],[36.13694,12.94055],[36.13361,12.92944],[36.13277,12.92333],[36.13805,12.90833],[36.14889,12.89139],[36.15916,12.88083],[36.16333,12.87805],[36.16528,12.87528],[36.14361,12.72416],[36.14269,12.70692],[36.14027,12.70417],[36.1161,12.69389],[36.10777,12.69417],[36.09861,12.69917],[36.09528,12.70278],[36.09194,12.70694],[36.08778,12.71667],[36.08111,12.72361],[36.07555,12.725],[36.06916,12.72444],[36.06333,12.72333],[36.04361,12.71556],[36.03083,12.71444],[36.01888,12.71694],[36.00639,12.72416],[36.00828,12.72517],[34.17431,14.14657],[34.37642,14.43627],[33.85429,14.82366],[35.64639,16.95261]]]},"properties":{"name":"10","status":"OPEN","country":"Sudan","area_sqkm":"82866.7373706184","shore_status":"ONSHORE"}},{"type":"Feature","id":"mps_mapping_block.76b50ddf-5bd6-4cff-80cc-2e3c4269a8c1","geometry":{"type":"Polygon","coordinates":[[[29.86462,17.94005],[31.52704,17.94923],[33.13341,17.95646],[33.14688,16.91893],[31.59733,16.91893],[31.6108,13.92087],[33.07951,13.92087],[32.37045,13.13104],[31.69156,12.32884],[29.8393,12.31003],[29.86462,17.94005]]]},"properties":{"name":"11","status":"OPEN","country":"Sudan","area_sqkm":"150593.742043355","shore_status":"ONSHORE"}},{"type":"Feature","id":"mps_mapping_block.cff87985-43af-4513-b457-5fbeb7822780","geometry":{"type":"Polygon","coordinates":[[[33.13341,17.95646],[35.63395,17.97763],[35.64639,16.95261],[33.07951,13.92087],[31.6108,13.92087],[31.59733,16.91893],[33.14688,16.91893],[33.13341,17.95646]]]},"properties":{"name":"9","status":"OPEN","country":"Sudan","area_sqkm":"128201.610347523","shore_status":"ONSHORE"}},{"type":"Feature","id":"mps_mapping_block.a545a20e-d17f-496c-b6d3-bb3bab92124f","geometry":{"type":"MultiPolygon","coordinates":[]},"properties":{"name":"404 SHOFAR-KETORET","status":"CURRENT","country":"Israel","area_sqkm":"295.52899532045535","shore_status":"BOTH"}},{"type":"Feature","id":"mps_mapping_block.9a02ecaf-5ce4-4220-90a7-262e0b88b12a","geometry":{"type":"Polygon","coordinates":[[[33.68499,27.60011],[33.68499,27.58345],[33.64749,27.58345],[33.64749,27.58761],[33.63499,27.58761],[33.63499,27.60011],[33.68499,27.60011]]]},"properties":{"name":"SOUTH WEST GEBEL ZEIT","status":"CURRENT","country":"Egypt","area_sqkm":"8.548223435842514","shore_status":"OFFSHORE"}},{"type":"Feature","id":"mps_mapping_block.bd434556-c32c-4e99-a1b3-7df87a76f89a","geometry":{"type":"Polygon","coordinates":[[[33.13501,28.81045],[33.13501,28.80013],[33.11834,28.80013],[33.11834,28.78346],[33.10167,28.78346],[33.10167,28.81097],[33.13501,28.81045]]]},"properties":{"name":"EAST TANKA","status":"CURRENT","country":"Egypt","area_sqkm":"6.820972412437715","shore_status":"OFFSHORE"}},{"type":"Feature","id":"mps_mapping_block.cb2f5bb0-1b3a-45cd-b92a-b6729b85cbb4","geometry":{"type":"Polygon","coordinates":[[[33.235,28.35846],[33.235,28.31679],[33.20166,28.31679],[33.20166,28.35846],[33.235,28.35846]]]},"properties":{"name":"NORTH JULY (EL FANAR)","status":"CURRENT","country":"Egypt","area_sqkm":"15.092720418924332","shore_status":"OFFSHORE"}},{"type":"Feature","id":"mps_mapping_block.a64a1848-e8f1-47b1-ad6d-7598ddcf2788","geometry":{"type":"Polygon","coordinates":[[[33.55165,27.78344],[33.55166,27.76678],[33.5945,27.76678],[33.60115,27.76091],[33.60166,27.76003],[33.60166,27.75012],[33.60166,27.70845],[33.59138,27.70012],[33.55166,27.70012],[33.55166,27.71678],[33.54635,27.71678],[33.54212,27.71678],[33.543,27.72184],[33.5461,27.72552],[33.5488,27.7323],[33.54931,27.7362],[33.55124,27.7408],[33.55278,27.74804],[33.5573,27.75241],[33.55974,27.75839],[33.55754,27.76217],[33.55354,27.76274],[33.54915,27.76159],[33.5458,27.7571],[33.54025,27.75262],[33.53498,27.74997],[33.53498,27.78344],[33.55165,27.78344]]]},"properties":{"name":"WEST GULF","status":"CURRENT","country":"Egypt","area_sqkm":"41.09677472945463","shore_status":"BOTH"}},{"type":"Feature","id":"mps_mapping_block.f7171abd-a00b-49d4-820d-2ed6a8dde68b","geometry":{"type":"Polygon","coordinates":[[[33.20172,31.73349],[33.20172,31.50015],[33.15172,31.50015],[33.15172,31.65015],[33.05172,31.65015],[33.05172,31.60016],[33.00172,31.60016],[33.00172,31.55016],[32.90172,31.55016],[32.90172,31.73349],[33.20172,31.73349]]]},"properties":{"name":"NOUR","status":"CURRENT","country":"Egypt","area_sqkm":"473.4396256985782","shore_status":"OFFSHORE"}},{"type":"Feature","id":"mps_mapping_block.5af79788-1d6f-410f-b877-3c4eebd00daf","geometry":{"type":"Polygon","coordinates":[[[33.65165,27.45011],[33.64377,27.45011],[33.64095,27.4524],[33.6318,27.46824],[33.62935,27.47616],[33.62923,27.47642],[33.6229,27.49155],[33.62148,27.49373],[33.62547,27.49499],[33.61832,27.49752],[33.61832,27.50011],[33.65166,27.50011],[33.65165,27.45011]]]},"properties":{"name":"EAST ESH MALLAHA","status":"CURRENT","country":"Egypt","area_sqkm":"11.880781929155548","shore_status":"BOTH"}},{"type":"Feature","id":"mps_mapping_block.5fdb8239-949a-41af-8bde-a6ce49c549f1","geometry":{"type":"Polygon","coordinates":[[[33.22637,28.74747],[33.27312,28.7238],[33.24329,28.68494],[33.19871,28.71153],[33.22637,28.74747]]]},"properties":{"name":"B1 LEASE 4 (FEIRAN)","status":"CURRENT","country":"Egypt","area_sqkm":"26.31428343045044","shore_status":"BOTH"}},{"type":"Feature","id":"mps_mapping_block.1aeb58d8-06e6-465e-92d8-e6341a309148","geometry":{"type":"Polygon","coordinates":[[[33.53333,27.83333],[33.54541,27.83333],[33.55,27.82636],[33.55,27.81667],[33.53333,27.81667],[33.53333,27.83333]]]},"properties":{"name":"WIN EAST","status":"CURRENT","country":"Egypt","area_sqkm":"2.857418621224165","shore_status":"BOTH"}},{"type":"Feature","id":"mps_mapping_block.07e22160-7973-493f-8755-0a888c64576c","geometry":{"type":"Polygon","coordinates":[[[33.22882,28.17953],[33.18457,28.15089],[33.15123,28.19309],[33.19005,28.21464],[33.19321,28.213],[33.19927,28.20883],[33.2075,28.19994],[33.21571,28.18978],[33.22512,28.18351],[33.22882,28.17953]]]},"properties":{"name":"KHEIR","status":"CURRENT","country":"Egypt","area_sqkm":"27.55785117159295","shore_status":"BOTH"}},{"type":"Feature","id":"mps_mapping_block.66d6f2c2-8ca1-47f4-b446-2e3028d333bc","geometry":{"type":"Polygon","coordinates":[[[33.44597,28.28425],[33.44551,28.26388],[33.3946,28.26478],[33.39562,28.30989],[33.39663,28.35497],[33.44758,28.35406],[33.44655,28.30899],[33.49748,28.30807],[33.49733,28.30166],[33.44597,28.28425]]]},"properties":{"name":"RAS EL WAAR (SB 296)","status":"CURRENT","country":"Egypt","area_sqkm":"58.57079499374626","shore_status":"OFFSHORE"}},{"type":"Feature","id":"mps_mapping_block.18673030-befc-419e-8e84-3cc390d8ebdc","geometry":{"type":"Polygon","coordinates":[[[32.97583,28.2832],[33.05053,28.30762],[33.11073,28.21551],[33.03607,28.17723],[32.97583,28.2832]]]},"properties":{"name":"KAREEM","status":"CURRENT","country":"Egypt","area_sqkm":"100.97754886597824","shore_status":"ONSHORE"}},{"type":"Feature","id":"mps_mapping_block.20717d5a-80ee-4e8b-b039-b3de67daef18","geometry":{"type":"Polygon","coordinates":[[[33.45,28.28333],[33.44997,28.2856],[33.48333,28.29691],[33.48333,28.26667],[33.46667,28.26667],[33.46667,28.28333],[33.45,28.28333]]]},"properties":{"name":"EAST MORGAN 2","status":"CURRENT","country":"Egypt","area_sqkm":"5.894056404159999","shore_status":"OFFSHORE"}},{"type":"Feature","id":"mps_mapping_block.4ace059e-aa8f-4d68-9498-14652f7d6ba3","geometry":{"type":"Polygon","coordinates":[[[33.58994,27.64151],[33.5862,27.64127],[33.5831,27.65172],[33.57755,27.65298],[33.57639,27.6578],[33.57754,27.66228],[33.5747,27.66791],[33.56941,27.66939],[33.57378,27.68226],[33.57456,27.67652],[33.57844,27.6694],[33.58567,27.65908],[33.58916,27.65471],[33.59187,27.65035],[33.59174,27.6461],[33.58994,27.64151]]]},"properties":{"name":"RAS GEMSA","status":"CURRENT","country":"Egypt","area_sqkm":"2.8857395666511283","shore_status":"BOTH"}},{"type":"Feature","id":"mps_mapping_block.4b464d17-1d91-4cd5-9171-d182a441f467","geometry":{"type":"Polygon","coordinates":[[[33.49542,28.21667],[33.5,28.21667],[33.5,28.18333],[33.49458,28.18333],[33.49542,28.21667]]]},"properties":{"name":"EAST SHUKHEIR M3","status":"CURRENT","country":"Egypt","area_sqkm":"1.8129920171740652","shore_status":"OFFSHORE"}},{"type":"Feature","id":"mps_mapping_block.4e83bd0e-6df6-4ccf-bde1-fe1f1850ca99","geometry":{"type":"Polygon","coordinates":[[[33.56667,27.78333],[33.58333,27.78333],[33.58333,27.7749],[33.58333,27.77281],[33.58333,27.76667],[33.56667,27.76667],[33.56667,27.78333]]]},"properties":{"name":"RANIM WEST","status":"CURRENT","country":"Egypt","area_sqkm":"3.03399731980896","shore_status":"OFFSHORE"}},{"type":"Feature","id":"mps_mapping_block.69ff090b-4bb5-46a0-88d6-a1ad1cb688e6","geometry":{"type":"Polygon","coordinates":[[[33.79445,27.98333],[33.81667,27.98333],[33.81667,27.96667],[33.79417,27.96667],[33.79445,27.98333]]]},"properties":{"name":"NORTH SHADWAN 1","status":"CURRENT","country":"Egypt","area_sqkm":"4.063221570099697","shore_status":"OFFSHORE"}},{"type":"Feature","id":"mps_mapping_block.56f91b40-ed00-4222-9e04-e5182eb6fe5c","geometry":{"type":"Polygon","coordinates":[[[33.69215,27.94365],[33.7429,27.94265],[33.74176,27.89758],[33.69103,27.89858],[33.69215,27.94365]]]},"properties":{"name":"GH(383)","status":"CURRENT","country":"Egypt","area_sqkm":"24.95610329300797","shore_status":"OFFSHORE"}},{"type":"Feature","id":"mps_mapping_block.5a833335-2f0e-4f26-af26-6142dc2c09ec","geometry":{"type":"Polygon","coordinates":[[[33.51667,28.18333],[33.51669,28.17243],[33.49433,28.17284],[33.49458,28.18333],[33.51667,28.18333]]]},"properties":{"name":"EAST SHUKHEIR M2","status":"CURRENT","country":"Egypt","area_sqkm":"2.586147387525968","shore_status":"OFFSHORE"}},{"type":"Feature","id":"mps_mapping_block.5b713918-faf6-4b4b-965b-9f58da4e06c3","geometry":{"type":"Polygon","coordinates":[[[33.21667,28.43333],[33.26667,28.43333],[33.26667,28.35719],[33.24375,28.35757],[33.2436,28.35036],[33.2698,28.31201],[33.25,28.31237],[33.25,28.33333],[33.23333,28.33333],[33.23333,28.35833],[33.2,28.35833],[33.2,28.38333],[33.21667,28.38333],[33.21667,28.43333]]]},"properties":{"name":"ALWASL","status":"CURRENT","country":"Egypt","area_sqkm":"52.225417077268084","shore_status":"OFFSHORE"}},{"type":"Feature","id":"mps_mapping_block.6bb4d022-0eb9-4efd-b284-0f44791fc5cd","geometry":{"type":"Polygon","coordinates":[[[33.23333,28.33333],[33.25,28.33333],[33.25,28.31237],[33.23333,28.31237],[33.23333,28.33333]]]},"properties":{"name":"SOUTH AL WASL","status":"CURRENT","country":"Egypt","area_sqkm":"3.796131317325592","shore_status":"OFFSHORE"}},{"type":"Feature","id":"mps_mapping_block.83c9d68a-8942-43b9-8544-403783535a03","geometry":{"type":"Polygon","coordinates":[[[33.7,27.2],[33.76667,27.2],[33.76667,27.15],[33.71667,27.15],[33.71667,27.16667],[33.7,27.16667],[33.7,27.2]]]},"properties":{"name":"WADI EL SAHL","status":"CURRENT","country":"Egypt","area_sqkm":"33.552992901560785","shore_status":"ONSHORE"}},{"type":"Feature","id":"mps_mapping_block.8658393b-ed99-422f-95cf-43f7e8473063","geometry":{"type":"Polygon","coordinates":[[[33.25417,28.08472],[33.3,28.08472],[33.3,28.01667],[33.35,28.01667],[33.35,28.0],[33.0,28.0],[32.93056,28.0875],[32.95889,28.12111],[32.87917,28.18194],[32.85194,28.15694],[32.71556,28.26667],[32.71556,28.28306],[32.97417,28.28306],[33.03444,28.17694],[33.10889,28.21528],[33.13028,28.18278],[33.14972,28.19278],[33.18278,28.15083],[33.16528,28.14],[33.22389,28.06583],[33.25417,28.08472]]]},"properties":{"name":"WEST KHIER UP","status":"CURRENT","country":"Egypt","area_sqkm":"867.2640449554987","shore_status":"ONSHORE"}},{"type":"Feature","id":"mps_mapping_block.c352ba5f-4bb9-481c-a70e-5980e3ff4820","geometry":{"type":"Polygon","coordinates":[[[33.5,27.88333],[33.51239,27.88333],[33.51667,27.87686],[33.51667,27.86667],[33.5,27.86667],[33.5,27.88333]]]},"properties":{"name":"GAZWARINA EAST","status":"CURRENT","country":"Egypt","area_sqkm":"2.880096349576473","shore_status":"ONSHORE"}},{"type":"Feature","id":"mps_mapping_block.dcca4767-9605-46e5-a4a2-8038c6b9f039","geometry":{"type":"MultiPolygon","coordinates":[]},"properties":{"name":"SOUTH LAGIA","status":"CURRENT","country":"Egypt","area_sqkm":"953.7756707631372","shore_status":"BOTH"}},{"type":"Feature","id":"mps_mapping_block.ecb7ddff-70db-4478-b84e-17c58e4b34c4","geometry":{"type":"Polygon","coordinates":[[[33.12019,28.301],[33.11953,28.29531],[33.12262,28.29093],[33.12442,28.28977],[33.1319,28.2833],[33.14096,28.27968],[33.14783,28.27861],[33.14819,28.27527],[33.15192,28.27135],[33.15475,28.26812],[33.15368,28.26411],[33.1552,28.25881],[33.15957,28.25339],[33.15798,28.24926],[33.15834,28.24605],[33.16438,28.23855],[33.17032,28.23495],[33.17702,28.22847],[33.18175,28.22018],[33.18638,28.21555],[33.18838,28.21452],[33.16079,28.1992],[33.12463,28.25461],[33.09378,28.23881],[33.05377,28.3],[33.07251,28.3],[33.07412,28.29819],[33.08154,28.30278],[33.10961,28.32012],[33.11163,28.31465],[33.11577,28.31026],[33.12064,28.30507],[33.12023,28.30128],[33.12019,28.30102],[33.12019,28.301]]]},"properties":{"name":"E.UMM EL YUSR","status":"CURRENT","country":"Egypt","area_sqkm":"61.31865577545018","shore_status":"BOTH"}},{"type":"Feature","id":"mps_mapping_block.4f13aa06-db6c-47dc-be75-2391da9e36e6","geometry":{"type":"Polygon","coordinates":[[[34.82748,32.34369],[34.86306,32.47055],[34.87658,32.52335],[34.92276,32.70303],[34.92031,32.70307],[34.90965,32.70323],[34.89898,32.7034],[34.88832,32.70356],[34.87766,32.70372],[34.86699,32.70387],[34.85633,32.70403],[34.84566,32.70419],[34.835,32.70435],[34.82434,32.7045],[34.81368,32.70466],[34.81349,32.69564],[34.81331,32.68662],[34.81313,32.67761],[34.81295,32.66859],[34.81276,32.65958],[34.81258,32.65056],[34.8124,32.64154],[34.81222,32.63253],[34.81204,32.62351],[34.81186,32.61449],[34.81167,32.60548],[34.81149,32.59646],[34.81131,32.58744],[34.81113,32.57843],[34.81095,32.56941],[34.81076,32.56039],[34.81059,32.55138],[34.8104,32.54236],[34.81022,32.53334],[34.81004,32.52433],[34.80986,32.51531],[34.80968,32.50629],[34.8095,32.49728],[34.80932,32.48826],[34.80914,32.47924],[34.80896,32.47023],[34.80878,32.46121],[34.8086,32.45219],[34.80842,32.44318],[34.80824,32.43416],[34.80806,32.42514],[34.80788,32.41613],[34.8077,32.40711],[34.80752,32.39809],[34.80734,32.38908],[34.80716,32.38006],[34.80698,32.37104],[34.8068,32.36203],[34.80662,32.35301],[34.80644,32.34399],[34.81706,32.34384],[34.82748,32.34369]]]},"properties":{"name":"BLOCK 44","status":"OPEN","country":"Israel","area_sqkm":"248.043918372953","shore_status":"OFFSHORE"}},{"type":"Feature","id":"mps_mapping_block.02ecce90-525e-4461-aeaf-8f6ecbd06a71","geometry":{"type":"Polygon","coordinates":[[[33.415,27.95],[33.43333,27.95],[33.43333,27.93333],[33.45,27.93333],[33.45,27.91667],[33.46667,27.91667],[33.46667,27.9],[33.415,27.9],[33.415,27.95]]]},"properties":{"name":"MATR","status":"CURRENT","country":"Egypt","area_sqkm":"19.08898518236351","shore_status":"ONSHORE"}},{"type":"Feature","id":"mps_mapping_block.19a5675d-ab94-4089-bd19-d02c7efa9840","geometry":{"type":"Polygon","coordinates":[[[33.53557,33.05512],[33.5356,33.0594],[33.53565,33.06842],[33.3214,33.06916],[33.32131,33.04582],[33.32128,33.03768],[33.32126,33.03308],[33.32123,33.02406],[33.3212,33.01504],[33.32117,33.00602],[33.32113,32.997],[33.3211,32.98798],[33.32107,32.97896],[33.32103,32.96994],[33.321,32.96092],[33.32097,32.9519],[33.32094,32.94288],[33.3209,32.93386],[33.32087,32.92484],[33.32084,32.91582],[33.32081,32.9068],[33.32077,32.89777],[33.33147,32.89775],[33.34216,32.89772],[33.35285,32.89769],[33.36354,32.89766],[33.37424,32.89763],[33.38493,32.89759],[33.39562,32.89756],[33.40631,32.89753],[33.417,32.89749],[33.4277,32.89745],[33.43839,32.89742],[33.44908,32.89738],[33.45977,32.89734],[33.47047,32.8973],[33.48116,32.89726],[33.49185,32.89722],[33.50254,32.89718],[33.51323,32.89713],[33.52393,32.89709],[33.53462,32.89704],[33.53457,32.88802],[33.53451,32.879],[33.53445,32.86998],[33.5344,32.86096],[33.5344,32.86071],[33.53621,32.865],[33.5846,32.90851],[33.57991,32.91331],[33.54905,32.9211],[33.5177,32.94932],[33.52247,33.01775],[33.5354,33.027],[33.54057,33.0307],[33.53545,33.03526],[33.52438,33.04513],[33.53557,33.05512]]]},"properties":{"name":"BLOCK 18","status":"OPEN","country":"Israel","area_sqkm":"384.114368738023","shore_status":"OFFSHORE"}},{"type":"Feature","id":"mps_mapping_block.04d1ca13-33a5-4cd5-9cef-c289d1c016bb","geometry":{"type":"Polygon","coordinates":[[[33.49329,28.12777],[33.44243,28.12865],[33.44346,28.17372],[33.39259,28.17462],[33.3946,28.26478],[33.44551,28.26388],[33.44449,28.21884],[33.49538,28.21794],[33.49433,28.17284],[33.49329,28.12777]]]},"properties":{"name":"EL MORGAN (GS 314, 324, 325, 335)","status":"CURRENT","country":"Egypt","area_sqkm":"99.88216356085682","shore_status":"OFFSHORE"}},{"type":"Feature","id":"mps_mapping_block.261470b7-aa2c-4144-a207-f570a6a20beb","geometry":{"type":"Polygon","coordinates":[[[32.98226,28.41655],[33.0346,28.4489],[33.12796,28.33055],[33.07573,28.29828],[32.98226,28.41655]]]},"properties":{"name":"GHARIB","status":"CURRENT","country":"Egypt","area_sqkm":"99.9785706287117","shore_status":"BOTH"}},{"type":"Feature","id":"mps_mapping_block.09e236c5-1333-40a5-bf48-10b9ae04da2d","geometry":{"type":"Polygon","coordinates":[[[33.29374,28.31164],[33.34468,28.31078],[33.34374,28.26568],[33.29278,28.26656],[33.29374,28.31164]]]},"properties":{"name":"RAMADAN (GS303)","status":"CURRENT","country":"Egypt","area_sqkm":"24.983229013186335","shore_status":"OFFSHORE"}},{"type":"Feature","id":"mps_mapping_block.00c103b5-8dc5-4f71-8278-ecc37ae9c449","geometry":{"type":"Polygon","coordinates":[[[33.29666,28.44688],[33.29568,28.4018],[33.27019,28.40223],[33.27116,28.44731],[33.29666,28.44688]]]},"properties":{"name":"SB276","status":"CURRENT","country":"Egypt","area_sqkm":"12.485280438602567","shore_status":"OFFSHORE"}},{"type":"Feature","id":"mps_mapping_block.08663eee-c1d3-4541-8751-b5480bbc843d","geometry":{"type":"Polygon","coordinates":[[[33.43506,31.90015],[33.43505,31.50015],[33.20172,31.50015],[33.20172,31.73349],[32.90172,31.73349],[32.90172,31.80016],[33.00172,31.80016],[33.00172,31.85016],[33.05172,31.85016],[33.05172,31.95016],[33.10173,31.95016],[33.10173,31.93349],[33.16839,31.93349],[33.16839,31.98349],[33.20173,31.98349],[33.20173,31.80015],[33.35173,31.80015],[33.35173,31.85015],[33.40173,31.85015],[33.40173,31.90015],[33.43506,31.90015]]]},"properties":{"name":"NARGIS OFFSHORE","status":"CURRENT","country":"Egypt","area_sqkm":"1269.6120809890635","shore_status":"OFFSHORE"}},{"type":"Feature","id":"mps_mapping_block.1068103d-89e1-476a-8b37-67c21d88fcdb","geometry":{"type":"MultiPolygon","coordinates":[]},"properties":{"name":"NORTH EAST EL-ARISH","status":"CURRENT","country":"Egypt","area_sqkm":"1762.113120655608","shore_status":"OFFSHORE"}},{"type":"Feature","id":"mps_mapping_block.126a0373-09f3-4e93-bffe-9df0ac01b123","geometry":{"type":"Polygon","coordinates":[[[33.68991,27.85349],[33.74062,27.85247],[33.73949,27.80745],[33.73129,27.80761],[33.68991,27.85349]]]},"properties":{"name":"HILAL GH(404)","status":"CURRENT","country":"Egypt","area_sqkm":"14.485413840193331","shore_status":"OFFSHORE"}},{"type":"Feature","id":"mps_mapping_block.13083835-a1b2-4c8d-aabe-0a6d148c9f86","geometry":{"type":"Polygon","coordinates":[[[32.88874,28.53457],[32.94112,28.56696],[33.03459,28.4489],[32.98226,28.41655],[32.88874,28.53457]]]},"properties":{"name":"BAKR","status":"CURRENT","country":"Egypt","area_sqkm":"99.89853172515488","shore_status":"BOTH"}},{"type":"Feature","id":"mps_mapping_block.22147825-5d87-4dc4-aa91-679d6f6be142","geometry":{"type":"Polygon","coordinates":[[[33.1007,28.85592],[33.0998,28.81084],[33.0486,28.8116],[33.04949,28.85669],[33.1007,28.85592]]]},"properties":{"name":"S. OCTOBER (GS 195)","status":"CURRENT","country":"Egypt","area_sqkm":"24.978892649847925","shore_status":"OFFSHORE"}},{"type":"Feature","id":"mps_mapping_block.23fe2055-b0bf-49f0-a930-823ade5a999f","geometry":{"type":"Polygon","coordinates":[[[33.26834,29.00013],[33.26834,28.8668],[33.26278,28.85624],[33.24889,28.86457],[33.24223,28.86874],[33.1939,28.89819],[33.18584,28.90319],[33.18195,28.90672],[33.18211,28.90696],[33.18281,28.90808],[33.18355,28.90944],[33.1839,28.91061],[33.18556,28.91242],[33.18632,28.91404],[33.18676,28.91521],[33.18677,28.91636],[33.18715,28.91694],[33.18788,28.91787],[33.18861,28.91912],[33.18887,28.91987],[33.18849,28.92077],[33.18827,28.92345],[33.18802,28.92521],[33.18749,28.92669],[33.18663,28.92828],[33.18587,28.92907],[33.18527,28.93024],[33.1847,28.93147],[33.18289,28.93298],[33.1825,28.93349],[33.17786,28.93955],[33.17583,28.94145],[33.17379,28.9421],[33.17287,28.9419],[33.17201,28.9419],[33.17176,28.94308],[33.17145,28.94422],[33.17097,28.9445],[33.17056,28.94495],[33.17101,28.94609],[33.17098,28.94838],[33.17098,28.94967],[33.17067,28.95059],[33.17054,28.95154],[33.17079,28.9526],[33.1709,28.95456],[33.17106,28.95608],[33.17122,28.9576],[33.17166,28.95827],[33.17224,28.95911],[33.17262,28.96059],[33.17357,28.96206],[33.17371,28.96366],[33.17396,28.96461],[33.17317,28.9648],[33.17326,28.9655],[33.17304,28.96659],[33.17295,28.96802],[33.17203,28.96958],[33.17134,28.97148],[33.17162,28.97249],[33.17239,28.97335],[33.17337,28.97399],[33.17448,28.97474],[33.17563,28.9767],[33.17828,28.98136],[33.1807,28.98783],[33.18121,28.99113],[33.18182,28.99261],[33.18195,28.9959],[33.18193,28.99766],[33.18145,29.00013],[33.26834,29.00013]]]},"properties":{"name":"NORTH SIDRI","status":"CURRENT","country":"Egypt","area_sqkm":"115.72055971948878","shore_status":"BOTH"}},{"type":"Feature","id":"mps_mapping_block.2f57c03b-db35-4b43-8720-711e04bd3206","geometry":{"type":"Polygon","coordinates":[[[33.49329,28.12777],[33.49433,28.17284],[33.54519,28.17191],[33.54413,28.12684],[33.49329,28.12777]]]},"properties":{"name":"NESSIM (GS 336)","status":"CURRENT","country":"Egypt","area_sqkm":"24.960838161097943","shore_status":"OFFSHORE"}},{"type":"Feature","id":"mps_mapping_block.1bc252fc-c9bc-4ce5-bf45-a7d011416199","geometry":{"type":"MultiPolygon","coordinates":[]},"properties":{"name":"WEST GEBEL EL ZEIT","status":"CURRENT","country":"Egypt","area_sqkm":"153.45186235296842","shore_status":"BOTH"}},{"type":"Feature","id":"mps_mapping_block.1d1f7c7d-5469-4b26-81c1-b13c17519b8a","geometry":{"type":"Polygon","coordinates":[[[33.38333,27.98333],[33.4,27.98333],[33.4,27.96667],[33.415,27.96667],[33.415,27.93333],[33.38333,27.93333],[33.38333,27.98333]]]},"properties":{"name":"GEYAD","status":"CURRENT","country":"Egypt","area_sqkm":"14.542084641087532","shore_status":"ONSHORE"}},{"type":"Feature","id":"mps_mapping_block.27f540e9-2c91-4911-ac9a-098511478d95","geometry":{"type":"MultiPolygon","coordinates":[]},"properties":{"name":"NORTH EAST RAMADAN","status":"CURRENT","country":"Egypt","area_sqkm":"121.3442641222503","shore_status":"BOTH"}},{"type":"Feature","id":"mps_mapping_block.2af3f9aa-ca10-4205-844b-99cac3e81ef8","geometry":{"type":"Polygon","coordinates":[[[33.43505,31.50015],[33.43505,31.16559],[33.42925,31.16847],[33.42381,31.17195],[33.42221,31.17296],[33.4181,31.17555],[33.41371,31.17753],[33.40637,31.17736],[33.40104,31.17912],[33.39761,31.18281],[33.38937,31.18735],[33.37604,31.1902],[33.36792,31.19301],[33.34608,31.1997],[33.33902,31.20113],[33.32769,31.20373],[33.31222,31.20727],[33.29635,31.20944],[33.28835,31.21156],[33.28448,31.21285],[33.28062,31.21413],[33.27262,31.21521],[33.27009,31.21536],[33.26995,31.21537],[33.26608,31.2156],[33.26156,31.21548],[33.26194,31.21586],[33.26116,31.21896],[33.25262,31.22004],[33.23141,31.2243],[33.21781,31.22748],[33.21527,31.22738],[33.21086,31.22764],[33.19444,31.22979],[33.18216,31.2317],[33.17175,31.23187],[33.15666,31.2339],[33.15105,31.2335],[33.14182,31.23283],[33.13354,31.23276],[33.11911,31.23295],[33.10721,31.23232],[33.09147,31.23199],[33.09113,31.23198],[33.08944,31.23195],[33.08897,31.23178],[33.07744,31.2277],[33.07538,31.22696],[33.06424,31.22059],[33.057,31.21557],[33.04694,31.20977],[33.0383,31.20524],[33.0338,31.20288],[33.0326,31.20225],[33.01933,31.19508],[33.01022,31.18904],[33.00032,31.1847],[32.99388,31.18187],[32.98344,31.17721],[32.97366,31.17231],[32.96336,31.16765],[32.95409,31.16442],[32.94496,31.16068],[32.94132,31.15711],[32.94127,31.15705],[32.93269,31.1512],[32.92587,31.14892],[32.922,31.14726],[32.9192,31.14945],[32.91737,31.14917],[32.91587,31.14848],[32.90171,31.13814],[32.90172,31.55016],[33.00172,31.55016],[33.00172,31.60016],[33.05172,31.60016],[33.05172,31.65015],[33.15172,31.65015],[33.15172,31.50015],[33.43505,31.50015]]]},"properties":{"name":"SOUTH NOUR","status":"CURRENT","country":"Egypt","area_sqkm":"1936.6713755997366","shore_status":"BOTH"}},{"type":"Feature","id":"mps_mapping_block.300d2ffb-459a-4ec7-a630-6379349a32c3","geometry":{"type":"Polygon","coordinates":[[[33.15142,28.1932],[33.13183,28.18317],[33.09542,28.23893],[33.12629,28.25473],[33.16244,28.19931],[33.15142,28.1932]]]},"properties":{"name":"UMM EL YUSR","status":"CURRENT","country":"Egypt","area_sqkm":"24.94583349805832","shore_status":"ONSHORE"}},{"type":"Feature","id":"mps_mapping_block.34b8c485-d82d-4611-b58e-f04d2da6d8c6","geometry":{"type":"Polygon","coordinates":[[[33.80166,27.95012],[33.83499,27.95012],[33.83499,27.91678],[33.81833,27.91678],[33.81833,27.93345],[33.80166,27.93345],[33.80166,27.95012]]]},"properties":{"name":"NORTH SHADWAN 2","status":"CURRENT","country":"Egypt","area_sqkm":"9.088569335802077","shore_status":"OFFSHORE"}},{"type":"Feature","id":"mps_mapping_block.3811897e-36e5-4437-b713-0cb139770e17","geometry":{"type":"Polygon","coordinates":[[[33.54626,28.21698],[33.59715,28.21602],[33.59606,28.17095],[33.54519,28.17191],[33.54626,28.21698]]]},"properties":{"name":"GS327","status":"CURRENT","country":"Egypt","area_sqkm":"24.962382522837757","shore_status":"OFFSHORE"}},{"type":"Feature","id":"mps_mapping_block.4abc7c0d-09bc-418a-8803-e5b38a9f06d5","geometry":{"type":"Polygon","coordinates":[[[33.64659,27.97591],[33.66609,27.94427],[33.64305,27.94472],[33.64393,27.98026],[33.63806,27.9899],[33.6731,27.98926],[33.64659,27.97591]]]},"properties":{"name":"SB 374","status":"CURRENT","country":"Egypt","area_sqkm":"7.1076094362689854","shore_status":"OFFSHORE"}},{"type":"Feature","id":"mps_mapping_block.4d00fcfe-d66e-4194-bc32-48424f6d2b26","geometry":{"type":"Polygon","coordinates":[[[33.45,27.9],[33.45,27.86667],[33.41667,27.86667],[33.41667,27.88333],[33.38333,27.88333],[33.38333,27.9],[33.38333,27.91667],[33.4,27.91667],[33.4,27.93333],[33.415,27.93333],[33.415,27.9],[33.45,27.9]]]},"properties":{"name":"AL AMIR","status":"CURRENT","country":"Egypt","area_sqkm":"26.67168595485878","shore_status":"ONSHORE"}},{"type":"Feature","id":"mps_mapping_block.5215b916-696e-49ea-b16c-8150b9b51e00","geometry":{"type":"Polygon","coordinates":[[[33.46667,27.9],[33.46667,27.88333],[33.48333,27.88333],[33.48333,27.85],[33.48339,27.8388],[33.4815,27.83866],[33.47734,27.83326],[33.46662,27.83333],[33.46662,27.85],[33.45,27.85],[33.45,27.9],[33.46667,27.9]]]},"properties":{"name":"LORCAN","status":"CURRENT","country":"Egypt","area_sqkm":"17.979271379759357","shore_status":"BOTH"}},{"type":"Feature","id":"mps_mapping_block.558a7e06-e767-4e73-b261-b1c0ef95737e","geometry":{"type":"Polygon","coordinates":[[[33.15929,28.91783],[33.21103,28.88706],[33.16916,28.83252],[33.11742,28.86328],[33.15929,28.91783]]]},"properties":{"name":"ABU RUDIES 10","status":"CURRENT","country":"Egypt","area_sqkm":"44.440081036348346","shore_status":"BOTH"}},{"type":"Feature","id":"mps_mapping_block.564df31f-ac09-4c96-829c-60538b521266","geometry":{"type":"Polygon","coordinates":[[[34.04095,31.55014],[34.22008,31.32353],[34.20474,31.3137],[34.19629,31.30681],[34.19094,31.30348],[34.17801,31.29485],[34.13735,31.26917],[34.1069,31.2527],[34.08269,31.24132],[34.05985,31.22979],[34.04342,31.22113],[34.03514,31.21778],[34.02906,31.21534],[34.02519,31.21313],[34.00969,31.20738],[34.0017,31.20417],[34.00137,31.20331],[33.98315,31.19666],[33.97806,31.19631],[33.9752,31.19734],[33.95604,31.18941],[33.94225,31.1846],[33.91867,31.17553],[33.90333,31.1714],[33.8834,31.16454],[33.87556,31.16252],[33.83469,31.15271],[33.83293,31.15367],[33.83276,31.15182],[33.8308,31.15125],[33.83011,31.15198],[33.8314,31.1555],[33.82968,31.15466],[33.8281,31.15209],[33.79321,31.14224],[33.78462,31.1398],[33.77816,31.13744],[33.75899,31.13341],[33.74397,31.12969],[33.73602,31.12843],[33.71996,31.12504],[33.68992,31.12081],[33.65224,31.11714],[33.60921,31.11441],[33.58724,31.11379],[33.56438,31.11541],[33.52477,31.11826],[33.50751,31.12263],[33.50434,31.1225],[33.49733,31.12271],[33.4962,31.12267],[33.49154,31.12368],[33.49052,31.12402],[33.4895,31.12473],[33.48853,31.1251],[33.48748,31.12522],[33.4867,31.12601],[33.48498,31.12718],[33.48392,31.12676],[33.48167,31.12713],[33.48073,31.12786],[33.48037,31.12877],[33.47967,31.12945],[33.47482,31.13044],[33.47181,31.13886],[33.47132,31.13967],[33.47076,31.13925],[33.46855,31.14134],[33.46725,31.14314],[33.46586,31.14351],[33.46392,31.14463],[33.46362,31.14569],[33.46122,31.14801],[33.46025,31.14854],[33.45816,31.15009],[33.45208,31.15385],[33.44794,31.1563],[33.44141,31.15953],[33.43502,31.16192],[33.43505,31.60015],[33.85173,31.60014],[33.85173,31.55014],[34.04095,31.55014]]]},"properties":{"name":"NORTH RAFAH","status":"CURRENT","country":"Egypt","area_sqkm":"2978.016138205623","shore_status":"BOTH"}},{"type":"Feature","id":"mps_mapping_block.570fab9b-39e7-451a-95ed-625f45dbd834","geometry":{"type":"Polygon","coordinates":[[[33.89389,27.89444],[33.89167,27.80444],[33.84083,27.80528],[33.84333,27.89556],[33.89389,27.89444]]]},"properties":{"name":"SHOAB ALI","status":"CURRENT","country":"Egypt","area_sqkm":"49.90408422184324","shore_status":"OFFSHORE"}},{"type":"Feature","id":"mps_mapping_block.576b4871-1ce7-47f6-bfe5-309501bd1569","geometry":{"type":"Polygon","coordinates":[[[33.63499,27.60011],[33.63499,27.63345],[33.66832,27.63345],[33.66832,27.60011],[33.63499,27.60011]]]},"properties":{"name":"E. GEMSA","status":"CURRENT","country":"Egypt","area_sqkm":"12.153587717056274","shore_status":"OFFSHORE"}},{"type":"Feature","id":"mps_mapping_block.59e120bc-bed5-4485-9ef2-b926fd0d2002","geometry":{"type":"Polygon","coordinates":[[[32.94112,28.56696],[32.98888,28.59652],[33.04094,28.50013],[33.06181,28.46569],[33.03461,28.4489],[32.94112,28.56696]]]},"properties":{"name":"AMER","status":"CURRENT","country":"Egypt","area_sqkm":"70.31868653182697","shore_status":"BOTH"}},{"type":"Feature","id":"mps_mapping_block.5f8f4d5b-a16a-4a2f-9c2b-4ae12ba11b79","geometry":{"type":"Polygon","coordinates":[[[33.64659,27.97591],[33.7475,28.01845],[33.76027,27.97851],[33.67051,27.93611],[33.64659,27.97591]]]},"properties":{"name":"GHARA 16","status":"CURRENT","country":"Egypt","area_sqkm":"49.945997092773915","shore_status":"OFFSHORE"}},{"type":"Feature","id":"mps_mapping_block.60684442-6391-468c-a36e-752cbb09b10f","geometry":{"type":"Polygon","coordinates":[[[33.60692,27.49934],[33.61465,27.49751],[33.618,27.49763],[33.62547,27.49499],[33.62148,27.49373],[33.6229,27.49155],[33.62923,27.47642],[33.62935,27.47616],[33.6318,27.46824],[33.64095,27.4524],[33.64376,27.45011],[33.60165,27.45011],[33.60165,27.50011],[33.60603,27.50011],[33.60692,27.49934]]]},"properties":{"name":"NEW LAW (ESH EL MALLAHA)","status":"CURRENT","country":"Egypt","area_sqkm":"15.251672075390458","shore_status":"ONSHORE"}},{"type":"Feature","id":"mps_mapping_block.607e62ad-9950-47e0-b8cb-04459d4bba5b","geometry":{"type":"Polygon","coordinates":[[[33.63647,27.98982],[33.59388,27.98978],[33.5928,28.03574],[33.6436,28.03477],[33.64339,28.02616],[33.62097,28.0156],[33.63647,27.98982]]]},"properties":{"name":"SIDKI (GS 365)","status":"CURRENT","country":"Egypt","area_sqkm":"19.392293034843608","shore_status":"OFFSHORE"}},{"type":"Feature","id":"mps_mapping_block.63c93eab-9ecc-4ecb-8c13-d79de62d3326","geometry":{"type":"Polygon","coordinates":[[[33.16667,28.75],[33.21667,28.75],[33.21667,28.73694],[33.19704,28.7114],[33.20548,28.70635],[33.20543,28.70586],[33.20548,28.70501],[33.20554,28.70391],[33.20559,28.70286],[33.20566,28.70167],[33.20571,28.70077],[33.20558,28.7],[33.16667,28.7],[33.16667,28.75]]]},"properties":{"name":"NEFERTITI","status":"CURRENT","country":"Egypt","area_sqkm":"22.749053389018894","shore_status":"BOTH"}},{"type":"Feature","id":"mps_mapping_block.79c2fea4-acde-425e-9b49-3235fcdfdeb0","geometry":{"type":"Polygon","coordinates":[[[33.235,28.82013],[33.235,28.75041],[33.22834,28.75041],[33.21834,28.75013],[33.15167,28.75013],[33.15334,28.84152],[33.22084,28.80152],[33.235,28.82013]]]},"properties":{"name":"NORTH FEIRAN","status":"CURRENT","country":"Egypt","area_sqkm":"62.24259257578087","shore_status":"BOTH"}},{"type":"Feature","id":"mps_mapping_block.7bcf2b29-b6b1-4d67-8c6e-fd63598a2470","geometry":{"type":"Polygon","coordinates":[[[33.45,27.85],[33.46667,27.85],[33.46667,27.83333],[33.47734,27.83326],[33.47725,27.83314],[33.47506,27.82751],[33.47163,27.82063],[33.46962,27.81668],[33.45,27.81667],[33.45,27.85]]]},"properties":{"name":"SOUTH WADI DARA","status":"CURRENT","country":"Egypt","area_sqkm":"7.337988614304733","shore_status":"BOTH"}},{"type":"Feature","id":"mps_mapping_block.89d3373f-2a9d-45e6-b5a5-e210d0cf7324","geometry":{"type":"Polygon","coordinates":[[[33.6447,28.07984],[33.6436,28.03477],[33.5928,28.03574],[33.59388,28.08081],[33.6447,28.07984]]]},"properties":{"name":"WALI (GS 356)","status":"CURRENT","country":"Egypt","area_sqkm":"24.958442000483036","shore_status":"OFFSHORE"}},{"type":"Feature","id":"mps_mapping_block.8401c38f-c2c1-40ac-8f72-c92679ae810b","geometry":{"type":"Polygon","coordinates":[[[33.63647,27.98982],[33.64227,27.98019],[33.6414,27.94463],[33.66361,27.94463],[33.69103,27.89858],[33.64435,27.89945],[33.63333,27.91804],[33.60412,27.90025],[33.58957,27.90056],[33.59065,27.94559],[33.59172,27.99067],[33.63647,27.98982]]]},"properties":{"name":"SIDKI (GS 373, 381, 382)","status":"CURRENT","country":"Egypt","area_sqkm":"63.64503650935865","shore_status":"OFFSHORE"}},{"type":"Feature","id":"mps_mapping_block.8f56d1f3-733a-4e39-bd88-76a5c416fcc3","geometry":{"type":"Polygon","coordinates":[[[33.1007,28.85592],[33.12357,28.85556],[33.15163,28.84182],[33.15098,28.81003],[33.0998,28.81084],[33.1007,28.85592]]]},"properties":{"name":"S. OCTOBER (GS 196 2A)","status":"CURRENT","country":"Egypt","area_sqkm":"22.934616805557727","shore_status":"OFFSHORE"}},{"type":"Feature","id":"mps_mapping_block.938ee8ac-2bdf-44b6-b493-2a485e514aad","geometry":{"type":"Polygon","coordinates":[[[33.49471,27.60425],[33.49471,27.60012],[33.42638,27.60012],[33.27527,27.78345],[33.14805,27.78346],[33.00166,28.00013],[33.30166,28.00012],[33.30166,27.93345],[33.35166,27.93345],[33.35166,27.90012],[33.38499,27.90012],[33.38499,27.88345],[33.41833,27.88345],[33.41833,27.85012],[33.45166,27.85012],[33.45166,27.81679],[33.47132,27.81679],[33.47066,27.81417],[33.46977,27.80903],[33.4702,27.80776],[33.47115,27.807],[33.47172,27.80693],[33.47245,27.80503],[33.47371,27.80374],[33.47442,27.80367],[33.47575,27.80256],[33.47671,27.80231],[33.47752,27.80132],[33.47797,27.80126],[33.47903,27.79992],[33.48166,27.79907],[33.48358,27.7987],[33.48365,27.79871],[33.48746,27.79931],[33.48798,27.79948],[33.48803,27.79946],[33.48912,27.79905],[33.48886,27.79872],[33.48909,27.79756],[33.48934,27.79716],[33.49005,27.79463],[33.49057,27.79462],[33.49068,27.79387],[33.49219,27.79213],[33.49245,27.79212],[33.49294,27.79108],[33.49594,27.79],[33.4969,27.78958],[33.49713,27.78866],[33.49735,27.78688],[33.49792,27.78653],[33.49817,27.78595],[33.4988,27.78531],[33.4989,27.78445],[33.50061,27.78327],[33.50079,27.78269],[33.50144,27.78262],[33.50116,27.78171],[33.50159,27.78079],[33.50159,27.78079],[33.50151,27.78079],[33.5014,27.78079],[33.50155,27.77884],[33.50154,27.77609],[33.50154,27.77586],[33.5015,27.77594],[33.50135,27.77621],[33.50151,27.77466],[33.50154,27.77312],[33.50166,27.77244],[33.50163,27.77204],[33.50166,27.77062],[33.50166,27.76992],[33.50165,27.72893],[33.50165,27.72883],[33.50165,27.71679],[33.50166,27.71679],[33.50168,27.70012],[33.50126,27.68417],[33.50057,27.65844],[33.50048,27.65729],[33.49956,27.65662],[33.49911,27.65623],[33.49884,27.65572],[33.49896,27.65543],[33.49925,27.65468],[33.49892,27.65409],[33.49891,27.65285],[33.49831,27.65256],[33.49828,27.65108],[33.49806,27.64953],[33.49853,27.64874],[33.49806,27.64857],[33.49764,27.64722],[33.4971,27.64712],[33.49699,27.64711],[33.49624,27.64775],[33.49658,27.64883],[33.49744,27.64968],[33.49692,27.6498],[33.49598,27.65079],[33.49515,27.65118],[33.49509,27.65121],[33.49456,27.65098],[33.49379,27.65066],[33.49364,27.64923],[33.49341,27.6477],[33.49445,27.64853],[33.49553,27.64799],[33.49464,27.64589],[33.49461,27.6451],[33.49455,27.644],[33.49501,27.64269],[33.49514,27.64233],[33.49471,27.6422],[33.49471,27.60425]]]},"properties":{"name":"WADI DIB","status":"CURRENT","country":"Egypt","area_sqkm":"1030.2141324546365","shore_status":"BOTH"}},{"type":"Feature","id":"mps_mapping_block.9947aa40-6a68-45d7-800e-ce5669408622","geometry":{"type":"Polygon","coordinates":[[[33.59497,28.12588],[33.59606,28.17095],[33.64018,28.17011],[33.64187,28.16918],[33.6428,28.16946],[33.64454,28.16914],[33.64558,28.16949],[33.64692,28.16893],[33.64473,28.07985],[33.59388,28.08081],[33.59497,28.12588]]]},"properties":{"name":"YOUNIS (GS 347&338)","status":"CURRENT","country":"Egypt","area_sqkm":"49.892326778276264","shore_status":"BOTH"}},{"type":"Feature","id":"mps_mapping_block.9990c009-7de4-4b23-b762-6673a492a4d5","geometry":{"type":"Polygon","coordinates":[[[33.7475,28.01845],[33.82608,28.06076],[33.84994,28.02092],[33.76027,27.97851],[33.7475,28.01845]]]},"properties":{"name":"GHARA 17","status":"CURRENT","country":"Egypt","area_sqkm":"45.03133470747137","shore_status":"BOTH"}},{"type":"Feature","id":"mps_mapping_block.9b5030df-0c89-457f-83e5-dd720a2c9ef6","geometry":{"type":"Polygon","coordinates":[[[33.2649,28.60016],[33.28607,28.58751],[33.2517,28.54254],[33.23054,28.55531],[33.2649,28.60016]]]},"properties":{"name":"B8 LEASE 12 (EKMA)","status":"CURRENT","country":"Egypt","area_sqkm":"15.042131934563637","shore_status":"BOTH"}},{"type":"Feature","id":"mps_mapping_block.94640ead-a6da-4b23-a198-c85e5a1c469a","geometry":{"type":"Polygon","coordinates":[[[33.06222,28.58485],[33.10055,28.56207],[33.11667,28.58346],[33.11834,28.58346],[33.11834,28.56679],[33.15834,28.56679],[33.21528,28.53291],[33.23222,28.55541],[33.25333,28.54263],[33.26973,28.56402],[33.27066,28.56263],[33.27061,28.56205],[33.2704,28.55963],[33.27077,28.55835],[33.27108,28.55671],[33.27113,28.55602],[33.27032,28.55431],[33.27036,28.5534],[33.2716,28.55068],[33.27026,28.54882],[33.26767,28.54863],[33.2639,28.54835],[33.26378,28.54898],[33.26326,28.54899],[33.26156,28.54799],[33.25953,28.54745],[33.25916,28.54803],[33.25857,28.54804],[33.25801,28.54587],[33.25837,28.54437],[33.25879,28.54282],[33.25942,28.54207],[33.25955,28.54205],[33.26088,28.54046],[33.26438,28.53867],[33.26846,28.53616],[33.26863,28.5359],[33.26892,28.53579],[33.26966,28.53513],[33.27197,28.53402],[33.27538,28.53236],[33.27806,28.53103],[33.27875,28.53039],[33.27961,28.52808],[33.27963,28.52755],[33.27937,28.52563],[33.27958,28.52356],[33.28028,28.52272],[33.28073,28.52199],[33.28119,28.5215],[33.28134,28.52078],[33.28148,28.52044],[33.2814,28.51982],[33.28255,28.51787],[33.28332,28.51618],[33.28373,28.51433],[33.28451,28.51168],[33.28501,28.51127],[33.28508,28.51102],[33.28608,28.50995],[33.28741,28.50925],[33.28907,28.50919],[33.29127,28.50804],[33.29315,28.50697],[33.29516,28.5054],[33.29737,28.5034],[33.29784,28.50284],[33.29853,28.5017],[33.29935,28.4998],[33.29952,28.49939],[33.30037,28.4968],[33.30163,28.49517],[33.30221,28.4943],[33.30306,28.49268],[33.30418,28.49129],[33.30433,28.49106],[33.30446,28.49094],[33.30512,28.49013],[33.30742,28.4883],[33.30867,28.48817],[33.30954,28.48846],[33.31165,28.48803],[33.31472,28.4865],[33.3153,28.48544],[33.31553,28.4844],[33.31577,28.48459],[33.31606,28.48407],[33.31692,28.48454],[33.31784,28.48407],[33.32043,28.48249],[33.32167,28.48179],[33.32167,28.46985],[33.33722,28.46985],[33.33722,28.48429],[33.34611,28.48429],[33.38334,28.44762],[33.27306,28.44763],[33.27306,28.46679],[33.21833,28.4668],[33.21833,28.38346],[33.20166,28.38346],[33.20166,28.31346],[33.19305,28.31346],[33.19305,28.29179],[33.20027,28.28346],[33.185,28.28346],[33.185,28.26679],[33.15774,28.26679],[33.15734,28.26773],[33.15712,28.26957],[33.15683,28.27078],[33.15542,28.27183],[33.15216,28.27348],[33.1512,28.27413],[33.15076,28.27447],[33.15033,28.27492],[33.15004,28.27756],[33.15097,28.27795],[33.15093,28.27809],[33.15109,28.27814],[33.1509,28.27877],[33.15007,28.27936],[33.14891,28.27949],[33.14788,28.27945],[33.14607,28.27953],[33.14542,28.27983],[33.14413,28.28008],[33.14297,28.28021],[33.14236,28.28064],[33.14221,28.28083],[33.14222,28.28115],[33.14183,28.28138],[33.14131,28.28139],[33.13882,28.28286],[33.136,28.28445],[33.13411,28.28637],[33.1331,28.28794],[33.13215,28.28898],[33.12978,28.28999],[33.12856,28.29058],[33.1274,28.2906],[33.1261,28.29085],[33.12503,28.29207],[33.12445,28.29248],[33.12422,28.29357],[33.12424,28.29451],[33.12478,28.29469],[33.1253,28.29474],[33.12521,28.29491],[33.12541,28.29493],[33.12487,28.29597],[33.12495,28.29604],[33.12556,28.29613],[33.12538,28.29653],[33.12491,28.29677],[33.12479,28.29691],[33.12474,28.29728],[33.12404,28.29787],[33.12336,28.29897],[33.12352,28.29965],[33.12462,28.2999],[33.12461,28.30008],[33.12474,28.30009],[33.12458,28.30065],[33.12454,28.30146],[33.12457,28.30147],[33.12459,28.30256],[33.12513,28.30265],[33.12509,28.30281],[33.12524,28.30283],[33.12506,28.30324],[33.12487,28.3037],[33.12488,28.30427],[33.12368,28.30578],[33.12348,28.30632],[33.12341,28.30685],[33.12348,28.3074],[33.12291,28.30832],[33.12176,28.30886],[33.12157,28.30943],[33.121,28.30996],[33.12039,28.31151],[33.11827,28.31223],[33.11603,28.31376],[33.11385,28.31499],[33.1132,28.31585],[33.11242,28.31795],[33.11232,28.31897],[33.11226,28.31949],[33.11175,28.32001],[33.11172,28.32041],[33.135,28.33457],[33.135,28.36679],[33.11833,28.36679],[33.11833,28.40013],[33.10166,28.40013],[33.10166,28.4168],[33.085,28.4168],[33.085,28.43346],[33.06194,28.46569],[32.98889,28.59652],[33.03889,28.62708],[33.07695,28.6043],[33.06222,28.58485]]]},"properties":{"name":"EAST EL-HAMD","status":"CURRENT","country":"Egypt","area_sqkm":"508.57914356368576","shore_status":"BOTH"}},{"type":"Feature","id":"mps_mapping_block.9baabaa4-4500-4270-abd3-2cca88131d23","geometry":{"type":"Polygon","coordinates":[[[33.25158,28.13958],[33.26362,28.13858],[33.2702,28.13862],[33.27191,28.13864],[33.28146,28.13283],[33.28644,28.12521],[33.29527,28.11298],[33.2977,28.11095],[33.28008,28.10009],[33.22854,28.06803],[33.22555,28.06623],[33.16721,28.14013],[33.2288,28.17955],[33.23489,28.173],[33.24027,28.16515],[33.23905,28.1593],[33.23848,28.15253],[33.23766,28.14772],[33.24344,28.14205],[33.25158,28.13958]]]},"properties":{"name":"SHUKHEIR","status":"CURRENT","country":"Egypt","area_sqkm":"77.03221085385712","shore_status":"BOTH"}},{"type":"Feature","id":"mps_mapping_block.9e367866-c5ed-40e3-b158-b908061a0959","geometry":{"type":"Polygon","coordinates":[[[33.34567,28.35583],[33.34468,28.31074],[33.2698,28.31201],[33.2436,28.35036],[33.24375,28.35757],[33.34567,28.35583]]]},"properties":{"name":"SB (293&294)","status":"CURRENT","country":"Egypt","area_sqkm":"44.397224508536404","shore_status":"OFFSHORE"}},{"type":"Feature","id":"mps_mapping_block.a2cb9303-c7db-47ff-9491-b4bd47007712","geometry":{"type":"Polygon","coordinates":[[[33.71667,27.26278],[33.71667,27.27222],[33.75333,27.26333],[33.77528,27.2],[33.69998,27.19987],[33.7,27.26278],[33.71667,27.26278]]]},"properties":{"name":"RABEH","status":"CURRENT","country":"Egypt","area_sqkm":"46.447228190802754","shore_status":"ONSHORE"}},{"type":"Feature","id":"mps_mapping_block.a35fdf1c-8767-4790-a6fc-cc0f9a2935c8","geometry":{"type":"Polygon","coordinates":[[[32.97396,32.88905],[33.02696,32.83834],[33.03498,32.8303],[33.04112,32.82419],[33.046,32.81934],[33.05478,32.8106],[33.10648,32.75915],[33.17995,32.68592],[33.18021,32.68565],[33.20425,32.66164],[33.20784,32.65814],[33.20881,32.65715],[33.21275,32.65287],[33.24865,32.614],[33.33007,32.51369],[33.33158,32.51162],[33.34001,32.50016],[32.40173,32.50017],[32.40174,33.0375],[32.51836,33.01129],[32.51841,33.01128],[32.93534,32.89943],[32.93597,32.89925],[32.97396,32.88905]]]},"properties":{"name":"NORTH PORT FOUAD","status":"CURRENT","country":"Egypt","area_sqkm":"3541.5516477409133","shore_status":"OFFSHORE"}},{"type":"Feature","id":"mps_mapping_block.a6c45fe0-bca8-4312-8f80-93840f904e69","geometry":{"type":"Polygon","coordinates":[[[33.61832,27.26678],[33.61832,27.20011],[33.70165,27.20011],[33.70165,27.16678],[33.71832,27.16678],[33.71832,27.15011],[33.832,27.15011],[33.83228,27.1496],[33.83224,27.1492],[33.83169,27.14881],[33.83154,27.14805],[33.83164,27.1473],[33.83145,27.14641],[33.83148,27.14542],[33.83232,27.1443],[33.83287,27.14397],[33.83242,27.14331],[33.83119,27.14193],[33.83075,27.14095],[33.83058,27.13907],[33.82998,27.13756],[33.83012,27.13677],[33.83011,27.13479],[33.83014,27.13423],[33.83055,27.13407],[33.83106,27.13413],[33.83154,27.13403],[33.8315,27.13294],[33.83094,27.13278],[33.83079,27.13242],[33.83105,27.13219],[33.83149,27.13215],[33.8316,27.13156],[33.83119,27.13136],[33.83089,27.13039],[33.83075,27.12851],[33.83116,27.12817],[33.83112,27.12702],[33.83042,27.12705],[33.8303,27.12613],[33.8303,27.12498],[33.83051,27.12393],[33.83095,27.12349],[33.83194,27.12326],[33.83175,27.1228],[33.83076,27.12281],[33.83013,27.12271],[33.83009,27.12228],[33.83035,27.12192],[33.8312,27.12214],[33.83134,27.12182],[33.83093,27.12126],[33.82898,27.12087],[33.82853,27.12002],[33.82793,27.11854],[33.82766,27.11726],[33.82784,27.11644],[33.82869,27.1166],[33.82875,27.11548],[33.82739,27.11502],[33.82745,27.11331],[33.82835,27.11103],[33.83033,27.10924],[33.83156,27.10934],[33.83283,27.10793],[33.83402,27.10524],[33.83315,27.104],[33.83136,27.10421],[33.83,27.10339],[33.83027,27.1029],[33.83195,27.10304],[33.83249,27.10304],[33.83238,27.10245],[33.83384,27.10138],[33.83551,27.10069],[33.83686,27.10063],[33.83779,27.10169],[33.83851,27.10276],[33.83937,27.10356],[33.84125,27.10294],[33.84267,27.10227],[33.84335,27.101],[33.84476,27.10005],[33.84859,27.09918],[33.85021,27.09832],[33.85167,27.0969],[33.84829,27.09419],[33.8507,27.09347],[33.85283,27.0928],[33.85378,27.09177],[33.85442,27.09025],[33.85455,27.0892],[33.85432,27.08846],[33.85445,27.08753],[33.85543,27.08628],[33.85695,27.08573],[33.8582,27.08467],[33.85981,27.08392],[33.86093,27.08395],[33.86311,27.08413],[33.86638,27.08497],[33.8689,27.08485],[33.87397,27.08362],[33.87615,27.08208],[33.8801,27.08067],[33.88288,27.07898],[33.88465,27.07682],[33.88858,27.07346],[33.89036,27.07227],[33.8912,27.07045],[33.89404,27.06717],[33.89496,27.06591],[33.89434,27.06501],[33.89549,27.06403],[33.89711,27.06256],[33.89942,27.06026],[33.89939,27.05713],[33.90058,27.05513],[33.90325,27.05242],[33.9032,27.05202],[33.9041,27.05065],[33.9042,27.04987],[33.90419,27.04873],[33.90519,27.04745],[33.90636,27.04649],[33.9067,27.04553],[33.90659,27.04435],[33.90481,27.04363],[33.90255,27.04393],[33.89796,27.04554],[33.89635,27.04687],[33.89513,27.04743],[33.89371,27.04766],[33.89223,27.04726],[33.88948,27.04587],[33.88733,27.04443],[33.88512,27.04135],[33.88388,27.03908],[33.88377,27.03708],[33.88451,27.03466],[33.88486,27.03384],[33.8848,27.03184],[33.88549,27.03028],[33.8864,27.02942],[33.88685,27.02818],[33.88786,27.02677],[33.88972,27.02502],[33.8927,27.02205],[33.89461,27.01967],[33.89683,27.01793],[33.89983,27.0158],[33.90226,27.01005],[33.90468,27.0083],[33.90701,27.00821],[33.90945,27.0077],[33.91096,27.00623],[33.9113,27.00473],[33.91118,27.00182],[33.9107,27.00011],[33.70165,27.00011],[33.41832,27.20012],[33.25165,27.45012],[33.58499,27.45012],[33.66832,27.26678],[33.61832,27.26678]]]},"properties":{"name":"SOUTH WADI EL SAHL UP","status":"CURRENT","country":"Egypt","area_sqkm":"1383.0359577070265","shore_status":"BOTH"}},{"type":"Feature","id":"mps_mapping_block.a7636b4c-3a51-478c-a37a-01bd9759cece","geometry":{"type":"Polygon","coordinates":[[[33.05046,28.90184],[33.10088,28.86494],[33.1007,28.85592],[33.04949,28.85669],[33.05046,28.90184]]]},"properties":{"name":"OCTOBER (GS 185)","status":"CURRENT","country":"Egypt","area_sqkm":"15.000338380130797","shore_status":"OFFSHORE"}},{"type":"Feature","id":"mps_mapping_block.a961f848-f62d-4299-aec1-1b36efaa3471","geometry":{"type":"Polygon","coordinates":[[[33.34001,32.50016],[33.34077,32.49913],[33.34661,32.49117],[33.36935,32.46022],[33.38189,32.4432],[33.40388,32.40624],[33.41035,32.39536],[33.43397,32.35611],[33.46151,32.31285],[33.43507,32.31271],[33.43506,31.90015],[33.40173,31.90015],[33.40173,31.85015],[33.25172,31.85015],[33.25172,31.90015],[33.30173,31.90015],[33.30173,31.95015],[33.35173,31.95015],[33.35173,32.00015],[33.20173,32.00016],[33.20173,31.98349],[33.16839,31.98349],[33.16839,31.93349],[33.10173,31.93349],[33.10173,32.00016],[32.90173,32.00016],[32.90172,31.95016],[32.85172,31.95016],[32.85172,32.00016],[32.80172,32.00016],[32.80173,32.20016],[32.85173,32.20016],[32.85173,32.35016],[32.90173,32.35016],[32.90173,32.50016],[33.34001,32.50016]]]},"properties":{"name":"NORTH EL-FAYROUZ","status":"CURRENT","country":"Egypt","area_sqkm":"3282.7508001572846","shore_status":"OFFSHORE"}},{"type":"Feature","id":"mps_mapping_block.ac47c2fd-b6e3-4933-97c8-2ad979fdc4e1","geometry":{"type":"Polygon","coordinates":[[[33.55335,27.5938],[33.55542,27.59128],[33.55825,27.59174],[33.56006,27.58727],[33.56007,27.57946],[33.55893,27.56763],[33.56588,27.56924],[33.56511,27.56603],[33.56036,27.55316],[33.55792,27.54787],[33.55638,27.54247],[33.55535,27.53466],[33.55842,27.52561],[33.55859,27.52513],[33.56323,27.52284],[33.56954,27.52469],[33.57727,27.52585],[33.58629,27.52276],[33.58977,27.52195],[33.59287,27.51564],[33.60151,27.50405],[33.6052,27.50084],[33.60603,27.50011],[33.60165,27.50011],[33.60165,27.45011],[33.55165,27.45012],[33.51165,27.49817],[33.54221,27.49817],[33.45777,27.60012],[33.54751,27.60012],[33.54871,27.59736],[33.55335,27.5938]]]},"properties":{"name":"NORTH EAST ESH EL MALLAHA","status":"CURRENT","country":"Egypt","area_sqkm":"112.84006549821537","shore_status":"BOTH"}},{"type":"Feature","id":"mps_mapping_block.0391a80e-4a57-4889-a214-cb67546f286c","geometry":{"type":"Polygon","coordinates":[[[33.95274,31.99249],[33.95461,32.1729],[33.74249,32.17432],[33.74239,32.16217],[33.74228,32.14669],[33.80535,32.10802],[33.74021,32.01345],[33.77302,31.99372],[33.95274,31.99249]]]},"properties":{"name":"BLOCK 60","status":"OPEN","country":"Israel","area_sqkm":"353.36345484703","shore_status":"OFFSHORE"}},{"type":"Feature","id":"mps_mapping_block.b9da6ed8-a942-4063-919f-42357b293f10","geometry":{"type":"Polygon","coordinates":[[[33.49329,28.12777],[33.54413,28.12684],[33.59497,28.12588],[33.59388,28.08081],[33.49224,28.0827],[33.49329,28.12777]]]},"properties":{"name":"(GS 345&346) S/A B","status":"CURRENT","country":"Egypt","area_sqkm":"49.92195363844627","shore_status":"OFFSHORE"}},{"type":"Feature","id":"mps_mapping_block.bf4006cd-108f-413c-8e42-41c9b058ba5d","geometry":{"type":"Polygon","coordinates":[[[33.7326,27.80808],[33.73303,27.8076],[33.75166,27.78669],[33.75166,27.76678],[33.70166,27.76678],[33.70166,27.78345],[33.68499,27.78345],[33.68499,27.80012],[33.68499,27.83345],[33.70166,27.83345],[33.70999,27.83345],[33.7326,27.80808]]]},"properties":{"name":"ASHRAFI","status":"CURRENT","country":"Egypt","area_sqkm":"34.8627409951798","shore_status":"OFFSHORE"}},{"type":"Feature","id":"mps_mapping_block.bfcdf616-85f5-4a0d-9b66-970e493a762f","geometry":{"type":"Polygon","coordinates":[[[33.21103,28.88706],[33.26274,28.85626],[33.22084,28.80174],[33.16916,28.83252],[33.21103,28.88706]]]},"properties":{"name":"SIDRI 11","status":"CURRENT","country":"Egypt","area_sqkm":"44.43799745318794","shore_status":"BOTH"}},{"type":"Feature","id":"mps_mapping_block.c03eeab5-06ac-4c1b-b978-be4536a986c8","geometry":{"type":"Polygon","coordinates":[[[33.05056,28.91278],[33.04472,28.90528],[33.05046,28.90184],[33.04949,28.85669],[32.99828,28.85751],[32.99915,28.90256],[32.94791,28.90331],[32.94875,28.9484],[33.05124,28.9468],[33.05056,28.91278]]]},"properties":{"name":"OCTOBER (GS 172&173&184)","status":"CURRENT","country":"Egypt","area_sqkm":"74.55185918245115","shore_status":"OFFSHORE"}},{"type":"Feature","id":"mps_mapping_block.c0acc2e3-3acc-4455-9777-9a27338df52d","geometry":{"type":"Polygon","coordinates":[[[33.64701,28.16137],[33.64786,28.16093],[33.6484,28.16141],[33.6497,28.16188],[33.64935,28.16307],[33.6492,28.16475],[33.65004,28.16545],[33.65121,28.16592],[33.65466,28.16587],[33.66143,28.16536],[33.66336,28.16439],[33.66358,28.16425],[33.6638,28.16411],[33.66401,28.16395],[33.66422,28.16379],[33.66443,28.16363],[33.66462,28.16346],[33.66482,28.16328],[33.66501,28.1631],[33.66519,28.16291],[33.66537,28.16272],[33.66555,28.16253],[33.66572,28.16233],[33.66588,28.16212],[33.66604,28.16191],[33.6662,28.1617],[33.66634,28.16148],[33.66649,28.16126],[33.66662,28.16104],[33.66675,28.16081],[33.66687,28.16057],[33.66698,28.16034],[33.6671,28.1601],[33.6672,28.15986],[33.66729,28.15961],[33.66739,28.15937],[33.66747,28.15912],[33.66754,28.15887],[33.66761,28.15861],[33.66768,28.15836],[33.66773,28.1581],[33.66778,28.15784],[33.66782,28.15758],[33.66786,28.15732],[33.66788,28.15706],[33.66791,28.1568],[33.66792,28.15654],[33.66793,28.15628],[33.66793,28.15601],[33.66792,28.15575],[33.6679,28.15549],[33.66788,28.15523],[33.66785,28.15497],[33.66782,28.1547],[33.66777,28.15445],[33.66772,28.15419],[33.66766,28.15393],[33.6676,28.15368],[33.66705,28.15185],[33.66709,28.15038],[33.66707,28.14823],[33.66707,28.14696],[33.66764,28.14481],[33.66809,28.14282],[33.66811,28.14194],[33.66841,28.13952],[33.66867,28.13753],[33.66892,28.1355],[33.66909,28.13335],[33.66958,28.132],[33.6706,28.13127],[33.67101,28.13155],[33.6791,28.12786],[33.68183,28.12633],[33.68263,28.12529],[33.68265,28.12416],[33.6458,28.12488],[33.64692,28.16893],[33.64759,28.16781],[33.64785,28.16618],[33.64761,28.16451],[33.64693,28.16356],[33.64701,28.16137]]]},"properties":{"name":"SB 339","status":"CURRENT","country":"Egypt","area_sqkm":"10.207469810013398","shore_status":"BOTH"}},{"type":"Feature","id":"mps_mapping_block.c2ac537d-d45f-44db-80b4-049ed1777c84","geometry":{"type":"Polygon","coordinates":[[[33.7429,27.94265],[33.74362,27.97131],[33.77691,27.98704],[33.7948,27.98669],[33.79364,27.94163],[33.79248,27.89656],[33.74176,27.89758],[33.7429,27.94265]]]},"properties":{"name":"GH(376&384)","status":"CURRENT","country":"Egypt","area_sqkm":"46.96508786022401","shore_status":"OFFSHORE"}},{"type":"Feature","id":"mps_mapping_block.cb5fa882-6637-4ca7-a25f-ccd8a2fb3c08","geometry":{"type":"Polygon","coordinates":[[[33.41833,27.86679],[33.45166,27.86679],[33.45166,27.85012],[33.41833,27.85012],[33.41833,27.86679]]]},"properties":{"name":"NORTH WEST GEMSA","status":"CURRENT","country":"Egypt","area_sqkm":"6.063976752588272","shore_status":"ONSHORE"}},{"type":"Feature","id":"mps_mapping_block.d0f9d8ae-edd4-4c10-8e34-18a3f65692e6","geometry":{"type":"Polygon","coordinates":[[[33.67558,27.87185],[33.66834,27.86509],[33.66834,27.89917],[33.69271,27.89867],[33.69879,27.89852],[33.70168,27.89214],[33.71298,27.89827],[33.71833,27.89827],[33.71834,27.88342],[33.73501,27.88342],[33.73499,27.8526],[33.69157,27.85361],[33.67558,27.87185]]]},"properties":{"name":"EAST ZEIT","status":"CURRENT","country":"Egypt","area_sqkm":"26.983905354045618","shore_status":"OFFSHORE"}},{"type":"Feature","id":"mps_mapping_block.01d8d06b-bc71-4b0e-a003-cec854941e3e","geometry":{"type":"Polygon","coordinates":[[[33.24931,36.62421],[33.24931,36.49921],[33.12452,36.49921],[32.99972,36.49921],[32.99972,36.62421],[32.99972,36.74921],[33.12452,36.74921],[33.24931,36.74921],[33.24931,36.62421]]]},"properties":{"name":"O30D","status":"OPEN","country":"Turkiye","area_sqkm":"619.359403529488","shore_status":"ONSHORE"}},{"type":"Feature","id":"mps_mapping_block.10364c5d-2adf-43f5-abe7-94309245ce17","geometry":{"type":"Polygon","coordinates":[[[33.96246,32.91177],[33.87244,32.91164],[33.88589,32.95654],[33.8177,32.89551],[33.82329,32.89548],[33.83398,32.8954],[33.84467,32.89533],[33.85537,32.89526],[33.86606,32.89519],[33.87674,32.89511],[33.88744,32.89504],[33.89813,32.89496],[33.90882,32.89488],[33.91951,32.89481],[33.9302,32.89473],[33.94089,32.89465],[33.95158,32.89457],[33.96227,32.89449],[33.96237,32.9035],[33.96246,32.91177]]]},"properties":{"name":"BLOCK 20","status":"OPEN","country":"Israel","area_sqkm":"32.0764365810416","shore_status":"OFFSHORE"}},{"type":"Feature","id":"mps_mapping_block.e0782b19-3462-49ca-93c2-9f43d61ea6cf","geometry":{"type":"MultiPolygon","coordinates":[]},"properties":{"name":"SHUKHEIR M","status":"CURRENT","country":"Egypt","area_sqkm":"28.80036696611519","shore_status":"BOTH"}},{"type":"Feature","id":"mps_mapping_block.e14818a4-4569-42c8-b17b-81106513ad51","geometry":{"type":"Polygon","coordinates":[[[33.05124,28.9468],[32.94875,28.9484],[32.9496,28.99349],[33.05215,28.99196],[33.05124,28.9468]]]},"properties":{"name":"OCTOBER (GS 160&161)","status":"CURRENT","country":"Egypt","area_sqkm":"49.99298000177008","shore_status":"OFFSHORE"}},{"type":"Feature","id":"mps_mapping_block.e2dbffa8-5a9f-40bf-af0f-9518e5284683","geometry":{"type":"Polygon","coordinates":[[[33.39083,28.21984],[33.39083,28.20012],[33.34194,28.20012],[33.34194,28.22262],[33.34444,28.22262],[33.34444,28.22068],[33.39083,28.21984]]]},"properties":{"name":"GS323","status":"CURRENT","country":"Egypt","area_sqkm":"10.776303126019716","shore_status":"OFFSHORE"}},{"type":"Feature","id":"mps_mapping_block.e4b41493-81b7-478f-b954-217edeabf42b","geometry":{"type":"Polygon","coordinates":[[[33.81833,27.85011],[33.785,27.85011],[33.785,27.88345],[33.80166,27.88345],[33.80166,27.86678],[33.81833,27.86678],[33.81833,27.85011]]]},"properties":{"name":"NORTH SHADWAN","status":"CURRENT","country":"Egypt","area_sqkm":"9.094507301070212","shore_status":"OFFSHORE"}},{"type":"Feature","id":"mps_mapping_block.e557d2af-b9e2-49c9-be5f-3eebe83404a8","geometry":{"type":"Polygon","coordinates":[[[33.70166,27.55011],[33.70166,27.60011],[33.68499,27.60011],[33.68499,27.63345],[33.66833,27.63345],[33.66832,27.65011],[33.65166,27.65012],[33.65166,27.66678],[33.63499,27.66678],[33.63499,27.68345],[33.61833,27.68345],[33.61833,27.70012],[33.61833,27.71679],[33.63499,27.73345],[33.66833,27.73345],[33.66833,27.70012],[33.68499,27.70012],[33.68499,27.68345],[33.70166,27.68344],[33.70166,27.65011],[33.71833,27.65011],[33.71833,27.63345],[33.73499,27.63345],[33.73499,27.60011],[33.75166,27.60011],[33.75166,27.55011],[33.70166,27.55011]]]},"properties":{"name":"GEISUM & TAWILA WEST","status":"CURRENT","country":"Egypt","area_sqkm":"104.80006470138471","shore_status":"OFFSHORE"}},{"type":"Feature","id":"mps_mapping_block.e88a09e3-89d7-4a2b-bea7-433484dde2fd","geometry":{"type":"Polygon","coordinates":[[[33.18788,28.91787],[33.18715,28.91694],[33.18677,28.91636],[33.18676,28.91521],[33.18632,28.91404],[33.18556,28.91242],[33.1839,28.91061],[33.18355,28.90944],[33.18282,28.9081],[33.18202,28.90682],[33.18136,28.90592],[33.18084,28.90624],[33.15929,28.91784],[33.15834,28.9168],[33.15167,28.9168],[33.15167,28.93346],[33.1825,28.93349],[33.18289,28.93298],[33.1847,28.93147],[33.18527,28.93024],[33.18587,28.92907],[33.18663,28.92828],[33.18749,28.92669],[33.18802,28.92521],[33.18827,28.92345],[33.18849,28.92077],[33.18887,28.91987],[33.18861,28.91912],[33.18788,28.91787]]]},"properties":{"name":"S.E. ABU ZENIMA","status":"CURRENT","country":"Egypt","area_sqkm":"7.911517767146172","shore_status":"BOTH"}},{"type":"Feature","id":"mps_mapping_block.e8abe3f7-e81f-4732-9b46-e8b7599abd74","geometry":{"type":"Polygon","coordinates":[[[33.52244,27.7503],[33.52722,27.74846],[33.53406,27.74951],[33.54025,27.75262],[33.5458,27.7571],[33.54915,27.76159],[33.55354,27.76274],[33.55754,27.76217],[33.55974,27.75839],[33.5573,27.75241],[33.55278,27.74804],[33.55124,27.7408],[33.54931,27.7362],[33.5488,27.7323],[33.5461,27.72552],[33.543,27.72184],[33.54211,27.71667],[33.53992,27.71288],[33.53863,27.70932],[33.54031,27.70565],[33.54445,27.70462],[33.54639,27.70095],[33.54613,27.69589],[33.54781,27.69245],[33.54821,27.68935],[33.55454,27.68476],[33.5615,27.68454],[33.56976,27.68421],[33.57299,27.68467],[33.57544,27.68238],[33.57106,27.66951],[33.56732,27.67548],[33.56512,27.68041],[33.56099,27.68098],[33.56009,27.67983],[33.55996,27.67777],[33.55981,27.67776],[33.55913,27.67792],[33.55877,27.67771],[33.55738,27.67764],[33.55428,27.67948],[33.5526,27.67879],[33.5539,27.67236],[33.55855,27.66984],[33.56307,27.66341],[33.5694,27.65951],[33.56953,27.65733],[33.56734,27.65595],[33.56011,27.65985],[33.55701,27.65961],[33.55353,27.65686],[33.55044,27.65754],[33.55043,27.66214],[33.54694,27.66718],[33.54461,27.6712],[33.545,27.67476],[33.53802,27.67934],[33.53131,27.6806],[33.52577,27.6791],[33.51726,27.6761],[33.51455,27.67368],[33.50889,27.66621],[33.50515,27.66322],[33.50166,27.65899],[33.50166,27.70012],[33.50166,27.77858],[33.502,27.77691],[33.50214,27.7714],[33.5086,27.76831],[33.51481,27.762],[33.51701,27.75626],[33.52244,27.7503]]]},"properties":{"name":"RAS EL BARR","status":"CURRENT","country":"Egypt","area_sqkm":"46.74217980181159","shore_status":"BOTH"}},{"type":"Feature","id":"mps_mapping_block.eaea5f88-b893-4138-8d26-3914120ec9fb","geometry":{"type":"Polygon","coordinates":[[[32.80177,28.43346],[32.84333,28.43346],[32.84333,28.35013],[32.89333,28.35013],[32.89333,28.3418],[32.92388,28.3418],[32.92388,28.32652],[32.96749,28.32652],[32.96749,28.33263],[32.98638,28.33263],[32.98638,28.33763],[33.01277,28.33763],[33.01277,28.33207],[33.02166,28.33207],[33.02166,28.29818],[32.97583,28.28318],[32.70166,28.28319],[32.70167,28.70014],[32.75361,28.70013],[32.71833,28.6693],[32.71833,28.6668],[32.735,28.6668],[32.735,28.63347],[32.75167,28.63347],[32.75166,28.58347],[32.76833,28.58347],[32.76833,28.5668],[32.735,28.5668],[32.735,28.5168],[32.75166,28.5168],[32.75166,28.4668],[32.785,28.4668],[32.785,28.5168],[32.80166,28.5168],[32.80167,28.58208],[32.80861,28.58208],[32.80861,28.59458],[32.80167,28.59458],[32.80167,28.6168],[32.76833,28.6168],[32.76833,28.63347],[32.785,28.63347],[32.785,28.6668],[32.76833,28.6668],[32.76833,28.70013],[32.83521,28.70013],[32.83472,28.7016],[32.83499,28.702],[32.83255,28.70381],[32.83129,28.70577],[32.83104,28.70664],[32.82882,28.70982],[32.82896,28.71394],[32.8287,28.71406],[32.82867,28.71572],[32.82834,28.71584],[32.82849,28.71664],[32.82901,28.7168],[32.8289,28.71807],[32.82805,28.72146],[32.82861,28.72363],[32.83015,28.72613],[32.83193,28.72782],[32.83119,28.73018],[32.83178,28.73046],[32.82988,28.73318],[32.82544,28.7353],[32.82325,28.73665],[32.82283,28.73866],[32.82143,28.74068],[32.82144,28.74097],[32.8205,28.7431],[32.82071,28.74401],[32.81842,28.7492],[32.81837,28.75001],[32.81774,28.75093],[32.81709,28.75501],[32.815,28.75773],[32.8135,28.76113],[32.81298,28.76171],[32.81207,28.76516],[32.81137,28.76597],[32.81061,28.76735],[32.81031,28.76873],[32.80937,28.7708],[32.80798,28.77277],[32.80566,28.77446],[32.80517,28.77591],[32.80454,28.77683],[32.80423,28.77798],[32.80359,28.77874],[32.80347,28.7796],[32.80316,28.78034],[32.80228,28.78179],[32.80156,28.78168],[32.80014,28.78245],[32.7999,28.78365],[32.79906,28.78384],[32.79739,28.78472],[32.79697,28.78673],[32.7953,28.78818],[32.79414,28.78877],[32.79351,28.78975],[32.79203,28.79057],[32.79081,28.79151],[32.79003,28.79157],[32.78888,28.79273],[32.78849,28.79268],[32.78552,28.7941],[32.78134,28.79643],[32.77914,28.79692],[32.77817,28.79756],[32.77752,28.79746],[32.77564,28.79794],[32.77499,28.79795],[32.77383,28.79854],[32.7724,28.79844],[32.76994,28.7991],[32.76876,28.79872],[32.76638,28.79989],[32.76528,28.80014],[32.90167,28.80013],[32.90167,28.7668],[32.89056,28.7668],[32.88222,28.71569],[32.92166,28.64013],[32.91833,28.63902],[32.92833,28.61735],[32.85778,28.57374],[33.01917,28.36957],[32.985,28.36957],[32.985,28.40013],[32.96833,28.40013],[32.96833,28.4168],[32.95166,28.4168],[32.95166,28.38346],[32.89333,28.38346],[32.89333,28.3918],[32.91416,28.3918],[32.91416,28.45013],[32.83499,28.45013],[32.83499,28.4668],[32.80166,28.4668],[32.80166,28.43355],[32.785,28.43347],[32.785,28.4168],[32.80166,28.4168],[32.80166,28.43337],[32.80177,28.43346]]]},"properties":{"name":"EGY-GOS-14 WEST AMER","status":"CURRENT","country":"Egypt","area_sqkm":"907.1722122050635","shore_status":"BOTH"}},{"type":"Feature","id":"mps_mapping_block.ee227210-b7d2-419f-8015-0ea4a0816bb2","geometry":{"type":"Polygon","coordinates":[[[33.69605,28.0339],[33.74685,28.03289],[33.7466,28.02316],[33.69518,27.99875],[33.69605,28.0339]]]},"properties":{"name":"SB 367","status":"CURRENT","country":"Egypt","area_sqkm":"12.42825071803865","shore_status":"OFFSHORE"}},{"type":"Feature","id":"mps_mapping_block.efcbd439-cb6a-4135-9337-44b1b041433a","geometry":{"type":"Polygon","coordinates":[[[33.19141,28.29169],[33.19186,28.31332],[33.29374,28.31164],[33.29278,28.26656],[33.29181,28.22148],[33.25268,28.22215],[33.19141,28.29169]]]},"properties":{"name":"JULY (GS 301, 302, 310, 311)","status":"CURRENT","country":"Egypt","area_sqkm":"76.50566040764221","shore_status":"OFFSHORE"}},{"type":"Feature","id":"mps_mapping_block.efd3922d-1597-44ac-86d5-dd966fcecb08","geometry":{"type":"Polygon","coordinates":[[[33.44449,28.21884],[33.44551,28.26388],[33.49643,28.26299],[33.49538,28.21794],[33.44449,28.21884]]]},"properties":{"name":"BADRI (GS 315)","status":"CURRENT","country":"Egypt","area_sqkm":"24.95245830343914","shore_status":"OFFSHORE"}},{"type":"Feature","id":"mps_mapping_block.f15f8be5-e747-4542-90e6-461a346fe4c3","geometry":{"type":"Polygon","coordinates":[[[33.20826,28.66939],[33.21401,28.67686],[33.27324,28.64146],[33.2675,28.63399],[33.20826,28.66939]]]},"properties":{"name":"B3 LEASE 7 (BEL. LAN.)","status":"CURRENT","country":"Egypt","area_sqkm":"6.998098929462194","shore_status":"ONSHORE"}},{"type":"Feature","id":"mps_mapping_block.73008580-e9a7-4009-9d12-ce7dc17ce05e","geometry":{"type":"Polygon","coordinates":[[[33.96569,33.20782],[33.96571,33.21015],[33.96581,33.21917],[33.96591,33.22819],[33.96601,33.23721],[33.96611,33.24622],[33.96621,33.25524],[33.95547,33.25532],[33.94474,33.25541],[33.93401,33.25549],[33.92327,33.25557],[33.91254,33.25565],[33.9018,33.25573],[33.89107,33.25581],[33.88033,33.25588],[33.8696,33.25596],[33.85886,33.25603],[33.84813,33.2561],[33.8374,33.25618],[33.82666,33.25625],[33.81592,33.25632],[33.80519,33.25639],[33.79445,33.25646],[33.78372,33.25653],[33.77298,33.2566],[33.76225,33.25666],[33.75151,33.25673],[33.75143,33.24771],[33.75136,33.23869],[33.75128,33.22967],[33.7512,33.22065],[33.75113,33.21163],[33.75105,33.20261],[33.75097,33.19359],[33.7509,33.18457],[33.75082,33.17555],[33.75074,33.16653],[33.75067,33.15752],[33.77554,33.15736],[33.86228,33.19989],[33.94506,33.20076],[33.94514,33.20798],[33.96569,33.20782]]]},"properties":{"name":"BLOCK 11","status":"OPEN","country":"Israel","area_sqkm":"152.376620392393","shore_status":"OFFSHORE"}},{"type":"Feature","id":"mps_mapping_block.1bba8036-96bb-4a6c-865a-daba3819e375","geometry":{"type":"Polygon","coordinates":[[[33.74951,36.62421],[33.74951,36.49921],[33.62471,36.49921],[33.49992,36.49921],[33.49992,36.62421],[33.49992,36.74921],[33.62471,36.74921],[33.74951,36.74921],[33.74951,36.62421]]]},"properties":{"name":"O31D","status":"OPEN","country":"Turkiye","area_sqkm":"619.359403529488","shore_status":"ONSHORE"}},{"type":"Feature","id":"mps_mapping_block.64739eaa-e14b-49e0-bbac-ac7882eb632d","geometry":{"type":"Polygon","coordinates":[[[33.49992,36.87421],[33.49992,36.74921],[33.3741,36.74921],[33.24931,36.74921],[33.24931,36.87421],[33.24931,36.99921],[33.3741,36.99921],[33.49992,36.99921],[33.49992,36.87421]]]},"properties":{"name":"O30B","status":"OPEN","country":"Turkiye","area_sqkm":"619.902435629051","shore_status":"ONSHORE"}},{"type":"Feature","id":"mps_mapping_block.62294ff2-3cec-4b36-b76d-5ec4dbd16da6","geometry":{"type":"Polygon","coordinates":[[[34.81368,32.70466],[34.81386,32.71367],[34.81404,32.72269],[34.81422,32.7317],[34.8144,32.74072],[34.81459,32.74974],[34.81477,32.75876],[34.81495,32.76777],[34.81514,32.77679],[34.81532,32.78581],[34.8155,32.79482],[34.81569,32.80384],[34.81587,32.81285],[34.81605,32.82187],[34.81623,32.83088],[34.81642,32.8399],[34.81661,32.84891],[34.81679,32.85793],[34.81697,32.86695],[34.81715,32.87596],[34.81734,32.88498],[34.80666,32.88514],[34.79597,32.88529],[34.78528,32.88544],[34.7746,32.88559],[34.76391,32.88575],[34.75322,32.88589],[34.74254,32.88604],[34.73185,32.88619],[34.72116,32.88634],[34.71048,32.88649],[34.6998,32.88663],[34.68911,32.88678],[34.67842,32.88692],[34.66773,32.88707],[34.65705,32.88721],[34.64636,32.88735],[34.63567,32.88749],[34.62499,32.88763],[34.6143,32.88777],[34.60361,32.8879],[34.60345,32.87889],[34.60329,32.86987],[34.60313,32.86085],[34.60296,32.85183],[34.6028,32.84282],[34.60264,32.8338],[34.60248,32.82478],[34.60231,32.81576],[34.60215,32.80675],[34.60199,32.79773],[34.60183,32.78872],[34.60167,32.7797],[34.60151,32.77068],[34.60135,32.76167],[34.60119,32.75265],[34.60102,32.74363],[34.60086,32.73461],[34.6007,32.72559],[34.60054,32.71658],[34.60038,32.70756],[34.61104,32.70742],[34.62171,32.70729],[34.63237,32.70715],[34.64304,32.70701],[34.65371,32.70687],[34.66437,32.70673],[34.67503,32.70658],[34.6857,32.70644],[34.69637,32.7063],[34.70703,32.70615],[34.71769,32.70601],[34.72836,32.70586],[34.73902,32.70571],[34.74969,32.70557],[34.76035,32.70542],[34.77101,32.70526],[34.78168,32.70512],[34.79235,32.70496],[34.80301,32.70481],[34.81368,32.70466]]]},"properties":{"name":"BLOCK 34","status":"OPEN","country":"Israel","area_sqkm":"400.066451332929","shore_status":"OFFSHORE"}},{"type":"Feature","id":"mps_mapping_block.6cc9d7e2-4169-47ee-bccf-52f45f61e3c6","geometry":{"type":"Polygon","coordinates":[[[36.24948,36.12421],[36.24948,35.99842],[36.12468,35.99842],[35.99989,35.99842],[35.99989,36.12421],[35.99989,36.24921],[36.12468,36.24921],[36.24948,36.24921],[36.24948,36.12421]]]},"properties":{"name":"P36D","status":"OPEN","country":"Turkiye","area_sqkm":"625.26880270433","shore_status":"ONSHORE"}},{"type":"Feature","id":"mps_mapping_block.16e5e197-4884-461f-9382-a7bde4faa3b8","geometry":{"type":"Polygon","coordinates":[[[34.80644,32.34399],[34.80662,32.35301],[34.8068,32.36203],[34.80698,32.37104],[34.80716,32.38006],[34.80734,32.38908],[34.80752,32.39809],[34.8077,32.40711],[34.80788,32.41613],[34.80806,32.42514],[34.80824,32.43416],[34.80842,32.44318],[34.8086,32.45219],[34.80878,32.46121],[34.80896,32.47023],[34.80914,32.47924],[34.80932,32.48826],[34.8095,32.49728],[34.80968,32.50629],[34.80986,32.51531],[34.81004,32.52433],[34.7994,32.52448],[34.78876,32.52463],[34.77811,32.52478],[34.76747,32.52493],[34.75683,32.52508],[34.74618,32.52523],[34.73554,32.52538],[34.72489,32.52552],[34.71425,32.52567],[34.70361,32.52581],[34.69297,32.52596],[34.68232,32.5261],[34.67168,32.52625],[34.66103,32.52639],[34.65039,32.52652],[34.63975,32.52667],[34.62911,32.5268],[34.61846,32.52694],[34.60782,32.52708],[34.59717,32.52721],[34.59701,32.5182],[34.59685,32.50918],[34.59669,32.50016],[34.59654,32.49114],[34.59638,32.48212],[34.59621,32.47311],[34.59606,32.46409],[34.5959,32.45507],[34.59574,32.44605],[34.59558,32.43704],[34.59542,32.42802],[34.59526,32.419],[34.5951,32.40998],[34.59494,32.40097],[34.59478,32.39195],[34.59463,32.38293],[34.59447,32.37391],[34.59431,32.36489],[34.59415,32.35588],[34.59399,32.34686],[34.60462,32.34672],[34.61524,32.34659],[34.62586,32.34645],[34.63649,32.34631],[34.64711,32.34618],[34.65773,32.34604],[34.66835,32.3459],[34.67897,32.34576],[34.6896,32.34562],[34.70022,32.34547],[34.71084,32.34533],[34.72147,32.34518],[34.73209,32.34504],[34.74271,32.34489],[34.75333,32.34475],[34.76395,32.3446],[34.77457,32.34445],[34.7852,32.3443],[34.79582,32.34415],[34.80644,32.34399]]]},"properties":{"name":"BLOCK 51","status":"OPEN","country":"Israel","area_sqkm":"400.066434777325","shore_status":"OFFSHORE"}},{"type":"Feature","id":"mps_mapping_block.1901d54f-b591-4806-9342-7460932926f6","geometry":{"type":"Polygon","coordinates":[[[35.74928,36.87421],[35.74928,36.74921],[35.62448,36.74921],[35.49969,36.74921],[35.49969,36.87421],[35.49969,36.99921],[35.62448,36.99921],[35.74928,36.99921],[35.74928,36.87421]]]},"properties":{"name":"O35A","status":"OPEN","country":"Turkiye","area_sqkm":"617.396665102753","shore_status":"BOTH"}},{"type":"Feature","id":"mps_mapping_block.1d42f01b-18c0-4d3b-9fb2-8550419a4057","geometry":{"type":"Polygon","coordinates":[[[33.74544,32.53514],[33.74552,32.54417],[33.74559,32.55318],[33.74567,32.56221],[33.74574,32.57123],[33.74582,32.58025],[33.74589,32.58927],[33.74597,32.59829],[33.74604,32.60731],[33.74612,32.61633],[33.74619,32.62535],[33.74627,32.63437],[33.74634,32.64339],[33.74641,32.65241],[33.74649,32.66143],[33.74657,32.67045],[33.74664,32.67947],[33.74672,32.68849],[33.74679,32.69751],[33.74686,32.70653],[33.74694,32.71555],[33.73627,32.71561],[33.7256,32.71567],[33.71493,32.71574],[33.70426,32.7158],[33.69359,32.71585],[33.68292,32.71592],[33.67225,32.71597],[33.66158,32.71603],[33.65091,32.71608],[33.64024,32.71614],[33.62957,32.71619],[33.6189,32.71625],[33.60823,32.7163],[33.59756,32.71635],[33.58689,32.7164],[33.57622,32.71645],[33.56555,32.7165],[33.55488,32.71655],[33.54421,32.71659],[33.53354,32.71664],[33.53348,32.70762],[33.53343,32.6986],[33.53338,32.68957],[33.53332,32.68056],[33.53327,32.67153],[33.53322,32.66252],[33.53316,32.6535],[33.53311,32.64447],[33.53306,32.63545],[33.53301,32.62643],[33.53295,32.61741],[33.53289,32.6084],[33.53285,32.59937],[33.53279,32.59035],[33.53274,32.58133],[33.53268,32.57231],[33.53263,32.56329],[33.53258,32.55427],[33.53252,32.54525],[33.53247,32.53623],[33.54312,32.53618],[33.55377,32.53614],[33.56442,32.53609],[33.57507,32.53604],[33.58571,32.53599],[33.59636,32.53594],[33.60701,32.53589],[33.61766,32.53584],[33.62831,32.53579],[33.63896,32.53573],[33.64961,32.53568],[33.66025,32.53562],[33.6709,32.53556],[33.68155,32.53551],[33.6922,32.53545],[33.70285,32.53539],[33.7135,32.53533],[33.72415,32.53527],[33.73479,32.53521],[33.74544,32.53514]]]},"properties":{"name":"BLOCK 38","status":"OPEN","country":"Israel","area_sqkm":"400.282516044851","shore_status":"OFFSHORE"}},{"type":"Feature","id":"mps_mapping_block.2368223e-0278-441b-9801-ba0d6f13c84f","geometry":{"type":"Polygon","coordinates":[[[34.59717,32.52721],[34.59733,32.53623],[34.59749,32.54525],[34.59765,32.55426],[34.59781,32.56328],[34.59797,32.5723],[34.59813,32.58132],[34.59829,32.59034],[34.59845,32.59935],[34.59861,32.60837],[34.59877,32.61739],[34.59893,32.6264],[34.59909,32.63542],[34.59925,32.64444],[34.59941,32.65346],[34.59957,32.66248],[34.59974,32.67149],[34.59989,32.68051],[34.60006,32.68953],[34.60022,32.69854],[34.60038,32.70756],[34.58971,32.7077],[34.57904,32.70783],[34.56838,32.70797],[34.55771,32.7081],[34.54705,32.70823],[34.53638,32.70836],[34.52571,32.70849],[34.51505,32.70862],[34.50438,32.70875],[34.49372,32.70888],[34.48305,32.709],[34.47239,32.70913],[34.46172,32.70925],[34.45105,32.70938],[34.44558,32.70944],[34.3862,32.65517],[34.38608,32.64698],[34.38594,32.63795],[34.3858,32.62894],[34.38566,32.61992],[34.38552,32.6109],[34.38538,32.60188],[34.38524,32.59287],[34.38511,32.58385],[34.38496,32.57483],[34.38483,32.56581],[34.38469,32.55679],[34.38455,32.54777],[34.38441,32.53875],[34.38427,32.52974],[34.39492,32.52962],[34.40556,32.5295],[34.41621,32.52938],[34.42685,32.52926],[34.4375,32.52914],[34.44815,32.52902],[34.45879,32.52889],[34.46944,32.52877],[34.48008,32.52864],[34.49073,32.52852],[34.50137,32.52839],[34.51202,32.52827],[34.52266,32.52814],[34.53331,32.52801],[34.54395,32.52788],[34.55459,32.52774],[34.56524,32.52761],[34.57588,32.52748],[34.58653,32.52735],[34.59717,32.52721]]]},"properties":{"name":"BLOCK 42","status":"OPEN","country":"Israel","area_sqkm":"383.409631730466","shore_status":"OFFSHORE"}},{"type":"Feature","id":"mps_mapping_block.280bb0f9-7e30-4c2c-b97d-a5127057cc7a","geometry":{"type":"Polygon","coordinates":[[[34.01802,33.07444],[34.01779,33.07444],[34.00708,33.07453],[33.99637,33.07462],[33.98566,33.0747],[33.97494,33.07478],[33.96423,33.07487],[33.96433,33.08389],[33.96443,33.0929],[33.96453,33.10193],[33.96453,33.10239],[33.9604,33.10232],[33.86414,33.10057],[33.84599,33.07573],[33.80977,33.02608],[33.77362,33.04005],[33.74986,33.06242],[33.73497,33.07643],[33.73156,33.07963],[33.73054,33.07645],[33.72248,33.05149],[33.74504,33.02591],[33.74953,33.02358],[33.78491,33.00516],[33.74912,32.97503],[33.71304,32.94463],[33.64986,32.8965],[33.65223,32.89648],[33.66292,32.89643],[33.67361,32.89637],[33.6843,32.89631],[33.695,32.89625],[33.70569,32.89619],[33.71638,32.89613],[33.72707,32.89607],[33.73776,32.89601],[33.74845,32.89595],[33.75914,32.89588],[33.76983,32.89582],[33.78052,32.89575],[33.79122,32.89568],[33.80191,32.89561],[33.8126,32.89555],[33.8177,32.89551],[33.88589,32.95654],[33.9637,33.02603],[34.01802,33.07444]]]},"properties":{"name":"BLOCK 19","status":"OPEN","country":"Israel","area_sqkm":"352.985161340345","shore_status":"OFFSHORE"}},{"type":"Feature","id":"mps_mapping_block.3564a375-c2f7-4a4c-8127-a62034710e02","geometry":{"type":"Polygon","coordinates":[[[35.02386,32.24935],[35.02369,32.24845],[35.02323,32.24752],[35.02072,32.24393],[35.02023,32.24337],[35.01978,32.24305],[35.01952,32.24259],[35.01946,32.24147],[35.01975,32.24073],[35.02006,32.23944],[35.02005,32.23708],[35.01973,32.23583],[35.02026,32.23496],[35.01979,32.23426],[35.01942,32.234],[35.01889,32.23377],[35.01843,32.23368],[35.01783,32.2337],[35.01445,32.23566],[35.01385,32.2349],[35.01318,32.23432],[35.0124,32.23386],[35.01133,32.23343],[35.0109,32.23309],[35.01069,32.23261],[35.0107,32.23143],[35.01053,32.2306],[35.00875,32.22832],[35.00467,32.2238],[34.99814,32.21822],[34.99193,32.21353],[34.9913,32.21292],[34.99116,32.21147],[34.99075,32.21006],[34.99001,32.20863],[34.98978,32.20829],[34.98933,32.20787],[34.98848,32.20735],[34.98751,32.20701],[34.98673,32.20689],[34.98511,32.20685],[34.98401,32.20605],[34.98288,32.2044],[34.98233,32.20392],[34.98161,32.20365],[34.97784,32.20306],[34.97584,32.20097],[34.97522,32.20056],[34.97463,32.20031],[34.97374,32.20011],[34.97282,32.20011],[34.97193,32.2003],[34.97066,32.20082],[34.97001,32.20094],[34.96936,32.20094],[34.9682,32.20069],[34.96641,32.20065],[34.96518,32.20027],[34.96402,32.19974],[34.96317,32.1992],[34.96241,32.19859],[34.96173,32.19791],[34.96122,32.19725],[34.96064,32.19626],[34.96027,32.19529],[34.96005,32.1942],[34.96001,32.1932],[34.95935,32.19341],[34.95757,32.19089],[34.95732,32.19014],[34.95756,32.18624],[34.95833,32.18144],[34.95949,32.17571],[34.96156,32.17401],[34.96211,32.1737],[34.9631,32.17343],[34.96449,32.17343],[34.96413,32.16924],[34.96646,32.1691],[34.97051,32.16657],[34.97053,32.16479],[34.97069,32.16449],[34.9709,32.16435],[34.97226,32.16389],[34.97368,32.16296],[34.976,32.16076],[34.97731,32.15905],[34.97746,32.1584],[34.97729,32.15763],[34.97474,32.15368],[34.97466,32.15302],[34.97492,32.15239],[34.97525,32.15205],[34.97899,32.14933],[34.97957,32.14906],[34.98046,32.14889],[34.98262,32.14894],[34.98634,32.14866],[34.98848,32.14539],[34.99057,32.14254],[34.9906,32.14198],[34.99052,32.14131],[34.99032,32.14067],[34.99006,32.14016],[34.9893,32.13924],[34.98792,32.13821],[34.98794,32.13752],[34.98813,32.13651],[34.98902,32.13469],[34.98903,32.13405],[34.98754,32.13217],[34.98585,32.12883],[34.98564,32.12726],[34.98613,32.12474],[34.9868,32.12314],[34.98702,32.12222],[34.98839,32.12033],[34.98914,32.11968],[34.98894,32.11811],[34.98908,32.11526],[34.99143,32.11301],[34.99207,32.11219],[34.99255,32.11137],[34.99311,32.11073],[34.99353,32.10962],[34.99325,32.10723],[34.99289,32.10665],[34.99243,32.10627],[34.99174,32.10599],[34.99077,32.10585],[34.99045,32.10567],[34.99014,32.10532],[34.99003,32.10501],[34.99003,32.10463],[34.99029,32.10399],[34.99061,32.10347],[34.9907,32.10315],[34.99064,32.10272],[34.99039,32.10234],[34.98989,32.10201],[34.98875,32.10174],[34.98793,32.10142],[34.9869,32.10087],[34.9865,32.10045],[34.98639,32.10015],[34.9863,32.09881],[34.98592,32.09666],[34.98554,32.09514],[34.98463,32.09455],[34.98372,32.09308],[34.98291,32.09093],[34.98284,32.08982],[34.98299,32.08952],[34.98334,32.0892],[34.9838,32.08901],[34.98418,32.08897],[34.98472,32.08907],[34.98614,32.08975],[34.98685,32.08837],[34.98739,32.0863],[34.99571,32.06319],[34.99841,32.0553],[35.00281,32.04059],[35.00335,32.03319],[35.00343,32.03254],[35.00388,32.03139],[35.00443,32.02481],[35.00477,32.02297],[35.00509,32.02219],[35.00534,32.02192],[35.00418,32.02014],[35.00363,32.01954],[35.00293,32.01896],[35.00218,32.01849],[34.99969,32.01783],[34.99934,32.00834],[34.99924,31.99697],[34.9987,31.98833],[34.99862,31.98801],[34.91399,31.98784],[34.91076,32.00587],[34.89265,32.0401],[34.89261,32.05092],[34.85026,32.05081],[34.90293,32.13211],[34.93438,32.24941],[35.02386,32.24956],[35.02386,32.24935]]]},"properties":{"name":"ROSH HAAYIN","status":"OPEN","country":"Israel","area_sqkm":"242.900356599735","shore_status":"ONSHORE"}},{"type":"Feature","id":"mps_mapping_block.38d64f77-59fb-430f-9e95-7f184ca783bf","geometry":{"type":"Polygon","coordinates":[[[33.75074,33.16653],[33.75082,33.17555],[33.7509,33.18457],[33.75097,33.19359],[33.75105,33.20261],[33.75113,33.21163],[33.7512,33.22065],[33.75128,33.22967],[33.75136,33.23869],[33.75143,33.24771],[33.75151,33.25673],[33.74078,33.25679],[33.73004,33.25686],[33.71931,33.25692],[33.70857,33.25698],[33.69784,33.25704],[33.6871,33.2571],[33.67637,33.25716],[33.66563,33.25722],[33.6549,33.25727],[33.64416,33.25733],[33.63343,33.25738],[33.62269,33.25744],[33.61195,33.25749],[33.60122,33.25755],[33.59049,33.2576],[33.57975,33.25764],[33.56901,33.25769],[33.55828,33.25774],[33.54754,33.25779],[33.5368,33.25784],[33.53675,33.24882],[33.53669,33.2398],[33.53664,33.23078],[33.53658,33.22176],[33.53653,33.21274],[33.53647,33.20372],[33.53642,33.1947],[33.53637,33.18568],[33.53631,33.17666],[33.53625,33.16764],[33.5362,33.15862],[33.53614,33.1496],[33.53609,33.14058],[33.53603,33.13156],[33.53598,33.12254],[33.53593,33.11352],[33.53587,33.1045],[33.53582,33.09549],[33.53576,33.08646],[33.53571,33.07744],[33.53565,33.06842],[33.5356,33.0594],[33.53557,33.05512],[33.55473,33.07222],[33.56062,33.07733],[33.58097,33.09501],[33.71241,33.15774],[33.75067,33.15752],[33.75074,33.16653]]]},"properties":{"name":"BLOCK 10","status":"OPEN","country":"Israel","area_sqkm":"302.089413838752","shore_status":"OFFSHORE"}},{"type":"Feature","id":"mps_mapping_block.3eaefed5-57a8-484d-a4af-673cd78f25b7","geometry":{"type":"Polygon","coordinates":[[[33.97013,33.6084],[33.96896,33.60895],[33.96151,33.6125],[33.95406,33.61606],[33.95394,33.61611],[33.94661,33.6196],[33.93916,33.62315],[33.93171,33.6267],[33.92426,33.63025],[33.9168,33.6338],[33.90935,33.63735],[33.9019,33.6409],[33.89444,33.64444],[33.88922,33.64022],[33.884,33.636],[33.87878,33.63178],[33.87355,33.62756],[33.86833,33.62333],[33.86233,33.61843],[33.86033,33.6168],[33.85632,33.61352],[33.85032,33.60862],[33.84432,33.60371],[33.83832,33.5988],[33.83231,33.5939],[33.83078,33.59264],[33.82631,33.58899],[33.82031,33.58408],[33.81432,33.57917],[33.80832,33.57427],[33.80232,33.56936],[33.79632,33.56445],[33.79033,33.55954],[33.78433,33.55463],[33.77833,33.54972],[33.7723,33.54475],[33.76627,33.53978],[33.76024,33.53481],[33.75926,33.534],[33.76911,33.53088],[33.77715,33.52834],[33.78519,33.52579],[33.79323,33.52324],[33.80127,33.5207],[33.80931,33.51815],[33.81736,33.5156],[33.8254,33.51305],[33.83344,33.5105],[33.84148,33.50795],[33.84951,33.5054],[33.85755,33.50285],[33.86559,33.5003],[33.87363,33.49775],[33.88166,33.49519],[33.8897,33.49264],[33.89774,33.49009],[33.90577,33.48753],[33.91381,33.48498],[33.92184,33.48242],[33.92988,33.47987],[33.93791,33.47731],[33.94595,33.47475],[33.95398,33.47219],[33.96201,33.46964],[33.96856,33.46755],[33.9686,33.47169],[33.9687,33.48071],[33.9688,33.48973],[33.9689,33.49874],[33.96901,33.50776],[33.9691,33.51678],[33.96921,33.5258],[33.96931,33.53482],[33.96941,33.54384],[33.96951,33.55285],[33.96961,33.56187],[33.96971,33.57089],[33.96981,33.57991],[33.96991,33.58893],[33.97001,33.59795],[33.97011,33.60696],[33.97013,33.6084]]]},"properties":{"name":"BLOCK 1","status":"OPEN","country":"Israel","area_sqkm":"220.643581942761","shore_status":"OFFSHORE"}},{"type":"Feature","id":"mps_mapping_block.3fe68d3d-3010-476c-ae6c-9c857787bd5a","geometry":{"type":"Polygon","coordinates":[[[34.59084,32.1665],[34.591,32.17552],[34.59116,32.18454],[34.59132,32.19355],[34.59147,32.20257],[34.59163,32.21159],[34.59179,32.22061],[34.59194,32.22963],[34.5921,32.23864],[34.59226,32.24766],[34.59242,32.25668],[34.59257,32.2657],[34.59273,32.27472],[34.59289,32.28373],[34.59304,32.29275],[34.5932,32.30177],[34.59336,32.31079],[34.59352,32.31981],[34.59368,32.32882],[34.59384,32.33784],[34.59399,32.34686],[34.58337,32.34699],[34.57275,32.34713],[34.56212,32.34726],[34.5515,32.34739],[34.54088,32.34752],[34.53025,32.34765],[34.51963,32.34778],[34.50901,32.3479],[34.49838,32.34803],[34.48776,32.34816],[34.47713,32.34828],[34.46651,32.34841],[34.45589,32.34853],[34.44526,32.34865],[34.43464,32.34877],[34.42401,32.34889],[34.41339,32.34901],[34.40277,32.34913],[34.39214,32.34925],[34.38152,32.34936],[34.38138,32.34035],[34.38124,32.33133],[34.38111,32.32231],[34.38097,32.31329],[34.38083,32.30427],[34.3807,32.29525],[34.38056,32.28624],[34.38042,32.27721],[34.38029,32.2682],[34.38015,32.25918],[34.38001,32.25016],[34.37988,32.24114],[34.37974,32.23212],[34.3796,32.2231],[34.37947,32.21408],[34.37933,32.20507],[34.3792,32.19604],[34.37906,32.18703],[34.37893,32.17801],[34.37879,32.16899],[34.38939,32.16887],[34.39999,32.16875],[34.4106,32.16864],[34.4212,32.16852],[34.4318,32.1684],[34.44241,32.16828],[34.45301,32.16816],[34.46361,32.16804],[34.47422,32.16791],[34.48482,32.16779],[34.49542,32.16766],[34.50602,32.16754],[34.51663,32.16741],[34.52723,32.16728],[34.53783,32.16716],[34.54843,32.16703],[34.55904,32.1669],[34.56964,32.16676],[34.58024,32.16663],[34.59084,32.1665]]]},"properties":{"name":"BLOCK 57","status":"OPEN","country":"Israel","area_sqkm":"400.127310022207","shore_status":"OFFSHORE"}},{"type":"Feature","id":"mps_mapping_block.41435c08-2d59-43ad-82a1-6d9860ce3bd9","geometry":{"type":"Polygon","coordinates":[[[33.75151,33.25673],[33.75159,33.26575],[33.75167,33.27477],[33.75174,33.28378],[33.75182,33.29281],[33.7519,33.30182],[33.75198,33.31084],[33.75205,33.31986],[33.75213,33.32888],[33.75221,33.3379],[33.75229,33.34692],[33.75236,33.35594],[33.75244,33.36496],[33.75252,33.37397],[33.7526,33.383],[33.75267,33.39201],[33.75275,33.40103],[33.75283,33.41005],[33.75291,33.41907],[33.75299,33.42809],[33.75306,33.43711],[33.74231,33.43717],[33.73155,33.43724],[33.72079,33.4373],[33.71003,33.43736],[33.69928,33.43742],[33.68852,33.43749],[33.67777,33.43754],[33.667,33.4376],[33.65625,33.43766],[33.64549,33.43771],[33.64135,33.43774],[33.64011,33.43672],[33.63411,33.43185],[33.62812,33.42698],[33.62213,33.42211],[33.61614,33.41724],[33.61015,33.41237],[33.60417,33.4075],[33.59801,33.40249],[33.59186,33.39748],[33.58571,33.39247],[33.57956,33.38747],[33.57341,33.38246],[33.56726,33.37745],[33.56111,33.37244],[33.55496,33.36743],[33.54882,33.36242],[33.54267,33.35741],[33.53739,33.35311],[33.53736,33.34803],[33.5373,33.33902],[33.53725,33.32999],[33.53719,33.32098],[33.53714,33.31195],[33.53708,33.30294],[33.53702,33.29392],[33.53697,33.2849],[33.53692,33.27588],[33.53686,33.26686],[33.5368,33.25784],[33.54754,33.25779],[33.55828,33.25774],[33.56901,33.25769],[33.57975,33.25764],[33.59049,33.2576],[33.60122,33.25755],[33.61195,33.25749],[33.62269,33.25744],[33.63343,33.25738],[33.64416,33.25733],[33.6549,33.25727],[33.66563,33.25722],[33.67637,33.25716],[33.6871,33.2571],[33.69784,33.25704],[33.70857,33.25698],[33.71931,33.25692],[33.73004,33.25686],[33.74078,33.25679],[33.75151,33.25673]]]},"properties":{"name":"BLOCK 5","status":"OPEN","country":"Israel","area_sqkm":"354.879896488649","shore_status":"OFFSHORE"}},{"type":"Feature","id":"mps_mapping_block.43650f79-2b10-40fe-83b1-181cb26e564d","geometry":{"type":"Polygon","coordinates":[[[34.38152,32.34936],[34.38166,32.35838],[34.38179,32.3674],[34.38193,32.37642],[34.38207,32.38544],[34.38221,32.39446],[34.38234,32.40348],[34.38248,32.41249],[34.38262,32.42151],[34.38276,32.43053],[34.38289,32.43955],[34.38303,32.44857],[34.38317,32.45759],[34.38331,32.46661],[34.38345,32.47563],[34.38358,32.48465],[34.38372,32.49366],[34.38386,32.50268],[34.38399,32.5117],[34.38413,32.52072],[34.38427,32.52974],[34.37363,32.52985],[34.36298,32.52997],[34.35234,32.53008],[34.34169,32.5302],[34.33104,32.53031],[34.3204,32.53042],[34.30975,32.53054],[34.29911,32.53064],[34.28846,32.53075],[34.27781,32.53086],[34.26717,32.53097],[34.25652,32.53108],[34.24588,32.53119],[34.23523,32.53129],[34.22458,32.53139],[34.21394,32.53149],[34.20329,32.5316],[34.19264,32.5317],[34.182,32.5318],[34.17135,32.5319],[34.17123,32.52288],[34.17112,32.51386],[34.171,32.50484],[34.17088,32.49582],[34.17077,32.4868],[34.16948,32.38759],[34.16937,32.37857],[34.16925,32.36955],[34.16914,32.36053],[34.16902,32.35151],[34.17965,32.35141],[34.19027,32.35131],[34.3284,32.34994],[34.33902,32.34982],[34.34964,32.34971],[34.36027,32.34959],[34.37089,32.34948],[34.38152,32.34936]]]},"properties":{"name":"BLOCK 49","status":"OPEN","country":"Israel","area_sqkm":"400.177472140082","shore_status":"OFFSHORE"}},{"type":"Feature","id":"mps_mapping_block.497466e6-91b7-4624-97b3-fae3e3f00bb2","geometry":{"type":"Polygon","coordinates":[[[34.96914,32.88268],[35.01573,33.0623],[35.01376,33.06233],[35.00305,33.0625],[34.99234,33.06267],[34.98164,33.06285],[34.97093,33.06302],[34.96022,33.06319],[34.94952,33.06335],[34.93881,33.06352],[34.9281,33.06369],[34.9174,33.06385],[34.90669,33.06401],[34.89599,33.06418],[34.88528,33.06434],[34.87457,33.0645],[34.86386,33.06466],[34.85316,33.06482],[34.84245,33.06498],[34.83174,33.06514],[34.82104,33.0653],[34.82085,33.05628],[34.82067,33.04726],[34.82048,33.03825],[34.82029,33.02923],[34.82011,33.02022],[34.81992,33.0112],[34.81974,33.00219],[34.81955,32.99317],[34.81937,32.98415],[34.81918,32.97514],[34.819,32.96612],[34.81881,32.95711],[34.81863,32.94809],[34.81844,32.93908],[34.81826,32.93006],[34.81808,32.92104],[34.81789,32.91202],[34.81771,32.90301],[34.81752,32.89399],[34.81734,32.88498],[34.82803,32.88482],[34.83871,32.88467],[34.8494,32.88451],[34.86008,32.88435],[34.87077,32.88419],[34.88145,32.88403],[34.89214,32.88387],[34.90282,32.88371],[34.91351,32.88354],[34.92419,32.88338],[34.93487,32.88322],[34.94556,32.88305],[34.95625,32.88288],[34.96693,32.88271],[34.96914,32.88268]]]},"properties":{"name":"BLOCK 25","status":"OPEN","country":"Israel","area_sqkm":"323.927334351336","shore_status":"OFFSHORE"}},{"type":"Feature","id":"mps_mapping_block.4cbc4ebb-32da-40fa-ace6-48731ff9ff9b","geometry":{"type":"Polygon","coordinates":[[[34.60898,33.18366],[34.6104,33.26094],[34.37542,33.33708],[34.37451,33.27936],[34.39599,33.27912],[34.39451,33.18624],[34.60898,33.18366]]]},"properties":{"name":"BLOCK 72","status":"OPEN","country":"Israel","area_sqkm":"257.482591436565","shore_status":"OFFSHORE"}},{"type":"Feature","id":"mps_mapping_block.4e27e6e0-4de9-4dda-9822-eaea09cf3900","geometry":{"type":"Polygon","coordinates":[[[33.5368,33.25784],[33.53686,33.26686],[33.53692,33.27588],[33.53697,33.2849],[33.53702,33.29392],[33.53708,33.30294],[33.53714,33.31195],[33.53719,33.32098],[33.53725,33.32999],[33.5373,33.33902],[33.53736,33.34803],[33.53739,33.35311],[33.39898,33.24015],[33.39911,33.24004],[33.43108,33.21235],[33.32162,33.12358],[33.3214,33.06916],[33.53565,33.06842],[33.53571,33.07744],[33.53576,33.08646],[33.53582,33.09549],[33.53587,33.1045],[33.53593,33.11352],[33.53598,33.12254],[33.53603,33.13156],[33.53609,33.14058],[33.53614,33.1496],[33.5362,33.15862],[33.53625,33.16764],[33.53631,33.17666],[33.53637,33.18568],[33.53642,33.1947],[33.53647,33.20372],[33.53653,33.21274],[33.53658,33.22176],[33.53664,33.23078],[33.53669,33.2398],[33.53675,33.24882],[33.5368,33.25784]]]},"properties":{"name":"BLOCK 9","status":"OPEN","country":"Israel","area_sqkm":"383.73408833369","shore_status":"OFFSHORE"}},{"type":"Feature","id":"mps_mapping_block.590b271b-3b23-4c0d-b6bf-4374fa3b3446","geometry":{"type":"Polygon","coordinates":[[[33.9991,36.62421],[33.9991,36.49921],[33.8743,36.49921],[33.74951,36.49921],[33.74951,36.62421],[33.74951,36.74921],[33.8743,36.74921],[33.9991,36.74921],[33.9991,36.62421]]]},"properties":{"name":"O31C","status":"OPEN","country":"Turkiye","area_sqkm":"619.359403529488","shore_status":"ONSHORE"}},{"type":"Feature","id":"mps_mapping_block.59e6bb89-ae4a-40ed-a92c-54c79c22028f","geometry":{"type":"Polygon","coordinates":[[[33.3214,33.06916],[33.32162,33.12358],[33.31918,33.1216],[33.31173,33.11554],[33.30428,33.10949],[33.29683,33.10344],[33.28938,33.09738],[33.28252,33.0918],[33.28193,33.09132],[33.27565,33.09679],[33.26937,33.10225],[33.26309,33.10772],[33.25681,33.11318],[33.25053,33.11864],[33.16236,33.04613],[33.14885,33.03495],[33.14537,33.03208],[33.13956,33.02727],[33.13375,33.02246],[33.12794,33.01765],[33.12212,33.01285],[33.11631,33.00804],[33.1105,33.00323],[33.10705,33.00037],[33.10704,32.99737],[33.10703,32.98835],[33.10702,32.97932],[33.10701,32.97031],[33.107,32.96128],[33.10699,32.95226],[33.10698,32.94324],[33.10697,32.93422],[33.10696,32.9252],[33.10695,32.91618],[33.10694,32.90716],[33.10693,32.89814],[33.11762,32.89813],[33.12831,32.89812],[33.139,32.89811],[33.1497,32.8981],[33.16039,32.89808],[33.17108,32.89807],[33.18177,32.89806],[33.19247,32.89804],[33.20316,32.89802],[33.21385,32.898],[33.22454,32.89798],[33.23523,32.89796],[33.24593,32.89794],[33.25662,32.89792],[33.26731,32.8979],[33.278,32.89788],[33.2887,32.89785],[33.29939,32.89783],[33.31008,32.8978],[33.32077,32.89777],[33.32081,32.9068],[33.32084,32.91582],[33.32087,32.92484],[33.3209,32.93386],[33.32094,32.94288],[33.32097,32.9519],[33.321,32.96092],[33.32103,32.96994],[33.32107,32.97896],[33.3211,32.98798],[33.32113,32.997],[33.32117,33.00602],[33.3212,33.01504],[33.32123,33.02406],[33.32126,33.03308],[33.32128,33.03768],[33.32131,33.04582],[33.3214,33.06916]]]},"properties":{"name":"BLOCK 17","status":"OPEN","country":"Israel","area_sqkm":"392.958187594213","shore_status":"OFFSHORE"}},{"type":"Feature","id":"mps_mapping_block.5b0e081b-44bc-43a2-836b-473171df1b07","geometry":{"type":"Polygon","coordinates":[[[34.58374,31.75331],[34.58386,31.76067],[34.58402,31.76969],[34.58417,31.77871],[34.58432,31.78773],[34.58448,31.79675],[34.58463,31.80577],[34.57407,31.8059],[34.56351,31.80603],[34.55295,31.80616],[34.54239,31.80629],[34.53183,31.80641],[34.52126,31.80654],[34.5107,31.80666],[34.50014,31.80679],[34.48958,31.80691],[34.47902,31.80704],[34.46846,31.80716],[34.4579,31.80728],[34.44733,31.8074],[34.43677,31.80752],[34.42621,31.80764],[34.41565,31.80776],[34.40509,31.80787],[34.39471,31.80799],[34.40149,31.78724],[34.37616,31.78708],[34.37656,31.74199],[34.37242,31.74196],[34.33646,31.74173],[34.29218,31.70013],[34.2921,31.70006],[34.29888,31.6962],[34.3057,31.69232],[34.31251,31.68844],[34.31932,31.68457],[34.32613,31.68069],[34.33294,31.67681],[34.33975,31.67293],[34.34656,31.66905],[34.35337,31.66517],[34.36018,31.66129],[34.36699,31.65742],[34.37114,31.65505],[34.3738,31.65354],[34.3806,31.64965],[34.38741,31.64578],[34.39422,31.64189],[34.40102,31.63801],[34.40783,31.63413],[34.41463,31.63025],[34.41981,31.62729],[34.42345,31.62725],[34.43399,31.62713],[34.44453,31.62701],[34.45507,31.6269],[34.46561,31.62677],[34.47616,31.62665],[34.4867,31.62653],[34.49724,31.62641],[34.50778,31.62628],[34.50937,31.62627],[34.58374,31.75331]]]},"properties":{"name":"BLOCK 69","status":"OPEN","country":"Israel","area_sqkm":"381.57273650048","shore_status":"OFFSHORE"}},{"type":"Feature","id":"mps_mapping_block.5f0e3d1c-a694-4c97-bd46-9635343d5a22","geometry":{"type":"Polygon","coordinates":[[[34.95444,32.82583],[34.96914,32.88268],[34.96693,32.88271],[34.95625,32.88288],[34.94556,32.88305],[34.93487,32.88322],[34.92419,32.88338],[34.91351,32.88354],[34.90282,32.88371],[34.89214,32.88387],[34.88145,32.88403],[34.87077,32.88419],[34.86008,32.88435],[34.8494,32.88451],[34.83871,32.88467],[34.82803,32.88482],[34.81734,32.88498],[34.81715,32.87596],[34.81697,32.86695],[34.81679,32.85793],[34.81661,32.84891],[34.81642,32.8399],[34.81623,32.83088],[34.81605,32.82187],[34.81587,32.81285],[34.81569,32.80384],[34.8155,32.79482],[34.81532,32.78581],[34.81514,32.77679],[34.81495,32.76777],[34.81477,32.75876],[34.81459,32.74974],[34.8144,32.74072],[34.81422,32.7317],[34.81404,32.72269],[34.81386,32.71367],[34.81368,32.70466],[34.82434,32.7045],[34.835,32.70435],[34.84566,32.70419],[34.85633,32.70403],[34.86699,32.70387],[34.87766,32.70372],[34.88832,32.70356],[34.89898,32.7034],[34.90965,32.70323],[34.92031,32.70307],[34.92276,32.70303],[34.95444,32.82583]]]},"properties":{"name":"BLOCK 35","status":"OPEN","country":"Israel","area_sqkm":"244.383824939063","shore_status":"BOTH"}},{"type":"Feature","id":"mps_mapping_block.64cbd6f1-ff0e-484f-add7-89c2665e5150","geometry":{"type":"Polygon","coordinates":[[[33.5344,32.86071],[33.5344,32.86096],[33.53445,32.86998],[33.53451,32.879],[33.53457,32.88802],[33.53462,32.89704],[33.52393,32.89709],[33.51323,32.89713],[33.50254,32.89718],[33.49185,32.89722],[33.48116,32.89726],[33.47047,32.8973],[33.45977,32.89734],[33.44908,32.89738],[33.43839,32.89742],[33.4277,32.89745],[33.417,32.89749],[33.40631,32.89753],[33.39562,32.89756],[33.38493,32.89759],[33.37424,32.89763],[33.36354,32.89766],[33.35285,32.89769],[33.34216,32.89772],[33.33147,32.89775],[33.32077,32.89777],[33.32074,32.88876],[33.32071,32.87973],[33.32068,32.87071],[33.32064,32.86169],[33.32061,32.85267],[33.32058,32.84365],[33.32055,32.83463],[33.32052,32.82561],[33.32048,32.81659],[33.32045,32.80757],[33.32042,32.79855],[33.32039,32.78953],[33.32035,32.78051],[33.32032,32.77149],[33.32029,32.76247],[33.32026,32.75345],[33.32023,32.74443],[33.32019,32.73541],[33.32016,32.72639],[33.32013,32.71737],[33.3308,32.71734],[33.34147,32.71731],[33.35214,32.71728],[33.36281,32.71725],[33.37348,32.71722],[33.38415,32.71719],[33.39482,32.71715],[33.4055,32.71712],[33.41616,32.71708],[33.42683,32.71705],[33.4375,32.71701],[33.44817,32.71697],[33.45885,32.71693],[33.46952,32.7169],[33.48019,32.71685],[33.49086,32.71681],[33.50153,32.71677],[33.5122,32.71673],[33.52287,32.71668],[33.53354,32.71664],[33.53359,32.72566],[33.53365,32.73468],[33.5337,32.7437],[33.53375,32.75272],[33.53381,32.76174],[33.53386,32.77076],[33.53392,32.77978],[33.53397,32.7888],[33.53402,32.79782],[33.53408,32.80684],[33.53413,32.81586],[33.53418,32.82488],[33.53424,32.8339],[33.53424,32.83451],[33.5261,32.84106],[33.5344,32.86071]]]},"properties":{"name":"BLOCK 28","status":"OPEN","country":"Israel","area_sqkm":"399.191606802951","shore_status":"OFFSHORE"}},{"type":"Feature","id":"mps_mapping_block.652557b6-c74f-48bf-8cdc-c4ee6f25faa8","geometry":{"type":"Polygon","coordinates":[[[33.75067,33.15752],[33.77554,33.15736],[33.74009,33.12674],[33.73126,33.09804],[33.73156,33.07963],[33.73054,33.07645],[33.72248,33.05149],[33.74504,33.02591],[33.74953,33.02358],[33.78491,33.00516],[33.74912,32.97503],[33.71304,32.94463],[33.55473,33.07222],[33.56062,33.07733],[33.58097,33.09501],[33.71241,33.15774],[33.75067,33.15752]]]},"properties":{"name":"LEVIATHAN NORTH","status":"CURRENT","country":"Israel","area_sqkm":"249.748952213359","shore_status":"OFFSHORE"}},{"type":"Feature","id":"mps_mapping_block.d78e6968-6d25-487f-8e4d-ddb928863aff","geometry":{"type":"Polygon","coordinates":[[[35.25,36.0],[35.25,36.25],[35.46475,36.25],[35.46945,36.24724],[35.5,36.23213],[35.5,36.0],[35.25,36.0]]]},"properties":{"name":"P34, P35","status":"CURRENT","country":"Turkiye","area_sqkm":"621.05584200812","shore_status":"OFFSHORE"}},{"type":"Feature","id":"mps_mapping_block.35e9f22d-2b7f-4702-8e37-a6a19c017b92","geometry":{"type":"Polygon","coordinates":[[[34.95135,36.5],[34.97301,36.4861],[35.0,36.47419],[35.0,36.25],[34.75,36.25],[34.75,36.5],[34.95135,36.5]]]},"properties":{"name":"O33, P32, P33","status":"CURRENT","country":"Turkiye","area_sqkm":"615.469373703711","shore_status":"OFFSHORE"}},{"type":"Feature","id":"mps_mapping_block.7489b84c-903f-4062-99f3-aaa36d91ba5e","geometry":{"type":"Polygon","coordinates":[[[34.38985,32.89046],[34.39,32.89948],[34.39014,32.9085],[34.39028,32.91752],[34.39042,32.92653],[34.39056,32.93555],[34.3907,32.94457],[34.39084,32.95359],[34.39098,32.96261],[34.39113,32.97162],[34.39127,32.98064],[34.39141,32.98966],[34.39155,32.99868],[34.39169,33.00769],[34.39183,33.01671],[34.39198,33.02573],[34.39212,33.03474],[34.39226,33.04376],[34.3924,33.05278],[34.39254,33.0618],[34.39269,33.07082],[34.38197,33.07093],[34.37127,33.07105],[34.36055,33.07117],[34.34984,33.07129],[34.33913,33.0714],[34.32842,33.07152],[34.31771,33.07163],[34.307,33.07175],[34.29629,33.07186],[34.28558,33.07197],[34.27487,33.07208],[34.26416,33.07219],[34.25345,33.07229],[34.24274,33.0724],[34.23203,33.07251],[34.22131,33.07261],[34.2106,33.07272],[34.19989,33.07282],[34.18918,33.07293],[34.17847,33.07303],[34.17835,33.06401],[34.17823,33.05499],[34.17811,33.04597],[34.17799,33.03695],[34.17787,33.02793],[34.17775,33.01891],[34.17763,33.0099],[34.17751,33.00088],[34.17739,32.99186],[34.17727,32.98284],[34.17715,32.97382],[34.17703,32.96481],[34.17691,32.95579],[34.17679,32.94677],[34.17667,32.93775],[34.17655,32.92873],[34.17643,32.91971],[34.17631,32.91069],[34.17619,32.90167],[34.17607,32.89265],[34.18676,32.89256],[34.19745,32.89245],[34.20814,32.89235],[34.21883,32.89225],[34.22952,32.89214],[34.24021,32.89204],[34.2509,32.89193],[34.26159,32.89182],[34.27228,32.89171],[34.28297,32.8916],[34.29366,32.89149],[34.30434,32.89138],[34.31504,32.89127],[34.32573,32.89116],[34.33641,32.89104],[34.3471,32.89093],[34.35779,32.89082],[34.36848,32.8907],[34.37917,32.89058],[34.38985,32.89046]]]},"properties":{"name":"BLOCK 22","status":"OPEN","country":"Israel","area_sqkm":"400.178585391914","shore_status":"OFFSHORE"}},{"type":"Feature","id":"mps_mapping_block.b806b436-5c44-4cdb-8650-c2cfeafce9d9","geometry":{"type":"Polygon","coordinates":[[[35.25,36.25],[35.25,36.35072],[35.25998,36.34739],[35.30935,36.33117],[35.33403,36.32412],[35.37706,36.30155],[35.46475,36.25],[35.25,36.25]]]},"properties":{"name":"P34, P35","status":"CURRENT","country":"Turkiye","area_sqkm":"122.320929731859","shore_status":"OFFSHORE"}},{"type":"Feature","id":"mps_mapping_block.7ee22a29-293f-4d28-932b-0fa1ceef90f7","geometry":{"type":"Polygon","coordinates":[[[36.24948,36.62421],[36.24948,36.49921],[36.12468,36.49921],[35.99989,36.49921],[35.99989,36.62421],[35.99989,36.74921],[36.12468,36.74921],[36.24948,36.74921],[36.24948,36.62421]]]},"properties":{"name":"O36D","status":"OPEN","country":"Turkiye","area_sqkm":"619.356922042244","shore_status":"BOTH"}},{"type":"Feature","id":"mps_mapping_block.82655bd3-98eb-4ea1-9553-481d1fc43d67","geometry":{"type":"Polygon","coordinates":[[[33.74845,32.89595],[33.73776,32.89601],[33.72707,32.89607],[33.71638,32.89613],[33.70569,32.89619],[33.695,32.89625],[33.6843,32.89631],[33.67361,32.89637],[33.66292,32.89643],[33.65223,32.89648],[33.64986,32.8965],[33.551,32.82103],[33.53424,32.83451],[33.53424,32.8339],[33.53418,32.82488],[33.53413,32.81586],[33.53408,32.80684],[33.53402,32.79782],[33.53397,32.7888],[33.53392,32.77978],[33.53386,32.77076],[33.53381,32.76174],[33.53375,32.75272],[33.5337,32.7437],[33.53365,32.73468],[33.53359,32.72566],[33.53354,32.71664],[33.54421,32.71659],[33.55488,32.71655],[33.56555,32.7165],[33.57622,32.71645],[33.58689,32.7164],[33.59756,32.71635],[33.60823,32.7163],[33.6189,32.71625],[33.62957,32.71619],[33.64024,32.71614],[33.65091,32.71608],[33.66158,32.71603],[33.67225,32.71597],[33.68292,32.71592],[33.69359,32.71585],[33.70426,32.7158],[33.71493,32.71574],[33.7256,32.71567],[33.73627,32.71561],[33.74694,32.71555],[33.74702,32.72457],[33.74709,32.73359],[33.74717,32.74261],[33.74724,32.75163],[33.74732,32.76065],[33.74739,32.76967],[33.74747,32.77869],[33.74754,32.78771],[33.74762,32.79673],[33.7477,32.80575],[33.74777,32.81477],[33.74784,32.82379],[33.74792,32.83281],[33.748,32.84183],[33.74807,32.85085],[33.74815,32.85987],[33.74822,32.86889],[33.7483,32.87791],[33.74838,32.88693],[33.74845,32.89595]]]},"properties":{"name":"BLOCK 29","status":"OPEN","country":"Israel","area_sqkm":"349.408256896857","shore_status":"OFFSHORE"}},{"type":"Feature","id":"mps_mapping_block.85ccb948-5aad-494a-aeb7-33ba7f021cf2","geometry":{"type":"Polygon","coordinates":[[[33.95461,32.1729],[34.16671,32.17112],[34.16442,31.99073],[33.95274,31.99249],[33.95461,32.1729]]]},"properties":{"name":"BLOCK 426","status":"CURRENT","country":"Israel","area_sqkm":"400.216895772933","shore_status":"OFFSHORE"}},{"type":"Feature","id":"mps_mapping_block.90647481-3e2f-4744-9753-b29f9e50ab09","geometry":{"type":"Polygon","coordinates":[[[34.81004,32.52433],[34.81022,32.53334],[34.8104,32.54236],[34.81059,32.55138],[34.81076,32.56039],[34.81095,32.56941],[34.81113,32.57843],[34.81131,32.58744],[34.81149,32.59646],[34.81167,32.60548],[34.81186,32.61449],[34.81204,32.62351],[34.81222,32.63253],[34.8124,32.64154],[34.81258,32.65056],[34.81276,32.65958],[34.81295,32.66859],[34.81313,32.67761],[34.81331,32.68662],[34.81349,32.69564],[34.81368,32.70466],[34.80301,32.70481],[34.79235,32.70496],[34.78168,32.70512],[34.77101,32.70526],[34.76035,32.70542],[34.74969,32.70557],[34.73902,32.70571],[34.72836,32.70586],[34.71769,32.70601],[34.70703,32.70615],[34.69637,32.7063],[34.6857,32.70644],[34.67503,32.70658],[34.66437,32.70673],[34.65371,32.70687],[34.64304,32.70701],[34.63237,32.70715],[34.62171,32.70729],[34.61104,32.70742],[34.60038,32.70756],[34.60022,32.69854],[34.60006,32.68953],[34.59989,32.68051],[34.59974,32.67149],[34.59957,32.66248],[34.59941,32.65346],[34.59925,32.64444],[34.59909,32.63542],[34.59893,32.6264],[34.59877,32.61739],[34.59861,32.60837],[34.59845,32.59935],[34.59829,32.59034],[34.59813,32.58132],[34.59797,32.5723],[34.59781,32.56328],[34.59765,32.55426],[34.59749,32.54525],[34.59733,32.53623],[34.59717,32.52721],[34.60782,32.52708],[34.61846,32.52694],[34.62911,32.5268],[34.63975,32.52667],[34.65039,32.52652],[34.66103,32.52639],[34.67168,32.52625],[34.68232,32.5261],[34.69297,32.52596],[34.70361,32.52581],[34.71425,32.52567],[34.72489,32.52552],[34.73554,32.52538],[34.74618,32.52523],[34.75683,32.52508],[34.76747,32.52493],[34.77811,32.52478],[34.78876,32.52463],[34.7994,32.52448],[34.81004,32.52433]]]},"properties":{"name":"BLOCK 43","status":"OPEN","country":"Israel","area_sqkm":"400.070208512849","shore_status":"OFFSHORE"}},{"type":"Feature","id":"mps_mapping_block.91442e6a-f370-40b7-8a8e-87e45e1baf16","geometry":{"type":"Polygon","coordinates":[[[34.18285,33.39905],[34.1787,33.40038],[34.17068,33.40295],[34.16266,33.40552],[34.15464,33.4081],[34.14662,33.41066],[34.1386,33.41324],[34.13058,33.41581],[34.12255,33.41837],[34.11453,33.42094],[34.10651,33.42351],[34.09849,33.42607],[34.09046,33.42864],[34.08244,33.43121],[34.07441,33.43378],[34.0713,33.43477],[34.06639,33.43634],[34.05836,33.4389],[34.05033,33.44147],[34.04231,33.44403],[34.03428,33.44659],[34.02625,33.44916],[34.01822,33.45172],[34.01019,33.45428],[34.00216,33.45684],[33.99413,33.4594],[33.9861,33.46196],[33.97807,33.46452],[33.97004,33.46708],[33.96856,33.46755],[33.9685,33.46267],[33.9684,33.45365],[33.9683,33.44463],[33.9682,33.43562],[33.9681,33.4266],[33.968,33.41758],[33.9679,33.40856],[33.9678,33.39954],[33.9677,33.39052],[33.9676,33.3815],[33.9675,33.37249],[33.9674,33.36347],[33.9673,33.35445],[33.9672,33.34543],[33.9671,33.33641],[33.967,33.32739],[33.9669,33.31838],[33.96681,33.30936],[33.9667,33.30034],[33.96661,33.29132],[33.9665,33.2823],[33.96641,33.27328],[33.96631,33.26426],[33.96621,33.25524],[33.97694,33.25516],[33.98768,33.25507],[33.99841,33.25499],[34.00914,33.2549],[34.01988,33.25481],[34.03061,33.25473],[34.04135,33.25464],[34.05208,33.25455],[34.06281,33.25446],[34.07355,33.25436],[34.08428,33.25427],[34.09502,33.25418],[34.10575,33.25408],[34.11648,33.25399],[34.12722,33.25389],[34.13795,33.25379],[34.14869,33.25369],[34.15942,33.25359],[34.17015,33.25349],[34.18089,33.25339],[34.181,33.26241],[34.18113,33.27143],[34.18125,33.28045],[34.18137,33.28946],[34.18149,33.29848],[34.18161,33.3075],[34.18174,33.31652],[34.18185,33.32554],[34.18198,33.33455],[34.1821,33.34357],[34.18222,33.35259],[34.18234,33.36161],[34.18247,33.37062],[34.18259,33.37964],[34.18271,33.38866],[34.18283,33.39768],[34.18285,33.39905]]]},"properties":{"name":"BLOCK 7","status":"OPEN","country":"Israel","area_sqkm":"397.156253565743","shore_status":"OFFSHORE"}},{"type":"Feature","id":"mps_mapping_block.928ac55e-e891-4efb-a4e0-c74332896d50","geometry":{"type":"Polygon","coordinates":[[[33.96856,33.46755],[33.96201,33.46964],[33.95398,33.47219],[33.94595,33.47475],[33.93791,33.47731],[33.92988,33.47987],[33.92184,33.48242],[33.91381,33.48498],[33.90577,33.48753],[33.89774,33.49009],[33.8897,33.49264],[33.88166,33.49519],[33.87363,33.49775],[33.86559,33.5003],[33.85755,33.50285],[33.84951,33.5054],[33.84148,33.50795],[33.83344,33.5105],[33.8254,33.51305],[33.81736,33.5156],[33.80931,33.51815],[33.80127,33.5207],[33.79323,33.52324],[33.78519,33.52579],[33.77715,33.52834],[33.76911,33.53088],[33.75926,33.534],[33.75422,33.52984],[33.75386,33.52955],[33.74818,33.52486],[33.74216,33.51989],[33.73613,33.51492],[33.73011,33.50995],[33.72408,33.50497],[33.71806,33.5],[33.71205,33.49513],[33.70605,33.49027],[33.70006,33.4854],[33.69406,33.48053],[33.68806,33.47567],[33.68206,33.4708],[33.67607,33.46594],[33.67007,33.46107],[33.66408,33.4562],[33.65808,33.45133],[33.65209,33.44646],[33.6461,33.44159],[33.64135,33.43774],[33.64549,33.43771],[33.65625,33.43766],[33.667,33.4376],[33.67777,33.43754],[33.68852,33.43749],[33.69928,33.43742],[33.71003,33.43736],[33.72079,33.4373],[33.73155,33.43724],[33.74231,33.43717],[33.75306,33.43711],[33.76382,33.43704],[33.77458,33.43698],[33.78534,33.43691],[33.79609,33.43684],[33.80685,33.43677],[33.81761,33.4367],[33.82836,33.43663],[33.83912,33.43656],[33.84988,33.43648],[33.86063,33.43641],[33.87139,33.43633],[33.88215,33.43626],[33.89291,33.43618],[33.90366,33.4361],[33.91442,33.43602],[33.92518,33.43594],[33.93593,33.43586],[33.94669,33.43578],[33.95744,33.4357],[33.9682,33.43562],[33.9683,33.44463],[33.9684,33.45365],[33.9685,33.46267],[33.96856,33.46755]]]},"properties":{"name":"BLOCK 4","status":"OPEN","country":"Israel","area_sqkm":"197.688274895188","shore_status":"OFFSHORE"}},{"type":"Feature","id":"mps_mapping_block.93cfd1b8-2593-418e-a5ea-fe14106d8d02","geometry":{"type":"Polygon","coordinates":[[[34.16671,32.17112],[34.37879,32.16899],[34.37608,31.98861],[34.2728,31.98969],[34.20003,32.01694],[34.18467,31.99054],[34.16442,31.99073],[34.16671,32.17112]]]},"properties":{"name":"BLOCK 427","status":"CURRENT","country":"Israel","area_sqkm":"387.917381543049","shore_status":"OFFSHORE"}},{"type":"Feature","id":"mps_mapping_block.94741b58-55ba-4a51-94cc-ed56addc613f","geometry":{"type":"Polygon","coordinates":[[[33.53354,32.71664],[33.32013,32.71737],[33.31949,32.53695],[33.47349,32.53646],[33.53247,32.53623],[33.53354,32.71664]]]},"properties":{"name":"BLOCK 37","status":"OPEN","country":"Israel","area_sqkm":"400.303455371151","shore_status":"OFFSHORE"}},{"type":"Feature","id":"mps_mapping_block.46648f99-0741-4370-8ccb-f4b479c4dae1","geometry":{"type":"Polygon","coordinates":[[[33.24931,36.37421],[33.24931,36.24921],[33.12452,36.24921],[32.99972,36.24921],[32.99972,36.37421],[32.99972,36.49921],[33.12452,36.49921],[33.24931,36.49921],[33.24931,36.37421]]]},"properties":{"name":"P30A","status":"OPEN","country":"Turkiye","area_sqkm":"621.334954230759","shore_status":"ONSHORE"}},{"type":"Feature","id":"mps_mapping_block.7c658df3-d9db-42d9-b5da-0a651a34886f","geometry":{"type":"Polygon","coordinates":[[[35.99989,35.87342],[35.99989,35.74921],[35.87408,35.74921],[35.74928,35.74921],[35.74928,35.87342],[35.74928,35.99842],[35.87408,35.99842],[35.99989,35.99842],[35.99989,35.87342]]]},"properties":{"name":"R35B","status":"OPEN","country":"Turkiye","area_sqkm":"625.779700199532","shore_status":"BOTH"}},{"type":"Feature","id":"mps_mapping_block.a5b2dd65-f4f7-486b-8806-5dbd1293a3c3","geometry":{"type":"Polygon","coordinates":[[[34.1843,33.50596],[34.17728,33.50933],[34.16985,33.51289],[34.16241,33.51646],[34.15498,33.52002],[34.14755,33.52358],[34.14011,33.52714],[34.13267,33.5307],[34.12524,33.53427],[34.1178,33.53783],[34.11037,33.54139],[34.10293,33.54495],[34.09549,33.54851],[34.08805,33.55207],[34.08062,33.55563],[34.07318,33.55918],[34.06574,33.56274],[34.0583,33.5663],[34.05085,33.56985],[34.04341,33.57341],[34.03597,33.57697],[34.02853,33.58052],[34.02108,33.58408],[34.01364,33.58763],[34.00619,33.59119],[33.99875,33.59474],[33.9913,33.59829],[33.98386,33.60184],[33.97641,33.6054],[33.97013,33.6084],[33.97011,33.60696],[33.97001,33.59795],[33.96991,33.58893],[33.96981,33.57991],[33.96971,33.57089],[33.96961,33.56187],[33.96951,33.55285],[33.96941,33.54384],[33.96931,33.53482],[33.96921,33.5258],[33.9691,33.51678],[33.96901,33.50776],[33.9689,33.49874],[33.9688,33.48973],[33.9687,33.48071],[33.9686,33.47169],[33.96856,33.46755],[33.97004,33.46708],[33.97807,33.46452],[33.9861,33.46196],[33.99413,33.4594],[34.00216,33.45684],[34.01019,33.45428],[34.01822,33.45172],[34.02625,33.44916],[34.03428,33.44659],[34.04231,33.44403],[34.05033,33.44147],[34.05836,33.4389],[34.06639,33.43634],[34.0713,33.43477],[34.07441,33.43378],[34.08244,33.43121],[34.09046,33.42864],[34.09849,33.42607],[34.10651,33.42351],[34.11453,33.42094],[34.12255,33.41837],[34.13058,33.41581],[34.1386,33.41324],[34.14662,33.41066],[34.15464,33.4081],[34.16266,33.40552],[34.17068,33.40295],[34.1787,33.40038],[34.18285,33.39905],[34.18295,33.4067],[34.18308,33.41571],[34.1832,33.42473],[34.18332,33.43375],[34.18344,33.44277],[34.18357,33.45179],[34.18369,33.4608],[34.18381,33.46982],[34.18393,33.47884],[34.18406,33.48786],[34.18418,33.49688],[34.1843,33.50589],[34.1843,33.50596]]]},"properties":{"name":"BLOCK 2","status":"OPEN","country":"Israel","area_sqkm":"274.877451443962","shore_status":"OFFSHORE"}},{"type":"Feature","id":"mps_mapping_block.af9ccae3-de62-425f-86e1-e55942a1ca56","geometry":{"type":"Polygon","coordinates":[[[33.9584,32.5337],[34.17135,32.5319],[34.1737,32.71228],[33.96033,32.7141],[33.9584,32.5337]]]},"properties":{"name":"BLOCK 417","status":"CURRENT","country":"Israel","area_sqkm":"400.222091176383","shore_status":"OFFSHORE"}},{"type":"Feature","id":"mps_mapping_block.b12e3fe9-686b-4cee-b71d-ee8364fecd54","geometry":{"type":"Polygon","coordinates":[[[34.58772,31.98614],[34.58788,31.99515],[34.58804,32.00417],[34.58819,32.01319],[34.58834,32.02221],[34.5885,32.03123],[34.58866,32.04024],[34.58881,32.04926],[34.58897,32.05828],[34.58912,32.0673],[34.58928,32.07632],[34.58944,32.08534],[34.58959,32.09436],[34.58975,32.10337],[34.58991,32.11239],[34.59006,32.12141],[34.59022,32.13043],[34.59037,32.13945],[34.59053,32.14846],[34.59069,32.15748],[34.59084,32.1665],[34.58024,32.16663],[34.56964,32.16676],[34.55904,32.1669],[34.54843,32.16703],[34.53783,32.16716],[34.52723,32.16728],[34.51663,32.16741],[34.50602,32.16754],[34.49542,32.16766],[34.48482,32.16779],[34.47422,32.16791],[34.46361,32.16804],[34.45301,32.16816],[34.44241,32.16828],[34.4318,32.1684],[34.4212,32.16852],[34.4106,32.16864],[34.39999,32.16875],[34.38939,32.16887],[34.37879,32.16899],[34.37865,32.15997],[34.37852,32.15095],[34.37838,32.14193],[34.37825,32.13291],[34.37811,32.12389],[34.37797,32.11488],[34.37784,32.10586],[34.3777,32.09684],[34.37757,32.08782],[34.37743,32.0788],[34.3773,32.06978],[34.37716,32.06076],[34.37703,32.05174],[34.37689,32.04272],[34.37676,32.0337],[34.37662,32.02468],[34.37649,32.01566],[34.37635,32.00664],[34.37622,31.99763],[34.37608,31.98861],[34.38667,31.98849],[34.39725,31.98838],[34.40783,31.98826],[34.41841,31.98814],[34.429,31.98802],[34.43958,31.9879],[34.45016,31.98778],[34.46074,31.98766],[34.47133,31.98754],[34.48191,31.98741],[34.49249,31.98729],[34.50307,31.98717],[34.51365,31.98704],[34.52423,31.98691],[34.53482,31.98679],[34.5454,31.98666],[34.55598,31.98653],[34.56656,31.9864],[34.57714,31.98627],[34.58772,31.98614]]]},"properties":{"name":"BLOCK 63","status":"OPEN","country":"Israel","area_sqkm":"400.125590462669","shore_status":"OFFSHORE"}},{"type":"Feature","id":"mps_mapping_block.b7b89aa2-0c64-4088-ade2-a8fe3392b9d7","geometry":{"type":"Polygon","coordinates":[[[35.33382,32.61897],[35.33399,32.59423],[35.48988,32.56718],[35.56219,32.54237],[35.56136,32.5417],[35.56134,32.54101],[35.56132,32.54032],[35.5613,32.53964],[35.56128,32.53895],[35.56207,32.53825],[35.56205,32.53756],[35.56203,32.53687],[35.56201,32.53619],[35.56199,32.5355],[35.56197,32.53481],[35.56278,32.5348],[35.56358,32.53409],[35.56356,32.53341],[35.56435,32.5327],[35.56433,32.53202],[35.56429,32.53064],[35.56508,32.52994],[35.56589,32.52992],[35.56672,32.53059],[35.56753,32.53058],[35.56834,32.53056],[35.56832,32.52987],[35.56747,32.52852],[35.56662,32.52716],[35.56658,32.52579],[35.56575,32.52512],[35.56492,32.52445],[35.56409,32.52378],[35.56328,32.52379],[35.56247,32.52381],[35.56166,32.52383],[35.56006,32.52455],[35.55925,32.52456],[35.55844,32.52458],[35.55763,32.5246],[35.5568,32.52393],[35.54665,32.50901],[35.54687,32.45954],[35.54656,32.39083],[35.54412,32.39019],[35.54331,32.39021],[35.5425,32.39023],[35.54169,32.39024],[35.54088,32.39026],[35.53849,32.39168],[35.5361,32.3931],[35.53371,32.39453],[35.53211,32.39525],[35.5313,32.39526],[35.52889,32.396],[35.52729,32.39672],[35.52569,32.39744],[35.52408,32.39747],[35.52246,32.3975],[35.52084,32.39753],[35.51924,32.39825],[35.51762,32.39828],[35.5144,32.39904],[35.51361,32.39974],[35.5112,32.40047],[35.51039,32.40049],[35.50879,32.40121],[35.50717,32.40124],[35.50477,32.40198],[35.50155,32.40273],[35.49752,32.40349],[35.49511,32.40423],[35.49349,32.40426],[35.49189,32.40498],[35.4911,32.40568],[35.4895,32.4064],[35.48871,32.4071],[35.48553,32.40923],[35.48395,32.41063],[35.48237,32.41204],[35.48156,32.41206],[35.48075,32.41207],[35.47994,32.41209],[35.47913,32.4121],[35.47834,32.41281],[35.47672,32.41284],[35.47512,32.41356],[35.47352,32.41428],[35.4719,32.41431],[35.47109,32.41432],[35.47028,32.41434],[35.46947,32.41435],[35.46866,32.41437],[35.46785,32.41439],[35.46706,32.41509],[35.46623,32.41442],[35.46542,32.41443],[35.4638,32.41447],[35.46219,32.4145],[35.46138,32.41451],[35.46057,32.41453],[35.45978,32.41523],[35.45897,32.41525],[35.45816,32.41526],[35.45735,32.41528],[35.43744,32.42803],[35.45042,32.4587],[35.44368,32.509],[35.42979,32.53538],[35.38197,32.53629],[35.34027,32.52333],[35.33283,32.51797],[35.33202,32.51799],[35.33121,32.518],[35.3304,32.51802],[35.32793,32.51669],[35.32712,32.51671],[35.32467,32.51606],[35.32059,32.51476],[35.31733,32.51414],[35.31326,32.51353],[35.31163,32.51356],[35.30919,32.51291],[35.30675,32.51296],[35.30268,32.51235],[35.29944,32.5124],[35.2962,32.51246],[35.29134,32.51255],[35.27685,32.51694],[35.25274,32.52562],[35.25195,32.52632],[35.25036,32.52772],[35.24957,32.52842],[35.24082,32.53545],[35.23765,32.53826],[35.23685,32.53896],[35.22508,32.55497],[35.2218,32.55366],[35.18616,32.58933],[35.20517,32.63641],[35.28137,32.66322],[35.33382,32.61897]]]},"properties":{"name":"401 MEGIDDO-YIZRAEL","status":"CURRENT","country":"Israel","area_sqkm":"398.971836425857","shore_status":"ONSHORE"}},{"type":"Feature","id":"mps_mapping_block.b8f25edc-5345-422f-a642-f2d06d8eb1e4","geometry":{"type":"Polygon","coordinates":[[[33.96033,32.7141],[33.96043,32.72312],[33.96052,32.73214],[33.96062,32.74115],[33.96072,32.75017],[33.96081,32.75919],[33.96091,32.76821],[33.96101,32.77723],[33.96111,32.78625],[33.9612,32.79527],[33.9613,32.80429],[33.9614,32.81331],[33.96149,32.82233],[33.96159,32.83135],[33.96169,32.84037],[33.96178,32.84939],[33.96188,32.85841],[33.96198,32.86743],[33.96208,32.87645],[33.96217,32.88546],[33.96227,32.89449],[33.95158,32.89457],[33.94089,32.89465],[33.9302,32.89473],[33.91951,32.89481],[33.90882,32.89488],[33.89813,32.89496],[33.88744,32.89504],[33.87674,32.89511],[33.86606,32.89519],[33.85537,32.89526],[33.84467,32.89533],[33.83398,32.8954],[33.82329,32.89548],[33.8177,32.89551],[33.8126,32.89555],[33.80191,32.89561],[33.79122,32.89568],[33.78052,32.89575],[33.76983,32.89582],[33.75914,32.89588],[33.74845,32.89595],[33.74838,32.88693],[33.7483,32.87791],[33.74822,32.86889],[33.74815,32.85987],[33.74807,32.85085],[33.748,32.84183],[33.74792,32.83281],[33.74784,32.82379],[33.74777,32.81477],[33.7477,32.80575],[33.74762,32.79673],[33.74754,32.78771],[33.74747,32.77869],[33.74739,32.76967],[33.74732,32.76065],[33.74724,32.75163],[33.74717,32.74261],[33.74709,32.73359],[33.74702,32.72457],[33.74694,32.71555],[33.75761,32.71549],[33.76828,32.71542],[33.77895,32.71536],[33.78962,32.71529],[33.80029,32.71522],[33.81096,32.71515],[33.82163,32.71508],[33.8323,32.71501],[33.84297,32.71494],[33.85364,32.71487],[33.86431,32.71479],[33.87498,32.71472],[33.88565,32.71464],[33.89632,32.71457],[33.90698,32.71449],[33.91765,32.71442],[33.92832,32.71434],[33.93899,32.71426],[33.94966,32.71418],[33.96033,32.7141]]]},"properties":{"name":"BLOCK 30","status":"OPEN","country":"Israel","area_sqkm":"400.256942964585","shore_status":"OFFSHORE"}},{"type":"Feature","id":"mps_mapping_block.b99dda1a-f5e8-4b0e-be28-6ce70671547e","geometry":{"type":"Polygon","coordinates":[[[34.60898,33.18366],[34.39451,33.18624],[34.39269,33.07082],[34.60688,33.06824],[34.60898,33.18366]]]},"properties":{"name":"BLOCK 14","status":"OPEN","country":"Israel","area_sqkm":"256.082344115661","shore_status":"OFFSHORE"}},{"type":"Feature","id":"mps_mapping_block.badb2e32-9815-4f51-ad8b-3fd11e3fe228","geometry":{"type":"Polygon","coordinates":[[[35.03004,33.11731],[35.03046,33.11892],[34.95369,33.14935],[34.93126,33.15823],[34.91631,33.16415],[34.90135,33.17006],[34.88639,33.17597],[34.86456,33.18462],[34.83546,33.19614],[34.82384,33.20074],[34.7845,33.21629],[34.77722,33.21917],[34.76984,33.22277],[34.61111,33.29999],[34.6104,33.26095],[34.82364,33.19135],[34.85065,33.1825],[34.87633,33.17408],[34.88383,33.17157],[34.90577,33.16344],[35.014,33.12327],[35.03004,33.11731]]]},"properties":{"name":"BLOCK 71","status":"OPEN","country":"Israel","area_sqkm":"60.0685441309128","shore_status":"OFFSHORE"}},{"type":"Feature","id":"mps_mapping_block.bf3ae364-ed85-45a9-a9e1-0112179ded6d","geometry":{"type":"Polygon","coordinates":[[[33.96033,32.7141],[33.96227,32.89449],[34.17607,32.89265],[34.1737,32.71228],[33.96033,32.7141]]]},"properties":{"name":"BLOCK 411","status":"CURRENT","country":"Israel","area_sqkm":"400.221374830436","shore_status":"OFFSHORE"}},{"type":"Feature","id":"mps_mapping_block.c8c4016e-fc6c-4e8e-b763-8983e082a745","geometry":{"type":"Polygon","coordinates":[[[34.60038,32.70756],[34.60054,32.71658],[34.6007,32.72559],[34.60086,32.73461],[34.60102,32.74363],[34.60119,32.75265],[34.60135,32.76167],[34.60151,32.77068],[34.60167,32.7797],[34.60183,32.78872],[34.60199,32.79773],[34.60215,32.80675],[34.60231,32.81576],[34.60248,32.82478],[34.60264,32.8338],[34.6028,32.84282],[34.60296,32.85183],[34.60313,32.86085],[34.60329,32.86987],[34.60345,32.87889],[34.60361,32.8879],[34.59293,32.88804],[34.58224,32.88818],[34.57155,32.88831],[34.56086,32.88844],[34.55018,32.88858],[34.53949,32.88871],[34.5288,32.88884],[34.51811,32.88897],[34.50742,32.8891],[34.49674,32.88923],[34.48605,32.88936],[34.47536,32.88948],[34.46467,32.88961],[34.45398,32.88973],[34.4433,32.88986],[34.43261,32.88998],[34.42192,32.8901],[34.41123,32.89022],[34.40054,32.89034],[34.38985,32.89046],[34.38971,32.88144],[34.38957,32.87242],[34.38943,32.86341],[34.38929,32.85439],[34.38915,32.84537],[34.38901,32.83635],[34.38887,32.82733],[34.38873,32.81832],[34.38859,32.8093],[34.38845,32.80028],[34.38841,32.79751],[34.40783,32.81495],[34.49222,32.81441],[34.49228,32.80675],[34.51188,32.76992],[34.44558,32.70944],[34.45105,32.70938],[34.46172,32.70925],[34.47239,32.70913],[34.48305,32.709],[34.49372,32.70888],[34.50438,32.70875],[34.51505,32.70862],[34.52571,32.70849],[34.53638,32.70836],[34.54705,32.70823],[34.55771,32.7081],[34.56838,32.70797],[34.57904,32.70783],[34.58971,32.7077],[34.60038,32.70756]]]},"properties":{"name":"BLOCK 33","status":"OPEN","country":"Israel","area_sqkm":"292.587676738115","shore_status":"OFFSHORE"}},{"type":"Feature","id":"mps_mapping_block.c9fc2a73-3243-44b3-b890-1fdc2445c44d","geometry":{"type":"Polygon","coordinates":[[[33.9604,33.10232],[33.86414,33.10057],[33.84599,33.07573],[33.80977,33.02608],[33.77362,33.04005],[33.74986,33.06242],[33.73497,33.07643],[33.73156,33.07963],[33.73126,33.09804],[33.74009,33.12674],[33.77554,33.15736],[33.86228,33.19989],[33.94506,33.20076],[33.95901,33.2009],[33.9604,33.10232]]]},"properties":{"name":"TANIN","status":"CURRENT","country":"Israel","area_sqkm":"250.158294674826","shore_status":"OFFSHORE"}},{"type":"Feature","id":"mps_mapping_block.ca96157d-4a1c-45f5-af37-0e3894b8d337","geometry":{"type":"Polygon","coordinates":[[[34.59399,32.34686],[34.59415,32.35588],[34.59431,32.36489],[34.59447,32.37391],[34.59463,32.38293],[34.59478,32.39195],[34.59494,32.40097],[34.5951,32.40998],[34.59526,32.419],[34.59542,32.42802],[34.59558,32.43704],[34.59574,32.44605],[34.5959,32.45507],[34.59606,32.46409],[34.59621,32.47311],[34.59638,32.48212],[34.59654,32.49114],[34.59669,32.50016],[34.59685,32.50918],[34.59701,32.5182],[34.59717,32.52721],[34.58653,32.52735],[34.57588,32.52748],[34.56524,32.52761],[34.55459,32.52774],[34.54395,32.52788],[34.53331,32.52801],[34.52266,32.52814],[34.51202,32.52827],[34.50137,32.52839],[34.49073,32.52852],[34.48008,32.52864],[34.46944,32.52877],[34.45879,32.52889],[34.44815,32.52902],[34.4375,32.52914],[34.42685,32.52926],[34.41621,32.52938],[34.40556,32.5295],[34.39492,32.52962],[34.38427,32.52974],[34.38413,32.52072],[34.38399,32.5117],[34.38386,32.50268],[34.38372,32.49366],[34.38358,32.48465],[34.38345,32.47563],[34.38331,32.46661],[34.38317,32.45759],[34.38303,32.44857],[34.38289,32.43955],[34.38276,32.43053],[34.38262,32.42151],[34.38248,32.41249],[34.38234,32.40348],[34.38221,32.39446],[34.38207,32.38544],[34.38193,32.37642],[34.38179,32.3674],[34.38166,32.35838],[34.38152,32.34936],[34.39214,32.34925],[34.40277,32.34913],[34.41339,32.34901],[34.42401,32.34889],[34.43464,32.34877],[34.44526,32.34865],[34.45589,32.34853],[34.46651,32.34841],[34.47713,32.34828],[34.48776,32.34816],[34.49838,32.34803],[34.50901,32.3479],[34.51963,32.34778],[34.53025,32.34765],[34.54088,32.34752],[34.5515,32.34739],[34.56212,32.34726],[34.57275,32.34713],[34.58337,32.34699],[34.59399,32.34686]]]},"properties":{"name":"BLOCK 50","status":"OPEN","country":"Israel","area_sqkm":"400.124013600064","shore_status":"OFFSHORE"}},{"type":"Feature","id":"mps_mapping_block.ce5e3ddc-ecad-4a51-8c05-2a76d3fcbeb4","geometry":{"type":"Polygon","coordinates":[[[33.95461,32.1729],[33.9547,32.18192],[33.9548,32.19094],[33.95489,32.19996],[33.95498,32.20898],[33.95508,32.218],[33.95517,32.22702],[33.95527,32.23604],[33.95536,32.24506],[33.95546,32.25409],[33.95555,32.2631],[33.95565,32.27213],[33.95574,32.28114],[33.95583,32.29017],[33.95593,32.29918],[33.95602,32.30821],[33.95612,32.31723],[33.95622,32.32624],[33.95631,32.33527],[33.9564,32.34428],[33.9565,32.35331],[33.94587,32.35339],[33.93525,32.35346],[33.92462,32.35354],[33.91399,32.35362],[33.90337,32.3537],[33.89274,32.35377],[33.88211,32.35385],[33.87149,32.35392],[33.86086,32.35399],[33.85023,32.35406],[33.8396,32.35414],[33.82898,32.35421],[33.81835,32.35428],[33.80772,32.35434],[33.7971,32.35441],[33.78647,32.35448],[33.77584,32.35455],[33.77206,32.35457],[33.77016,32.35458],[33.76522,32.35461],[33.75459,32.35468],[33.74396,32.35474],[33.74249,32.17432],[33.95461,32.1729]]]},"properties":{"name":"BLOCK 54","status":"OPEN","country":"Israel","area_sqkm":"400.256822435761","shore_status":"OFFSHORE"}},{"type":"Feature","id":"mps_mapping_block.d10047a1-0acd-4333-a237-3ae96c08b229","geometry":{"type":"Polygon","coordinates":[[[33.9565,32.35331],[34.16902,32.35151],[34.16671,32.17112],[33.95461,32.1729],[33.9565,32.35331]]]},"properties":{"name":"BLOCK 424","status":"CURRENT","country":"Israel","area_sqkm":"400.221335795207","shore_status":"OFFSHORE"}},{"type":"Feature","id":"mps_mapping_block.d1f1acbd-ae60-43bb-8973-a4338dd50bd7","geometry":{"type":"Polygon","coordinates":[[[34.3862,32.65517],[34.36585,32.63655],[34.25972,32.63705],[34.27876,32.67905],[34.2933,32.71111],[34.29105,32.71113],[34.28038,32.71124],[34.26971,32.71135],[34.25905,32.71145],[34.24838,32.71156],[34.23771,32.71167],[34.22704,32.71177],[34.21637,32.71187],[34.2057,32.71198],[34.19504,32.71208],[34.18437,32.71218],[34.1737,32.71228],[34.17358,32.70326],[34.17347,32.69424],[34.17335,32.68522],[34.17323,32.67621],[34.17311,32.66719],[34.17299,32.65817],[34.17287,32.64915],[34.17276,32.64013],[34.17264,32.63111],[34.17252,32.62209],[34.1724,32.61307],[34.17229,32.60405],[34.17217,32.59504],[34.17205,32.58601],[34.17194,32.577],[34.17182,32.56798],[34.1717,32.55896],[34.17159,32.54994],[34.17147,32.54092],[34.17135,32.5319],[34.182,32.5318],[34.19264,32.5317],[34.20329,32.5316],[34.21394,32.53149],[34.22458,32.53139],[34.23523,32.53129],[34.24588,32.53119],[34.25652,32.53108],[34.26717,32.53097],[34.27781,32.53086],[34.28846,32.53075],[34.29911,32.53064],[34.30975,32.53054],[34.3204,32.53042],[34.33104,32.53031],[34.34169,32.5302],[34.35234,32.53008],[34.36298,32.52997],[34.37363,32.52985],[34.38427,32.52974],[34.38441,32.53875],[34.38455,32.54777],[34.38469,32.55679],[34.38483,32.56581],[34.38496,32.57483],[34.38511,32.58385],[34.38524,32.59287],[34.38538,32.60188],[34.38552,32.6109],[34.38566,32.61992],[34.3858,32.62894],[34.38594,32.63795],[34.38608,32.64698],[34.3862,32.65517]]]},"properties":{"name":"BLOCK 41","status":"OPEN","country":"Israel","area_sqkm":"317.509043765563","shore_status":"OFFSHORE"}},{"type":"Feature","id":"mps_mapping_block.d773348a-871d-451d-b952-266d31618f05","geometry":{"type":"Polygon","coordinates":[[[34.71186,31.98452],[34.74417,32.045],[34.77729,32.16402],[34.77107,32.1641],[34.76047,32.16425],[34.74987,32.1644],[34.73927,32.16455],[34.72866,32.16469],[34.71806,32.16484],[34.70746,32.16498],[34.69686,32.16512],[34.68626,32.16526],[34.67566,32.1654],[34.66506,32.16555],[34.65446,32.16568],[34.64385,32.16582],[34.63325,32.16596],[34.62265,32.1661],[34.61205,32.16623],[34.60145,32.16637],[34.59084,32.1665],[34.59069,32.15748],[34.59053,32.14846],[34.59037,32.13945],[34.59022,32.13043],[34.59006,32.12141],[34.58991,32.11239],[34.58975,32.10337],[34.58959,32.09436],[34.58944,32.08534],[34.58928,32.07632],[34.58912,32.0673],[34.58897,32.05828],[34.58881,32.04926],[34.58866,32.04024],[34.5885,32.03123],[34.58834,32.02221],[34.58819,32.01319],[34.58804,32.00417],[34.58788,31.99515],[34.58772,31.98614],[34.59831,31.986],[34.60889,31.98587],[34.61947,31.98573],[34.63005,31.9856],[34.64063,31.98546],[34.65121,31.98532],[34.66179,31.98519],[34.67237,31.98505],[34.68295,31.98491],[34.69353,31.98477],[34.70411,31.98463],[34.71186,31.98452]]]},"properties":{"name":"BLOCK 64","status":"OPEN","country":"Israel","area_sqkm":"302.920312801583","shore_status":"BOTH"}},{"type":"Feature","id":"mps_mapping_block.e04e701e-1eeb-4ec7-91f8-2ae99d0b2130","geometry":{"type":"Polygon","coordinates":[[[33.58333,34.16667],[33.58333,34.58333],[33.58333,34.68274],[33.83333,34.68263],[33.83324,34.852],[34.25,34.85197],[34.24996,34.93239],[34.33328,34.93234],[34.33333,34.16667],[33.89444,34.16667],[33.58333,34.16667]]]},"properties":{"name":"BLOCK 2","status":"CURRENT","country":"Cyprus","area_sqkm":"4873.65569759922","shore_status":"OFFSHORE"}},{"type":"Feature","id":"mps_mapping_block.e167757f-951b-4429-a6f1-935ee36e0d70","geometry":{"type":"Polygon","coordinates":[[[34.81734,32.88498],[34.81752,32.89399],[34.81771,32.90301],[34.81789,32.91202],[34.81808,32.92104],[34.81826,32.93006],[34.81844,32.93908],[34.81863,32.94809],[34.81881,32.95711],[34.819,32.96612],[34.81918,32.97514],[34.81937,32.98415],[34.81955,32.99317],[34.81974,33.00219],[34.81992,33.0112],[34.82011,33.02022],[34.82029,33.02923],[34.82048,33.03825],[34.82067,33.04726],[34.82085,33.05628],[34.82104,33.0653],[34.81033,33.06545],[34.79962,33.0656],[34.78891,33.06576],[34.77821,33.06591],[34.7675,33.06607],[34.75679,33.06622],[34.74609,33.06637],[34.73538,33.06652],[34.72467,33.06667],[34.71396,33.06681],[34.70325,33.06696],[34.69254,33.06711],[34.68183,33.06725],[34.67113,33.06739],[34.66042,33.06754],[34.64971,33.06768],[34.639,33.06782],[34.62829,33.06796],[34.61758,33.0681],[34.60688,33.06824],[34.60671,33.05922],[34.60655,33.0502],[34.60638,33.04119],[34.60622,33.03217],[34.60606,33.02316],[34.60589,33.01414],[34.60573,33.00512],[34.60557,32.99611],[34.6054,32.98709],[34.60524,32.97807],[34.60508,32.96905],[34.60492,32.96004],[34.60475,32.95102],[34.60459,32.94201],[34.60442,32.93299],[34.60426,32.92397],[34.6041,32.91495],[34.60393,32.90594],[34.60377,32.89692],[34.60361,32.8879],[34.6143,32.88777],[34.62499,32.88763],[34.63567,32.88749],[34.64636,32.88735],[34.65705,32.88721],[34.66773,32.88707],[34.67842,32.88692],[34.68911,32.88678],[34.6998,32.88663],[34.71048,32.88649],[34.72116,32.88634],[34.73185,32.88619],[34.74254,32.88604],[34.75322,32.88589],[34.76391,32.88575],[34.7746,32.88559],[34.78528,32.88544],[34.79597,32.88529],[34.80666,32.88514],[34.81734,32.88498]]]},"properties":{"name":"BLOCK 24","status":"OPEN","country":"Israel","area_sqkm":"400.065265710313","shore_status":"OFFSHORE"}},{"type":"Feature","id":"mps_mapping_block.e4d0c280-c732-43de-8dd5-4e3feceec560","geometry":{"type":"Polygon","coordinates":[[[35.03004,33.11731],[35.02946,33.11752],[35.02173,33.1204],[35.014,33.12327],[35.00628,33.12614],[34.99855,33.12901],[34.99082,33.13189],[34.98309,33.13475],[34.97536,33.13763],[34.96763,33.1405],[34.9599,33.14337],[34.95217,33.14624],[34.94443,33.1491],[34.93671,33.15197],[34.92897,33.15484],[34.92124,33.15771],[34.91351,33.16058],[34.90577,33.16344],[34.89804,33.16631],[34.8903,33.16917],[34.88257,33.17204],[34.87459,33.17465],[34.86661,33.17727],[34.85863,33.17989],[34.85065,33.1825],[34.84267,33.18512],[34.83469,33.18773],[34.82671,33.19035],[34.82364,33.19135],[34.82346,33.1825],[34.82327,33.17348],[34.82309,33.16447],[34.8229,33.15545],[34.82271,33.14644],[34.82252,33.13742],[34.82234,33.12841],[34.82215,33.11939],[34.82197,33.11037],[34.82178,33.10136],[34.82159,33.09234],[34.82141,33.08333],[34.82122,33.07431],[34.82104,33.0653],[34.83174,33.06514],[34.84245,33.06498],[34.85316,33.06482],[34.86386,33.06466],[34.87457,33.0645],[34.88528,33.06434],[34.89599,33.06418],[34.90669,33.06401],[34.9174,33.06385],[34.9281,33.06369],[34.93881,33.06352],[34.94952,33.06335],[34.96022,33.06319],[34.97093,33.06302],[34.98164,33.06285],[34.99234,33.06267],[35.00305,33.0625],[35.01376,33.06233],[35.01573,33.0623],[35.03004,33.11731]]]},"properties":{"name":"BLOCK 16","status":"OPEN","country":"Israel","area_sqkm":"193.236295927813","shore_status":"OFFSHORE"}},{"type":"Feature","id":"mps_mapping_block.e6784489-c5f5-41ff-87fa-ca150e85cc69","geometry":{"type":"Polygon","coordinates":[[[34.08464,31.81809],[34.16397,31.9549],[34.18467,31.99054],[34.175,31.99063],[34.16442,31.99073],[34.15384,31.99082],[34.14325,31.99092],[34.13267,31.99101],[34.12208,31.99111],[34.1115,31.9912],[34.10091,31.99129],[34.09033,31.99139],[34.07975,31.99147],[34.06916,31.99157],[34.05858,31.99165],[34.048,31.99174],[34.03741,31.99183],[34.02683,31.99191],[34.01624,31.992],[34.00566,31.99208],[33.99507,31.99217],[33.98449,31.99225],[33.9739,31.99233],[33.96332,31.99241],[33.95274,31.99249],[33.7841,31.99365],[33.7804,31.98927],[33.86663,31.94123],[33.87367,31.93726],[33.88071,31.93329],[33.88775,31.92932],[33.89478,31.92535],[33.90182,31.92138],[33.90886,31.91741],[33.91589,31.91344],[33.92292,31.90947],[33.92995,31.9055],[33.93699,31.90153],[33.94402,31.89755],[33.95105,31.89358],[33.95171,31.89321],[33.95808,31.88961],[33.96511,31.88564],[33.97214,31.88166],[33.97917,31.87769],[33.9862,31.87371],[33.99323,31.86974],[34.00026,31.86576],[34.00728,31.86179],[34.01431,31.85781],[34.02133,31.85383],[34.02835,31.84986],[34.03538,31.84588],[34.0424,31.8419],[34.04943,31.83793],[34.05645,31.83395],[34.06347,31.82997],[34.07049,31.82599],[34.07751,31.82201],[34.08453,31.81803],[34.08459,31.818],[34.08464,31.81809]]]},"properties":{"name":"BLOCK 65","status":"OPEN","country":"Israel","area_sqkm":"373.701541749661","shore_status":"OFFSHORE"}},{"type":"Feature","id":"mps_mapping_block.e9a2d5aa-013b-466c-821b-0f8c0ba3d0e7","geometry":{"type":"Polygon","coordinates":[[[33.96621,33.25524],[33.96631,33.26426],[33.96641,33.27328],[33.9665,33.2823],[33.96661,33.29132],[33.9667,33.30034],[33.96681,33.30936],[33.9669,33.31838],[33.967,33.32739],[33.9671,33.33641],[33.9672,33.34543],[33.9673,33.35445],[33.9674,33.36347],[33.9675,33.37249],[33.9676,33.3815],[33.9677,33.39052],[33.9678,33.39954],[33.9679,33.40856],[33.968,33.41758],[33.9681,33.4266],[33.9682,33.43562],[33.95744,33.4357],[33.94669,33.43578],[33.93593,33.43586],[33.92518,33.43594],[33.91442,33.43602],[33.90366,33.4361],[33.89291,33.43618],[33.88215,33.43626],[33.87139,33.43633],[33.86063,33.43641],[33.84988,33.43648],[33.83912,33.43656],[33.82836,33.43663],[33.81761,33.4367],[33.80685,33.43677],[33.79609,33.43684],[33.78534,33.43691],[33.77458,33.43698],[33.76382,33.43704],[33.75306,33.43711],[33.75299,33.42809],[33.75291,33.41907],[33.75283,33.41005],[33.75275,33.40103],[33.75267,33.39201],[33.7526,33.383],[33.75252,33.37397],[33.75244,33.36496],[33.75236,33.35594],[33.75229,33.34692],[33.75221,33.3379],[33.75213,33.32888],[33.75205,33.31986],[33.75198,33.31084],[33.7519,33.30182],[33.75182,33.29281],[33.75174,33.28378],[33.75167,33.27477],[33.75159,33.26575],[33.75151,33.25673],[33.76225,33.25666],[33.77298,33.2566],[33.78372,33.25653],[33.79445,33.25646],[33.80519,33.25639],[33.81592,33.25632],[33.82666,33.25625],[33.8374,33.25618],[33.84813,33.2561],[33.85886,33.25603],[33.8696,33.25596],[33.88033,33.25588],[33.89107,33.25581],[33.9018,33.25573],[33.91254,33.25565],[33.92327,33.25557],[33.93401,33.25549],[33.94474,33.25541],[33.95547,33.25532],[33.96621,33.25524]]]},"properties":{"name":"BLOCK 6","status":"OPEN","country":"Israel","area_sqkm":"400.256157230739","shore_status":"OFFSHORE"}},{"type":"Feature","id":"mps_mapping_block.e9bff684-0be5-4aa4-be37-c24be70fa1c2","geometry":{"type":"Polygon","coordinates":[[[34.82364,33.19135],[34.81873,33.19296],[34.81075,33.19557],[34.80277,33.19819],[34.79478,33.2008],[34.7868,33.20341],[34.77882,33.20602],[34.77084,33.20863],[34.76285,33.21124],[34.75486,33.21385],[34.74688,33.21646],[34.73889,33.21907],[34.73091,33.22168],[34.72292,33.22428],[34.71493,33.22689],[34.70694,33.2295],[34.69896,33.2321],[34.69097,33.23471],[34.68298,33.23731],[34.67499,33.23992],[34.667,33.24252],[34.65901,33.24513],[34.65102,33.24773],[34.65003,33.24805],[34.64302,33.25033],[34.63503,33.25293],[34.62704,33.25553],[34.61904,33.25813],[34.61105,33.26073],[34.6104,33.26095],[34.61033,33.25759],[34.61017,33.24857],[34.61,33.23956],[34.60984,33.23054],[34.60967,33.22152],[34.60951,33.21251],[34.60934,33.20349],[34.60918,33.19447],[34.60901,33.18545],[34.60885,33.17644],[34.60869,33.16742],[34.60852,33.15841],[34.60835,33.14939],[34.60819,33.14037],[34.60802,33.13135],[34.60786,33.12234],[34.6077,33.11332],[34.60753,33.1043],[34.60737,33.09529],[34.6072,33.08627],[34.60704,33.07726],[34.60688,33.06824],[34.61758,33.0681],[34.62829,33.06796],[34.639,33.06782],[34.64971,33.06768],[34.66042,33.06754],[34.67113,33.06739],[34.68183,33.06725],[34.69254,33.06711],[34.70325,33.06696],[34.71396,33.06681],[34.72467,33.06667],[34.73538,33.06652],[34.74609,33.06637],[34.75679,33.06622],[34.7675,33.06607],[34.77821,33.06591],[34.78891,33.06576],[34.79962,33.0656],[34.81033,33.06545],[34.82104,33.0653],[34.82122,33.07431],[34.82141,33.08333],[34.82159,33.09234],[34.82178,33.10136],[34.82197,33.11037],[34.82215,33.11939],[34.82234,33.12841],[34.82252,33.13742],[34.82271,33.14644],[34.8229,33.15545],[34.82309,33.16447],[34.82327,33.17348],[34.82346,33.1825],[34.82364,33.19135]]]},"properties":{"name":"BLOCK 15","status":"OPEN","country":"Israel","area_sqkm":"353.603517784114","shore_status":"OFFSHORE"}},{"type":"Feature","id":"mps_mapping_block.6afb3ee9-a7d6-45e9-ad74-9799caf0ef4c","geometry":{"type":"Polygon","coordinates":[[[33.24931,36.87421],[33.24931,36.74921],[33.12452,36.74921],[32.99972,36.74921],[32.99972,36.87421],[32.99972,36.99921],[33.12452,36.99921],[33.24931,36.99921],[33.24931,36.87421]]]},"properties":{"name":"O30A","status":"OPEN","country":"Turkiye","area_sqkm":"617.394191489204","shore_status":"ONSHORE"}},{"type":"Feature","id":"mps_mapping_block.03506ea8-94ec-4f0f-a792-4fd467c64475","geometry":{"type":"Polygon","coordinates":[[[34.2497,37.12421],[34.2497,36.99921],[34.12491,36.99921],[33.9991,36.99921],[33.9991,37.12421],[33.9991,37.24921],[34.12491,37.24921],[34.2497,37.24921],[34.2497,37.12421]]]},"properties":{"name":"N32D","status":"OPEN","country":"Turkiye","area_sqkm":"617.885086712753","shore_status":"ONSHORE"}},{"type":"Feature","id":"mps_mapping_block.861d88a3-d261-47d6-be2f-47365d9092ac","geometry":{"type":"Polygon","coordinates":[[[35.24908,37.12421],[35.24908,36.99921],[35.12429,36.99921],[34.99949,36.99921],[34.99949,37.12421],[34.99949,37.24921],[35.12429,37.24921],[35.24908,37.24921],[35.24908,37.12421]]]},"properties":{"name":"N34D","status":"OPEN","country":"Turkiye","area_sqkm":"615.392362082405","shore_status":"ONSHORE"}},{"type":"Feature","id":"mps_mapping_block.ba5ff388-0809-47ae-a41e-f90fab2da33a","geometry":{"type":"Polygon","coordinates":[[[35.49969,36.87421],[35.49969,36.74921],[35.37489,36.74921],[35.24908,36.74921],[35.24908,36.87421],[35.24908,36.99921],[35.37489,36.99921],[35.49969,36.99921],[35.49969,36.87421]]]},"properties":{"name":"O34B","status":"OPEN","country":"Turkiye","area_sqkm":"619.902435629082","shore_status":"ONSHORE"}},{"type":"Feature","id":"mps_mapping_block.d6ad960a-2933-457e-b3dc-cbcba2f9b764","geometry":{"type":"Polygon","coordinates":[[[34.7499,36.62421],[34.7499,36.49921],[34.62409,36.49921],[34.49929,36.49921],[34.49929,36.62421],[34.49929,36.74921],[34.62409,36.74921],[34.7499,36.74921],[34.7499,36.62421]]]},"properties":{"name":"O33D","status":"OPEN","country":"Turkiye","area_sqkm":"621.875631624001","shore_status":"BOTH"}},{"type":"Feature","id":"mps_mapping_block.ff0b0ed5-c941-4ee3-9cb6-e6bdc929c1f2","geometry":{"type":"Polygon","coordinates":[[[35.24908,36.87421],[35.24908,36.74921],[35.12429,36.74921],[34.99949,36.74921],[34.99949,36.87421],[34.99949,36.99921],[35.12429,36.99921],[35.24908,36.99921],[35.24908,36.87421]]]},"properties":{"name":"O34A","status":"OPEN","country":"Turkiye","area_sqkm":"617.391717875649","shore_status":"ONSHORE"}},{"type":"Feature","id":"mps_mapping_block.97fd41b0-7ddb-4335-b4c7-84858b549b7a","geometry":{"type":"Polygon","coordinates":[[[35.74928,36.62421],[35.74928,36.49921],[35.62448,36.49921],[35.49969,36.49921],[35.49969,36.62421],[35.49969,36.74921],[35.62448,36.74921],[35.74928,36.74921],[35.74928,36.62421]]]},"properties":{"name":"O35D","status":"OPEN","country":"Turkiye","area_sqkm":"619.361885016731","shore_status":"BOTH"}},{"type":"Feature","id":"mps_mapping_block.1acedadd-e2c9-4763-9cc5-59c8e5d8ae7c","geometry":{"type":"Polygon","coordinates":[[[33.24931,36.12421],[33.24931,35.99842],[33.12452,35.99842],[32.99972,35.99842],[32.99972,36.12421],[32.99972,36.24921],[33.12452,36.24921],[33.24931,36.24921],[33.24931,36.12421]]]},"properties":{"name":"P30D","status":"OPEN","country":"Turkiye","area_sqkm":"625.271307877914","shore_status":"BOTH"}},{"type":"Feature","id":"mps_mapping_block.41ffa441-ff83-4497-a02c-1d30ae57d988","geometry":{"type":"Polygon","coordinates":[[[33.9991,36.12421],[33.9991,35.99842],[33.8743,35.99842],[33.74951,35.99842],[33.74951,36.12421],[33.74951,36.24921],[33.8743,36.24921],[33.9991,36.24921],[33.9991,36.12421]]]},"properties":{"name":"P31C","status":"OPEN","country":"Turkiye","area_sqkm":"625.271307877914","shore_status":"BOTH"}},{"type":"Feature","id":"mps_mapping_block.6c4e4949-7209-4f73-b659-9e6ddfb9cd07","geometry":{"type":"Polygon","coordinates":[[[33.49992,36.37421],[33.49992,36.24921],[33.3741,36.24921],[33.24931,36.24921],[33.24931,36.37421],[33.24931,36.49921],[33.3741,36.49921],[33.49992,36.49921],[33.49992,36.37421]]]},"properties":{"name":"P30B","status":"OPEN","country":"Turkiye","area_sqkm":"623.859208282204","shore_status":"ONSHORE"}},{"type":"Feature","id":"mps_mapping_block.329b5a9e-4221-4c75-bb0b-8cacbd7aa35e","geometry":{"type":"Polygon","coordinates":[[[35.74928,37.12421],[35.74928,36.99921],[35.62448,36.99921],[35.49969,36.99921],[35.49969,37.12421],[35.49969,37.24921],[35.62448,37.24921],[35.74928,37.24921],[35.74928,37.12421]]]},"properties":{"name":"N35D","status":"OPEN","country":"Turkiye","area_sqkm":"615.397293288399","shore_status":"ONSHORE"}},{"type":"Feature","id":"mps_mapping_block.383e2915-0a8a-4c64-8424-c15ee821210a","geometry":{"type":"Polygon","coordinates":[[[34.49929,37.12421],[34.49929,36.99921],[34.3745,36.99921],[34.2497,36.99921],[34.2497,37.12421],[34.2497,37.24921],[34.3745,37.24921],[34.49929,37.24921],[34.49929,37.12421]]]},"properties":{"name":"N32C","status":"OPEN","country":"Turkiye","area_sqkm":"615.394827685394","shore_status":"ONSHORE"}},{"type":"Feature","id":"mps_mapping_block.ec3ab27b-2289-4820-8b27-aa18e17d29e3","geometry":{"type":"Polygon","coordinates":[[[34.49929,36.62421],[34.49929,36.49921],[34.3745,36.49921],[34.2497,36.49921],[34.2497,36.62421],[34.2497,36.74921],[34.3745,36.74921],[34.49929,36.74921],[34.49929,36.62421]]]},"properties":{"name":"O32C","status":"OPEN","country":"Turkiye","area_sqkm":"619.359403529488","shore_status":"BOTH"}},{"type":"Feature","id":"mps_mapping_block.ec8f8876-8a7b-421d-ba48-73fa91fbc8bf","geometry":{"type":"Polygon","coordinates":[[[34.99949,36.62421],[34.99949,36.49921],[34.8747,36.49921],[34.7499,36.49921],[34.7499,36.62421],[34.7499,36.74921],[34.8747,36.74921],[34.99949,36.74921],[34.99949,36.62421]]]},"properties":{"name":"O33C","status":"OPEN","country":"Turkiye","area_sqkm":"619.361885016762","shore_status":"BOTH"}},{"type":"Feature","id":"mps_mapping_block.0044ca49-a1ac-40a2-bdcd-0ee56307806e","geometry":{"type":"Polygon","coordinates":[[[35.0,36.47419],[34.97301,36.4861],[34.95135,36.5],[35.0,36.47419]]]},"properties":{"name":"O33, P32, P33","status":"CURRENT","country":"Turkiye","area_sqkm":"0.581867895956039","shore_status":"OFFSHORE"}},{"type":"Feature","id":"mps_mapping_block.03e5e097-8cdd-48a7-a934-a718865c0436","geometry":{"type":"Polygon","coordinates":[[[33.74951,36.12421],[33.74951,35.99842],[33.62471,35.99842],[33.49992,35.99842],[33.49992,36.12421],[33.49992,36.24921],[33.62471,36.24921],[33.74951,36.24921],[33.74951,36.12421]]]},"properties":{"name":"P31D","status":"OPEN","country":"Turkiye","area_sqkm":"625.271307877914","shore_status":"BOTH"}},{"type":"Feature","id":"mps_mapping_block.0c485a66-2198-4332-bc97-5c9db3e58a0d","geometry":{"type":"Polygon","coordinates":[[[35.0,36.47419],[34.97301,36.4861],[34.95135,36.5],[35.0,36.47419]]]},"properties":{"name":"P33B","status":"CURRENT","country":"Turkiye","area_sqkm":"0.581868271303177","shore_status":"OFFSHORE"}},{"type":"Feature","id":"mps_mapping_block.b57a3364-0398-423d-8c80-a796c4546322","geometry":{"type":"Polygon","coordinates":[[[33.9991,36.87421],[33.9991,36.74921],[33.8743,36.74921],[33.74951,36.74921],[33.74951,36.87421],[33.74951,36.99921],[33.8743,36.99921],[33.9991,36.99921],[33.9991,36.87421]]]},"properties":{"name":"O31B","status":"OPEN","country":"Turkiye","area_sqkm":"617.394191489204","shore_status":"ONSHORE"}},{"type":"Feature","id":"mps_mapping_block.26113441-679b-46bb-ab51-e8facb73b907","geometry":{"type":"Polygon","coordinates":[[[35.81217,32.83314],[35.70183,32.73594],[35.65876,32.73618],[35.65947,32.84197],[35.63328,32.892],[35.63892,32.99974],[35.81336,32.99937],[35.81217,32.83314]]]},"properties":{"name":"397 NESS","status":"CURRENT","country":"Israel","area_sqkm":"396.345422232179","shore_status":"ONSHORE"}},{"type":"Feature","id":"mps_mapping_block.5a079895-66ed-4107-9062-e3611f86abbb","geometry":{"type":"Polygon","coordinates":[[[34.5,36.0],[34.5,36.25],[34.75,36.25],[34.75,36.0],[34.5,36.0]]]},"properties":{"name":"O33, P32, P33","status":"CURRENT","country":"Turkiye","area_sqkm":"624.303800389496","shore_status":"OFFSHORE"}},{"type":"Feature","id":"mps_mapping_block.bea9c8dc-769d-4971-9173-8449893f49d6","geometry":{"type":"Polygon","coordinates":[[[34.99949,36.87421],[34.99949,36.74921],[34.8747,36.74921],[34.7499,36.74921],[34.7499,36.87421],[34.7499,36.99921],[34.8747,36.99921],[34.99949,36.99921],[34.99949,36.87421]]]},"properties":{"name":"O33B","status":"OPEN","country":"Turkiye","area_sqkm":"617.396665102753","shore_status":"BOTH"}},{"type":"Feature","id":"mps_mapping_block.5a1eea8f-899a-4adc-92a4-3712a234aaa5","geometry":{"type":"Polygon","coordinates":[[[33.75,35.75],[33.75,35.94054],[33.77814,35.94325],[33.84021,35.97499],[33.87491,36.0],[34.0,36.0],[34.0,35.75],[33.75,35.75]]]},"properties":{"name":"R30, R31","status":"CURRENT","country":"Turkiye","area_sqkm":"580.067577707573","shore_status":"OFFSHORE"}},{"type":"Feature","id":"mps_mapping_block.9de3ac74-dd93-4af8-aad9-210932895cf2","geometry":{"type":"Polygon","coordinates":[[[35.0,36.25],[35.0,36.47419],[35.13161,36.41863],[35.17534,36.38689],[35.21343,36.36291],[35.25,36.35072],[35.25998,36.34739],[35.30935,36.33117],[35.33403,36.32412],[35.37706,36.30155],[35.46475,36.25],[35.46945,36.24724],[35.5,36.23213],[35.53645,36.21409],[35.56114,36.19787],[35.62673,36.11958],[35.68809,36.05399],[35.70079,36.04552],[35.75,36.04492],[35.75,36.0],[35.5,36.0],[35.25,36.0],[35.0,36.0],[35.0,36.25]]]},"properties":{"name":"P34, P35","status":"CURRENT","country":"Turkiye","area_sqkm":"2095.81543289786","shore_status":"OFFSHORE"}},{"type":"Feature","id":"mps_mapping_block.21a2b0b2-2bfe-479e-a045-156508bcf071","geometry":{"type":"Polygon","coordinates":[[[35.5,36.0],[35.5,36.23213],[35.53645,36.21409],[35.56114,36.19787],[35.62673,36.11958],[35.68809,36.05399],[35.70079,36.04552],[35.75,36.04492],[35.75,36.0],[35.5,36.0]]]},"properties":{"name":"P35","status":"CURRENT","country":"Turkiye","area_sqkm":"317.841233884888","shore_status":"OFFSHORE"}},{"type":"Feature","id":"mps_mapping_block.547963e0-a528-4e4a-ba08-48146faa48cc","geometry":{"type":"Polygon","coordinates":[[[32.75,35.62884],[32.75,35.75],[33.0,35.75],[33.0,35.67428],[32.99799,35.67418],[32.79627,35.6361],[32.75,35.62884]]]},"properties":{"name":"R28, R29, S28","status":"CURRENT","country":"Turkiye","area_sqkm":"248.335877873514","shore_status":"OFFSHORE"}},{"type":"Feature","id":"mps_mapping_block.d2f1f854-e879-4461-a7af-6aa22468ba4f","geometry":{"type":"Polygon","coordinates":[[[34.62622,31.63763],[34.63719,31.66774],[34.63681,31.6918],[34.69388,31.69174],[34.69449,31.54807],[34.59977,31.54723],[34.59944,31.57473],[34.61194,31.60138],[34.58946,31.60166],[34.58927,31.63741],[34.62622,31.63763]]]},"properties":{"name":"I/19 HELETZ","status":"CURRENT","country":"Israel","area_sqkm":"125.901214777548","shore_status":"ONSHORE"}},{"type":"Feature","id":"mps_mapping_block.ba029de6-aee8-455b-aa24-776543464814","geometry":{"type":"Polygon","coordinates":[[[34.0,36.0],[34.0,36.03689],[34.03487,36.03988],[34.0927,36.06175],[34.15195,36.09842],[34.19709,36.14003],[34.25,36.17067],[34.25,36.0],[34.0,36.0]]]},"properties":{"name":"","status":"OPEN","country":"Turkiye","area_sqkm":"226.080277854494","shore_status":"OFFSHORE"}},{"type":"Feature","id":"mps_mapping_block.3ca2c593-ab6c-4c8b-8efd-f748555204ac","geometry":{"type":"Polygon","coordinates":[[[33.75499,27.26344],[33.78526,27.26344],[33.80471,27.21622],[33.77693,27.20011],[33.75499,27.26344]]]},"properties":{"name":"DEV. EXT. FOR W. ESH EL MALLAHA","status":"CURRENT","country":"Egypt","area_sqkm":"19.439962618169783","shore_status":"ONSHORE"}},{"type":"Feature","id":"mps_mapping_block.bb342b15-3fde-486b-b213-5e56e40e0ea4","geometry":{"type":"Polygon","coordinates":[[[35.99989,36.62421],[35.99989,36.49921],[35.87408,36.49921],[35.74928,36.49921],[35.74928,36.62421],[35.74928,36.74921],[35.87408,36.74921],[35.99989,36.74921],[35.99989,36.62421]]]},"properties":{"name":"O35C","status":"OPEN","country":"Turkiye","area_sqkm":"621.868187162247","shore_status":"OFFSHORE"}},{"type":"Feature","id":"mps_mapping_block.bcf67789-c3de-4592-8dee-d2c63ac47d27","geometry":{"type":"Polygon","coordinates":[[[34.2497,36.62421],[34.2497,36.49921],[34.12491,36.49921],[33.9991,36.49921],[33.9991,36.62421],[33.9991,36.74921],[34.12491,36.74921],[34.2497,36.74921],[34.2497,36.62421]]]},"properties":{"name":"O32D","status":"OPEN","country":"Turkiye","area_sqkm":"621.865705674942","shore_status":"BOTH"}},{"type":"Feature","id":"mps_mapping_block.1d32a0eb-2bf3-4fcf-8c76-80b1a3aa1b9c","geometry":{"type":"Polygon","coordinates":[[[33.25,33.5],[33.25,34.16667],[33.58333,34.16667],[33.89444,34.16667],[33.89444,33.82761],[33.544,33.82769],[33.54399,33.5],[33.30768,33.5],[33.25,33.5]]]},"properties":{"name":"BLOCK 9","status":"CURRENT","country":"Cyprus","area_sqkm":"3229.94977985279","shore_status":"OFFSHORE"}},{"type":"Feature","id":"mps_mapping_block.1fc8a9fe-5d76-40cc-bac9-3fe374600f90","geometry":{"type":"Polygon","coordinates":[[[32.0,35.0],[32.0,35.25],[32.0,35.5],[32.0,35.75],[32.0,36.0],[32.24527,36.0],[32.25,35.99733],[32.35978,35.93532],[32.45235,35.89864],[32.45411,35.89847],[32.5,35.88722],[32.50807,35.88524],[32.54915,35.86761],[32.66253,35.83499],[32.74646,35.81859],[32.75,35.81856],[32.85755,35.81771],[32.94112,35.85209],[32.96369,35.86003],[32.99261,35.87978],[33.0,35.87824],[33.0,35.75],[33.0,35.67428],[32.99799,35.67418],[32.79627,35.6361],[32.75,35.62884],[32.72433,35.62481],[32.52262,35.56275],[32.5,35.56197],[32.271,35.55411],[32.27104,35.5],[32.25,35.5],[32.25,35.2947],[32.19412,35.286],[32.14369,35.26096],[32.129,35.25],[32.09926,35.22782],[32.0707,35.19572],[32.04636,35.15834],[32.03825,35.12943],[32.03226,35.09416],[32.03085,35.05607],[32.03508,35.02046],[32.0376,35.0],[32.0,35.0]]]},"properties":{"name":"R28, R29, S28","status":"CURRENT","country":"Turkiye","area_sqkm":"4034.03828803876","shore_status":"OFFSHORE"}},{"type":"Feature","id":"mps_mapping_block.222ca16a-659e-4375-96a8-233583f48dd9","geometry":{"type":"Polygon","coordinates":[[[33.5,35.925],[33.52141,35.92139],[33.60605,35.92351],[33.6392,35.93691],[33.7196,35.93761],[33.75,35.94054],[33.77814,35.94325],[33.84021,35.97499],[33.87491,36.0],[34.0,36.0],[34.0,35.75],[34.0,35.72628],[33.99617,35.72567],[33.88896,35.70804],[33.75213,35.70098],[33.75,35.70086],[33.5,35.68628],[33.49822,35.68617],[33.37832,35.68335],[33.32507,35.68864],[33.25,35.68578],[33.18648,35.68335],[33.0,35.67428],[33.0,35.75],[33.0,35.87824],[33.01712,35.87466],[33.12415,35.87308],[33.18392,35.8856],[33.25,35.92317],[33.25463,35.9258],[33.45441,35.93268],[33.5,35.925]]]},"properties":{"name":"R30, R31","status":"CURRENT","country":"Turkiye","area_sqkm":"2393.17227421773","shore_status":"OFFSHORE"}},{"type":"Feature","id":"mps_mapping_block.245bc484-2d56-4bf1-98ca-4d50d21ade42","geometry":{"type":"Polygon","coordinates":[[[33.08764,28.69068],[33.12579,28.66798],[33.07716,28.60441],[33.03903,28.62709],[33.08764,28.69068]]]},"properties":{"name":"BELAYIM \"PETROBEL\" A","status":"CURRENT","country":"Egypt","area_sqkm":"38.23141572139931","shore_status":"OFFSHORE"}},{"type":"Feature","id":"mps_mapping_block.260e20a9-0aa5-4998-b676-853d8fa87680","geometry":{"type":"Polygon","coordinates":[[[33.89444,33.64444],[33.89444,34.16667],[34.33333,34.16667],[34.48333,34.16667],[34.41592,34.10151],[34.2999,33.99415],[34.04707,33.85819],[33.9555,33.72022],[33.89444,33.64444]]]},"properties":{"name":"BLOCK 13","status":"OPEN","country":"Cyprus","area_sqkm":"1444.27455629242","shore_status":"OFFSHORE"}},{"type":"Feature","id":"mps_mapping_block.0bae7b95-9732-4f25-a1b6-edb911a7e949","geometry":{"type":"Polygon","coordinates":[[[35.0,35.82364],[35.0,36.0],[35.25,36.0],[35.25,35.83641],[35.19588,35.829],[35.0,35.82364]]]},"properties":{"name":"R34, R35","status":"CURRENT","country":"Turkiye","area_sqkm":"431.454275655361","shore_status":"OFFSHORE"}},{"type":"Feature","id":"mps_mapping_block.134a2f4c-9e89-485f-ae28-68cd0e350fd7","geometry":{"type":"Polygon","coordinates":[[[35.75,35.905],[35.75,36.0],[35.81616,36.0],[35.91028,35.92758],[35.75,35.905]]]},"properties":{"name":"R34, R35","status":"CURRENT","country":"Turkiye","area_sqkm":"100.18198459388","shore_status":"OFFSHORE"}},{"type":"Feature","id":"mps_mapping_block.04b0e9d0-0e48-412a-b123-758539d8f258","geometry":{"type":"Polygon","coordinates":[[[33.25,35.75],[33.25,35.92317],[33.25463,35.9258],[33.45441,35.93268],[33.5,35.925],[33.5,35.75],[33.25,35.75]]]},"properties":{"name":"R30, R31","status":"CURRENT","country":"Turkiye","area_sqkm":"448.730524543964","shore_status":"OFFSHORE"}},{"type":"Feature","id":"mps_mapping_block.17f7c141-2b10-4614-9c01-71d66e2c32b1","geometry":{"type":"Polygon","coordinates":[[[33.5,35.68628],[33.5,35.75],[33.75,35.75],[33.75,35.70086],[33.5,35.68628]]]},"properties":{"name":"R30, R31","status":"CURRENT","country":"Turkiye","area_sqkm":"141.629622887741","shore_status":"OFFSHORE"}},{"type":"Feature","id":"mps_mapping_block.344ac3b9-4389-4241-b212-cf8483008919","geometry":{"type":"MultiPolygon","coordinates":[]},"properties":{"name":"SOUTH GHARIB","status":"CURRENT","country":"Egypt","area_sqkm":"40.465945822142125","shore_status":"OFFSHORE"}},{"type":"Feature","id":"mps_mapping_block.071b77f6-f364-4b1a-a00e-e83ab4d177a7","geometry":{"type":"Polygon","coordinates":[[[33.04678,28.43346],[33.085,28.43346],[33.085,28.4168],[33.10166,28.4168],[33.10166,28.40013],[33.11833,28.40013],[33.11833,28.36679],[33.135,28.36679],[33.135,28.33467],[33.12796,28.33055],[33.04678,28.43346]]]},"properties":{"name":"RAS FANAR OFFSHORE","status":"CURRENT","country":"Egypt","area_sqkm":"31.947074803762437","shore_status":"OFFSHORE"}},{"type":"Feature","id":"mps_mapping_block.d41794ff-d078-41e8-8e0b-027c796150be","geometry":{"type":"Polygon","coordinates":[[[33.21955,28.62835],[33.26657,28.60028],[33.21507,28.53306],[33.16811,28.56113],[33.21955,28.62835]]]},"properties":{"name":"BELAYIM \"PETROBEL\" F","status":"CURRENT","country":"Egypt","area_sqkm":"49.91137986263466","shore_status":"BOTH"}},{"type":"Feature","id":"mps_mapping_block.3db7c6d4-537b-4b4f-bbb9-3576c28e575f","geometry":{"type":"Polygon","coordinates":[[[33.74951,36.87421],[33.74951,36.74921],[33.62471,36.74921],[33.49992,36.74921],[33.49992,36.87421],[33.49992,36.99921],[33.62471,36.99921],[33.74951,36.99921],[33.74951,36.87421]]]},"properties":{"name":"O31A","status":"OPEN","country":"Turkiye","area_sqkm":"617.394191489204","shore_status":"ONSHORE"}},{"type":"Feature","id":"mps_mapping_block.415ed227-5fbd-4ff6-b9b7-04b259f959b4","geometry":{"type":"Polygon","coordinates":[[[35.99989,36.37421],[35.99989,36.24921],[35.87408,36.24921],[35.74928,36.24921],[35.74928,36.37421],[35.74928,36.49921],[35.87408,36.49921],[35.99989,36.49921],[35.99989,36.37421]]]},"properties":{"name":"P35B","status":"OPEN","country":"Turkiye","area_sqkm":"623.851740074936","shore_status":"BOTH"}},{"type":"Feature","id":"mps_mapping_block.442ace30-310b-40a6-81ee-27fbc776bee4","geometry":{"type":"Polygon","coordinates":[[[34.88257,33.6],[34.88257,33.17204],[34.46667,33.30607],[34.46667,33.57771],[34.46667,33.66667],[34.75,33.66667],[34.74949,33.59992],[34.88257,33.6]]]},"properties":{"name":"BLOCK 9","status":"OPEN","country":"Lebanon","area_sqkm":"1742.2848807027","shore_status":"OFFSHORE"}},{"type":"Feature","id":"mps_mapping_block.4ea7c90e-38b2-4b7b-b1bd-ed8ef4d3788d","geometry":{"type":"Polygon","coordinates":[[[34.7499,36.87421],[34.7499,36.74921],[34.62409,36.74921],[34.49929,36.74921],[34.49929,36.87421],[34.49929,36.99921],[34.62409,36.99921],[34.7499,36.99921],[34.7499,36.87421]]]},"properties":{"name":"O33A","status":"OPEN","country":"Turkiye","area_sqkm":"619.90243562912","shore_status":"BOTH"}},{"type":"Feature","id":"mps_mapping_block.4f7bca19-924b-4763-9893-ec499ee0ea33","geometry":{"type":"Polygon","coordinates":[[[33.9991,36.37421],[33.9991,36.24921],[33.8743,36.24921],[33.74951,36.24921],[33.74951,36.37421],[33.74951,36.49921],[33.8743,36.49921],[33.9991,36.49921],[33.9991,36.37421]]]},"properties":{"name":"P31B","status":"OPEN","country":"Turkiye","area_sqkm":"621.334954230759","shore_status":"BOTH"}},{"type":"Feature","id":"mps_mapping_block.37211def-f8bd-4ecc-8c56-08fadd58906d","geometry":{"type":"Polygon","coordinates":[[[34.23125,31.33322],[34.26973,31.22374],[34.35223,30.98811],[34.40931,30.84404],[34.49736,30.68426],[34.5263,30.58009],[34.5234,30.52551],[34.56681,30.48145],[34.54613,30.43092],[34.54867,30.4002],[34.61845,30.36059],[34.63883,30.29417],[34.75736,30.00468],[34.75529,29.98953],[34.85757,29.7393],[34.85688,29.69112],[34.87481,29.66386],[34.87931,29.64505],[34.87463,29.61774],[34.86523,29.59042],[34.86923,29.56129],[34.87398,29.54455],[34.88715,29.52278],[34.9126,29.49708],[34.90814,29.49477],[34.9044,29.48976],[34.90306,29.48958],[34.90098,29.48904],[34.89988,29.48929],[34.89942,29.49013],[34.89933,29.49113],[34.89824,29.49161],[34.898,29.49064],[34.89838,29.48967],[34.89805,29.48886],[34.89736,29.48898],[34.8955,29.48939],[34.89314,29.48976],[34.89132,29.48988],[34.88966,29.48982],[34.8873,29.48973],[34.88665,29.48944],[34.88562,29.48889],[34.88452,29.48855],[34.88414,29.48854],[34.88273,29.48777],[34.88142,29.48683],[34.88006,29.48652],[34.87857,29.48536],[34.87678,29.48506],[34.87535,29.48449],[34.87355,29.48344],[34.87194,29.48277],[34.87046,29.48257],[34.86927,29.48119],[34.86793,29.47825],[34.8664,29.47537],[34.86565,29.47447],[34.86379,29.47337],[34.86108,29.47308],[34.85947,29.47251],[34.85859,29.47129],[34.85854,29.46839],[34.85804,29.46797],[34.85728,29.46695],[34.85749,29.46507],[34.85623,29.46331],[34.85484,29.46134],[34.8545,29.45925],[34.85482,29.45672],[34.85558,29.45435],[34.85534,29.45134],[34.85375,29.44814],[34.8519,29.44461],[34.8507,29.4427],[34.8492,29.44127],[34.84712,29.4391],[34.84515,29.43636],[34.84396,29.43449],[34.84222,29.43285],[34.84112,29.43244],[34.83997,29.43227],[34.83787,29.43229],[34.83675,29.43192],[34.8357,29.43187],[34.83508,29.43089],[34.83432,29.42999],[34.83415,29.42914],[34.83199,29.42956],[34.83051,29.43023],[34.82977,29.43103],[34.83008,29.43135],[34.82868,29.43255],[34.82723,29.43094],[34.82922,29.4294],[34.82912,29.42823],[34.82978,29.42756],[34.83069,29.42794],[34.83163,29.4261],[34.83272,29.42425],[34.83284,29.42293],[34.83141,29.42224],[34.83043,29.42186],[34.82996,29.42088],[34.82726,29.42013],[34.8247,29.41938],[34.82303,29.4179],[34.82191,29.41759],[34.82076,29.41649],[34.82075,29.41557],[34.8191,29.4152],[34.81893,29.41409],[34.81905,29.41258],[34.81881,29.4118],[34.81754,29.41202],[34.81641,29.41144],[34.81593,29.40949],[34.81628,29.40804],[34.81553,29.40779],[34.81522,29.4072],[34.81615,29.40516],[34.81643,29.40385],[34.81663,29.40293],[34.81706,29.40181],[34.81696,29.40043],[34.81577,29.40078],[34.8145,29.4008],[34.81408,29.40218],[34.81266,29.4022],[34.80994,29.40093],[34.80918,29.40028],[34.80878,29.39878],[34.80897,29.39662],[34.80932,29.39504],[34.81034,29.39372],[34.81094,29.38978],[34.81099,29.38801],[34.80967,29.38541],[34.80867,29.38385],[34.80714,29.38184],[34.80494,29.37972],[34.80394,29.37829],[34.8036,29.376],[34.80172,29.37544],[34.79895,29.37489],[34.79393,29.37449],[34.78907,29.37443],[34.78677,29.37125],[34.78461,29.36709],[34.78501,29.36466],[34.78468,29.36238],[34.78419,29.36061],[34.78213,29.35789],[34.78282,29.35036],[34.78182,29.3488],[34.78119,29.34671],[34.78011,29.34476],[34.77918,29.34287],[34.77906,29.34071],[34.77696,29.33976],[34.77127,29.33918],[34.7667,29.33846],[34.76369,29.33758],[34.76208,29.33505],[34.76117,29.33427],[34.76026,29.33357],[34.75884,29.32907],[34.75793,29.32803],[34.75582,29.32727],[34.75416,29.32638],[34.75338,29.32456],[34.75262,29.32345],[34.75349,29.32213],[34.75383,29.32003],[34.75319,29.31768],[34.75183,29.31685],[34.74927,29.31564],[34.74807,29.31526],[34.74484,29.31397],[34.7433,29.31316],[34.74203,29.31135],[34.74178,29.30991],[34.74205,29.30853],[34.74202,29.30637],[34.74191,29.30461],[34.74233,29.3027],[34.74334,29.30079],[34.74442,29.29848],[34.74536,29.29684],[34.7457,29.29428],[34.74558,29.29199],[34.74356,29.2875],[34.74179,29.28418],[34.74147,29.28274],[34.7416,29.2815],[34.74194,29.27999],[34.74278,29.27664],[34.74324,29.27257],[34.74309,29.26838],[34.74253,29.26591],[34.74115,29.26389],[34.739,29.26032],[34.73763,29.25916],[34.73536,29.25716],[34.7339,29.25489],[34.73335,29.25326],[34.73377,29.25148],[34.73485,29.24898],[34.73562,29.24635],[34.73676,29.24254],[34.73654,29.23849],[34.73696,29.2371],[34.73753,29.23559],[34.73871,29.23453],[34.74044,29.23091],[34.74027,29.22934],[34.74088,29.22619],[34.7409,29.22284],[34.74085,29.21997],[34.74014,29.21768],[34.73851,29.21404],[34.73875,29.21063],[34.73866,29.20919],[34.73647,29.20811],[34.73547,29.20655],[34.73414,29.19812],[34.73315,29.19695],[34.73215,29.1954],[34.731,29.19305],[34.72775,29.1908],[34.72617,29.18991],[34.72399,29.18915],[34.72201,29.18715],[34.72131,29.18499],[34.72017,29.17899],[34.7182,29.17273],[34.71684,29.17209],[34.7143,29.17153],[34.70331,29.1701],[34.69873,29.16872],[34.69572,29.16692],[34.69237,29.16297],[34.69136,29.16037],[34.69048,29.15759],[34.69098,29.15299],[34.69207,29.14936],[34.6922,29.14772],[34.69037,29.14564],[34.69013,29.14427],[34.68996,29.14343],[34.68951,29.14278],[34.68979,29.14185],[34.6903,29.14126],[34.69035,29.13988],[34.68936,29.13839],[34.68814,29.1369],[34.6876,29.1358],[34.68773,29.13462],[34.68749,29.13337],[34.68709,29.132],[34.68707,29.13096],[34.68662,29.13037],[34.68594,29.13025],[34.68458,29.12876],[34.68464,29.12771],[34.68567,29.12672],[34.68662,29.12553],[34.6863,29.12442],[34.68583,29.12338],[34.68441,29.12274],[34.68274,29.12093],[34.68189,29.11904],[34.68155,29.11675],[34.68092,29.11466],[34.6797,29.11317],[34.67886,29.11188],[34.67928,29.1103],[34.67777,29.10862],[34.67527,29.10668],[34.67526,29.1059],[34.67804,29.10246],[34.67823,29.10075],[34.67897,29.09996],[34.67984,29.0989],[34.68065,29.09797],[34.68055,29.0964],[34.68016,29.09523],[34.67968,29.09347],[34.67987,29.0917],[34.67738,29.08937],[34.67617,29.08834],[34.67533,29.08704],[34.67395,29.08509],[34.67325,29.08287],[34.67322,29.08111],[34.67132,29.07917],[34.67108,29.07793],[34.67128,29.07668],[34.67164,29.0755],[34.67162,29.07432],[34.67078,29.07315],[34.66948,29.0714],[34.67022,29.06949],[34.67238,29.06606],[34.67301,29.06343],[34.67342,29.06114],[34.67341,29.05916],[34.67314,29.05729],[34.67297,29.05607],[34.67298,29.05582],[34.67289,29.05571],[34.67289,29.05557],[34.67289,29.05543],[34.67283,29.05538],[34.67273,29.05543],[34.67249,29.05553],[34.67245,29.05554],[34.67241,29.05555],[34.67238,29.05554],[34.67234,29.05554],[34.67231,29.05552],[34.67227,29.0555],[34.67224,29.05548],[34.67222,29.05545],[34.6722,29.05542],[34.67219,29.05538],[34.67218,29.05535],[34.67207,29.05512],[34.67198,29.0549],[34.67165,29.05449],[34.67146,29.05397],[34.67125,29.05358],[34.67102,29.05324],[34.67072,29.05301],[34.67035,29.05271],[34.67017,29.05242],[34.66988,29.05211],[34.66962,29.05178],[34.6693,29.05152],[34.66898,29.05109],[34.66861,29.05069],[34.66836,29.05046],[34.66782,29.04997],[34.66745,29.04967],[34.66683,29.04922],[34.66641,29.04877],[34.66598,29.04839],[34.66534,29.04792],[34.6646,29.04704],[34.6645,29.04693],[34.66441,29.04681],[34.66432,29.04669],[34.66424,29.04656],[34.66416,29.04643],[34.66409,29.0463],[34.66402,29.04616],[34.66396,29.04602],[34.66391,29.04588],[34.66386,29.04573],[34.66383,29.04559],[34.6638,29.04544],[34.66377,29.04529],[34.66375,29.04514],[34.66374,29.04499],[34.66374,29.04484],[34.66373,29.04383],[34.66409,29.04307],[34.66488,29.04179],[34.66575,29.04081],[34.6666,29.03988],[34.66781,29.03875],[34.66819,29.0384],[34.66855,29.03831],[34.66923,29.03805],[34.66951,29.03789],[34.66972,29.03764],[34.67002,29.03732],[34.67013,29.03703],[34.6702,29.03672],[34.67068,29.03627],[34.67096,29.03607],[34.67178,29.03577],[34.67223,29.03536],[34.67263,29.03486],[34.67281,29.03446],[34.67307,29.03411],[34.67296,29.03394],[34.67314,29.03342],[34.6735,29.03274],[34.67395,29.03207],[34.67437,29.03145],[34.67472,29.03081],[34.67485,29.03024],[34.67491,29.02962],[34.67501,29.02932],[34.67507,29.0288],[34.67509,29.02844],[34.67514,29.02798],[34.67506,29.02761],[34.6749,29.02735],[34.67473,29.02731],[34.67458,29.0272],[34.67437,29.02702],[34.67421,29.02674],[34.67405,29.02647],[34.67392,29.02596],[34.67391,29.02553],[34.67404,29.02504],[34.67398,29.0247],[34.67386,29.02425],[34.67376,29.02352],[34.67388,29.02293],[34.67421,29.02245],[34.67456,29.02207],[34.67497,29.02163],[34.67538,29.02118],[34.67592,29.02074],[34.67619,29.0206],[34.67661,29.02058],[34.67687,29.02056],[34.67718,29.02043],[34.67756,29.01997],[34.67768,29.0197],[34.67768,29.01936],[34.67766,29.01915],[34.67765,29.01884],[34.67779,29.01861],[34.67821,29.01828],[34.67931,29.01747],[34.67984,29.01706],[34.68011,29.0169],[34.68044,29.01674],[34.6807,29.01677],[34.681,29.01677],[34.68151,29.01677],[34.68166,29.01671],[34.68181,29.01664],[34.68195,29.01657],[34.6821,29.0165],[34.68224,29.01642],[34.68237,29.01633],[34.6825,29.01624],[34.68263,29.01614],[34.68276,29.01604],[34.68288,29.01594],[34.68321,29.01545],[34.68351,29.01478],[34.68385,29.01435],[34.68408,29.01378],[34.68441,29.0132],[34.68467,29.01266],[34.68489,29.01207],[34.68504,29.01144],[34.68516,29.01108],[34.68534,29.01049],[34.6853,29.00986],[34.68536,29.00857],[34.68542,29.00759],[34.6854,29.0072],[34.6855,29.00689],[34.68574,29.00633],[34.68608,29.00556],[34.68628,29.00499],[34.68646,29.00448],[34.68658,29.00384],[34.68641,29.00384],[34.68632,29.00367],[34.68642,29.00333],[34.6866,29.00278],[34.68668,29.00208],[34.68673,29.00154],[34.68662,29.0013],[34.68651,29.00111],[34.68622,29.00098],[34.686,29.00075],[34.68584,29.00003],[34.68575,28.99939],[34.68564,28.99888],[34.68582,28.9983],[34.68584,28.99793],[34.68576,28.99741],[34.68576,28.99712],[34.68576,28.9968],[34.68579,28.99661],[34.68591,28.99635],[34.68588,28.99625],[34.68571,28.99611],[34.6857,28.99593],[34.68576,28.99547],[34.68587,28.99507],[34.68587,28.9949],[34.68581,28.9946],[34.68575,28.99442],[34.68592,28.99383],[34.68599,28.99351],[34.68602,28.99313],[34.68594,28.9928],[34.68599,28.99238],[34.68579,28.99227],[34.68567,28.99213],[34.68577,28.99172],[34.68574,28.99151],[34.68557,28.99139],[34.68555,28.99083],[34.68582,28.99028],[34.68582,28.98955],[34.68606,28.98784],[34.68652,28.98615],[34.68679,28.98473],[34.68681,28.98381],[34.68658,28.98319],[34.68623,28.98257],[34.68608,28.98226],[34.68592,28.98184],[34.68573,28.98142],[34.68534,28.98119],[34.68512,28.98072],[34.68508,28.9805],[34.68467,28.9801],[34.68438,28.97981],[34.68407,28.97949],[34.68367,28.97926],[34.68323,28.97902],[34.68295,28.97848],[34.68276,28.97803],[34.68262,28.97761],[34.6823,28.97737],[34.68224,28.97716],[34.68198,28.97708],[34.68124,28.97702],[34.68071,28.97686],[34.67978,28.97669],[34.67916,28.97651],[34.67796,28.97637],[34.67726,28.97645],[34.67651,28.9764],[34.67569,28.9762],[34.67505,28.97601],[34.67415,28.97579],[34.67151,28.9752],[34.66834,28.97439],[34.66801,28.97411],[34.66791,28.97376],[34.66775,28.97338],[34.66783,28.97329],[34.66793,28.97316],[34.66637,28.97225],[34.66684,28.97131],[34.66668,28.97124],[34.66573,28.97087],[34.66578,28.97121],[34.66565,28.97151],[34.66557,28.97178],[34.66544,28.97197],[34.66528,28.97189],[34.66527,28.97178],[34.66507,28.97177],[34.66499,28.97187],[34.66482,28.97216],[34.66462,28.97235],[34.66448,28.97259],[34.66417,28.97263],[34.66376,28.97263],[34.66332,28.97257],[34.66277,28.97232],[34.66237,28.97213],[34.6618,28.97193],[34.66165,28.97183],[34.66115,28.97171],[34.65998,28.97143],[34.65929,28.97136],[34.6581,28.97107],[34.65758,28.97096],[34.65657,28.97077],[34.65563,28.97061],[34.65512,28.97051],[34.65444,28.97034],[34.65403,28.97026],[34.65375,28.97017],[34.65341,28.97001],[34.65306,28.96986],[34.65277,28.9696],[34.65247,28.96932],[34.65232,28.96906],[34.65211,28.96876],[34.65196,28.96837],[34.65171,28.96787],[34.65146,28.96714],[34.65145,28.9667],[34.65138,28.96651],[34.65129,28.96632],[34.6512,28.96613],[34.65111,28.96594],[34.65101,28.96576],[34.6509,28.96558],[34.65079,28.9654],[34.65067,28.96523],[34.65055,28.96506],[34.65032,28.96464],[34.64989,28.96407],[34.64922,28.96347],[34.64847,28.96282],[34.64709,28.96203],[34.64614,28.96157],[34.64386,28.96051],[34.6425,28.95943],[34.64221,28.9585],[34.64228,28.95691],[34.64235,28.95562],[34.64136,28.95429],[34.64088,28.95299],[34.6404,28.95182],[34.63963,28.95013],[34.63929,28.94879],[34.63945,28.94721],[34.64002,28.94545],[34.63966,28.9431],[34.64006,28.94196],[34.64059,28.94049],[34.64144,28.93902],[34.64239,28.93788],[34.64566,28.93451],[34.64702,28.93311],[34.64818,28.93046],[34.64848,28.92854],[34.64812,28.92648],[34.64679,28.92406],[34.64519,28.92234],[34.64442,28.92044],[34.64417,28.91861],[34.64372,28.91679],[34.64417,28.91589],[34.64493,28.9145],[34.64486,28.91324],[34.64517,28.91215],[34.64625,28.91039],[34.64733,28.90871],[34.64758,28.90716],[34.64723,28.90546],[34.64676,28.90478],[34.64668,28.90267],[34.64708,28.90189],[34.6478,28.90042],[34.64856,28.89879],[34.64891,28.89745],[34.6492,28.89594],[34.64918,28.8944],[34.64843,28.89343],[34.64785,28.8921],[34.64783,28.89068],[34.648,28.8895],[34.64839,28.88803],[34.64841,28.88657],[34.64802,28.88532],[34.64671,28.88408],[34.64665,28.88335],[34.64574,28.88108],[34.64567,28.87926],[34.64601,28.87804],[34.6465,28.87649],[34.64581,28.8739],[34.64538,28.87277],[34.64734,28.86868],[34.6481,28.86677],[34.64816,28.8649],[34.64789,28.86255],[34.64753,28.86012],[34.64649,28.85851],[34.64569,28.8573],[34.64572,28.85624],[34.64543,28.85563],[34.63886,28.85421],[34.63474,28.85329],[34.6328,28.85279],[34.63154,28.85207],[34.63003,28.85002],[34.62882,28.84881],[34.62848,28.84752],[34.62703,28.84644],[34.62429,28.84518],[34.62236,28.84301],[34.62164,28.84107],[34.62157,28.83912],[34.62105,28.83523],[34.62076,28.83138],[34.62096,28.82983],[34.62163,28.82852],[34.62221,28.8273],[34.62261,28.82607],[34.62328,28.82448],[34.62413,28.82277],[34.62406,28.82135],[34.62312,28.82006],[34.62217,28.81853],[34.62159,28.81647],[34.62327,28.81503],[34.62463,28.81371],[34.62567,28.81224],[34.6261,28.81053],[34.6259,28.80947],[34.62518,28.80749],[34.62489,28.80648],[34.62468,28.80523],[34.62452,28.80344],[34.62492,28.8023],[34.62522,28.80124],[34.62465,28.79983],[34.6249,28.79873],[34.62502,28.79739],[34.62509,28.79584],[34.62475,28.79459],[34.62441,28.79366],[34.62453,28.79256],[34.62511,28.79118],[34.62531,28.78939],[34.62493,28.78825],[34.62455,28.78769],[34.62426,28.78664],[34.62428,28.78518],[34.62486,28.78383],[34.62484,28.78274],[34.62445,28.78111],[34.6241,28.77945],[34.62407,28.77722],[34.62483,28.77563],[34.62494,28.77409],[34.6258,28.77306],[34.62633,28.77212],[34.62696,28.77098],[34.627,28.77008],[34.62799,28.76857],[34.62793,28.7676],[34.62776,28.76614],[34.62774,28.76435],[34.62736,28.76375],[34.62687,28.76205],[34.62474,28.76106],[34.62389,28.75985],[34.6235,28.75868],[34.62295,28.75613],[34.62183,28.75512],[34.62113,28.75432],[34.62047,28.75335],[34.62051,28.7499],[34.62027,28.74906],[34.62053,28.7482],[34.62125,28.7471],[34.62136,28.74539],[34.62042,28.74418],[34.62077,28.74296],[34.62093,28.74162],[34.62315,28.73863],[34.62408,28.73675],[34.62444,28.73585],[34.62524,28.7345],[34.62581,28.73239],[34.62622,28.73173],[34.62708,28.73087],[34.62666,28.73034],[34.62602,28.7306],[34.62549,28.72922],[34.62477,28.72769],[34.62389,28.72729],[34.62295,28.72641],[34.62187,28.7239],[34.61628,28.7124],[34.61301,28.70738],[34.613,28.706],[34.61218,28.70503],[34.61109,28.70325],[34.60999,28.70157],[34.60796,28.70006],[34.60743,28.69779],[34.60737,28.69585],[34.60416,28.69125],[34.60106,28.68964],[34.60053,28.68781],[34.60046,28.68615],[34.59859,28.684],[34.59586,28.6817],[34.59366,28.67952],[34.59042,28.6742],[34.58738,28.67152],[34.58677,28.66962],[34.58731,28.66697],[34.58761,28.66432],[34.587,28.66272],[34.58598,28.66126],[34.58587,28.6595],[34.58351,28.65762],[34.58066,28.65618],[34.57741,28.655],[34.57655,28.65409],[34.57549,28.65254],[34.57433,28.64987],[34.57374,28.64786],[34.57434,28.6474],[34.57511,28.64611],[34.57608,28.64511],[34.5771,28.64431],[34.57797,28.64311],[34.57977,28.64156],[34.58035,28.63962],[34.58006,28.639],[34.57908,28.63947],[34.5781,28.63956],[34.57716,28.63862],[34.57644,28.63768],[34.5755,28.63707],[34.57487,28.63622],[34.57466,28.63449],[34.57356,28.63244],[34.57325,28.63034],[34.57397,28.62885],[34.57562,28.6266],[34.57565,28.62508],[34.57534,28.62372],[34.57066,28.62287],[34.5691,28.62148],[34.56658,28.61883],[34.56577,28.61806],[34.56189,28.61765],[34.56076,28.61708],[34.56032,28.61565],[34.55936,28.6138],[34.55811,28.6118],[34.5568,28.61156],[34.5546,28.61163],[34.55316,28.61198],[34.55255,28.61174],[34.55193,28.61084],[34.55228,28.60948],[34.55146,28.60789],[34.55034,28.60756],[34.55001,28.60711],[34.55063,28.60629],[34.54858,28.60232],[34.5462,28.59627],[34.54535,28.59255],[34.54615,28.58972],[34.54486,28.58778],[34.54489,28.58768],[34.54438,28.58417],[34.54458,28.58139],[34.54407,28.57932],[34.54322,28.57827],[34.54264,28.57772],[34.54158,28.57644],[34.5412,28.57561],[34.54054,28.57382],[34.53939,28.57342],[34.53681,28.57252],[34.53618,28.57184],[34.53599,28.5699],[34.5353,28.56926],[34.53482,28.5689],[34.53429,28.56821],[34.53296,28.56743],[34.53171,28.56686],[34.53183,28.56621],[34.53009,28.56433],[34.52863,28.56375],[34.52778,28.56298],[34.52782,28.56205],[34.52729,28.56146],[34.52693,28.56049],[34.52575,28.55877],[34.52523,28.55839],[34.52468,28.55779],[34.52418,28.55747],[34.52394,28.55735],[34.52377,28.55714],[34.52346,28.55691],[34.52328,28.5569],[34.523,28.55675],[34.52275,28.55659],[34.52216,28.55623],[34.52197,28.55611],[34.5218,28.55583],[34.52167,28.55556],[34.52166,28.55535],[34.52142,28.55503],[34.52125,28.55477],[34.52114,28.55472],[34.52089,28.55462],[34.52055,28.5543],[34.52029,28.55417],[34.52017,28.55402],[34.52001,28.55398],[34.51993,28.55394],[34.51953,28.55349],[34.51932,28.55324],[34.51917,28.55301],[34.5191,28.55284],[34.51911,28.55272],[34.519,28.55258],[34.51893,28.55233],[34.51889,28.552],[34.51889,28.55166],[34.51886,28.5513],[34.51876,28.55094],[34.51849,28.5499],[34.51825,28.54916],[34.51826,28.54899],[34.51826,28.54881],[34.51826,28.54863],[34.51825,28.54845],[34.51824,28.54827],[34.51821,28.5481],[34.51819,28.54792],[34.51815,28.54775],[34.5181,28.54757],[34.51806,28.5474],[34.518,28.54723],[34.51794,28.54707],[34.51787,28.5469],[34.5178,28.54674],[34.51772,28.54658],[34.51763,28.54642],[34.51753,28.54627],[34.51744,28.54612],[34.51733,28.54598],[34.51722,28.54584],[34.517,28.54567],[34.51676,28.54419],[34.51678,28.54361],[34.51669,28.54332],[34.51668,28.54293],[34.51667,28.54259],[34.51672,28.54247],[34.51675,28.54236],[34.51678,28.54224],[34.51681,28.54213],[34.51682,28.54201],[34.51683,28.54189],[34.51684,28.54177],[34.51683,28.54165],[34.51682,28.54153],[34.51681,28.54141],[34.51678,28.54129],[34.51675,28.54117],[34.51672,28.54106],[34.51667,28.54095],[34.51662,28.54084],[34.51657,28.54073],[34.51651,28.54063],[34.51644,28.54053],[34.51637,28.54043],[34.5164,28.54014],[34.51642,28.53967],[34.51629,28.53938],[34.51621,28.53909],[34.51631,28.5388],[34.51694,28.53726],[34.51709,28.53686],[34.51707,28.53664],[34.51686,28.5364],[34.51678,28.53626],[34.51667,28.53617],[34.51643,28.53606],[34.51631,28.53594],[34.51623,28.53581],[34.51623,28.53559],[34.51615,28.53538],[34.51594,28.53519],[34.51587,28.53495],[34.51584,28.53468],[34.51586,28.53439],[34.51568,28.53403],[34.51549,28.53356],[34.51525,28.53318],[34.51512,28.533],[34.51495,28.53288],[34.51474,28.53273],[34.51468,28.53247],[34.51473,28.53203],[34.51481,28.53165],[34.51493,28.53131],[34.51493,28.53115],[34.51495,28.53073],[34.5149,28.53016],[34.5149,28.52985],[34.51475,28.5295],[34.51465,28.52927],[34.5144,28.52916],[34.51431,28.52874],[34.51423,28.52834],[34.51414,28.52784],[34.51411,28.52742],[34.51417,28.52716],[34.51439,28.52668],[34.51431,28.52626],[34.51427,28.52593],[34.51421,28.52574],[34.51409,28.52553],[34.51385,28.52517],[34.51362,28.5249],[34.51349,28.5246],[34.5134,28.52434],[34.51335,28.52398],[34.51319,28.52325],[34.51299,28.52275],[34.51289,28.52236],[34.51269,28.52134],[34.51248,28.52091],[34.51237,28.52068],[34.51214,28.52042],[34.51202,28.52027],[34.51194,28.51936],[34.51181,28.5191],[34.51174,28.51852],[34.51173,28.51812],[34.51178,28.51777],[34.51199,28.51711],[34.51252,28.51632],[34.51296,28.51579],[34.51302,28.51554],[34.51329,28.51519],[34.51338,28.5149],[34.51418,28.51413],[34.51506,28.51343],[34.51557,28.51293],[34.51645,28.51178],[34.51729,28.51072],[34.51806,28.50965],[34.51853,28.5087],[34.51924,28.50752],[34.51963,28.50662],[34.51998,28.50584],[34.5201,28.50491],[34.52016,28.50429],[34.52004,28.50425],[34.52021,28.50384],[34.52012,28.5038],[34.52024,28.50353],[34.52017,28.50352],[34.52029,28.5031],[34.52023,28.50307],[34.52057,28.50209],[34.52066,28.50156],[34.52074,28.50117],[34.52076,28.50081],[34.52088,28.50051],[34.52089,28.50023],[34.52082,28.49988],[34.52079,28.49947],[34.52066,28.4992],[34.52054,28.49899],[34.52022,28.49888],[34.51993,28.49884],[34.51974,28.49886],[34.51944,28.49899],[34.51913,28.49894],[34.51892,28.49887],[34.51843,28.49866],[34.5181,28.49849],[34.51785,28.49825],[34.51776,28.49806],[34.51754,28.49789],[34.51725,28.4975],[34.51706,28.49727],[34.5169,28.49699],[34.51682,28.49665],[34.51702,28.49614],[34.51727,28.49539],[34.51767,28.49498],[34.51785,28.49467],[34.51782,28.49451],[34.5177,28.49407],[34.51746,28.49355],[34.51722,28.49304],[34.51715,28.49282],[34.51708,28.49254],[34.51698,28.49214],[34.51694,28.49187],[34.51672,28.49141],[34.51658,28.49106],[34.51633,28.49077],[34.5162,28.4905],[34.51618,28.49017],[34.51609,28.48991],[34.51614,28.48966],[34.51606,28.48921],[34.51586,28.48882],[34.51577,28.48827],[34.51576,28.48795],[34.51576,28.48747],[34.51565,28.48744],[34.51563,28.48707],[34.51552,28.48704],[34.5156,28.48674],[34.51553,28.48631],[34.51548,28.48594],[34.5153,28.48546],[34.51517,28.48474],[34.51502,28.48426],[34.51481,28.48389],[34.51466,28.48367],[34.51457,28.48327],[34.51444,28.48263],[34.51436,28.48229],[34.51427,28.48205],[34.51403,28.48183],[34.51382,28.48177],[34.51373,28.48174],[34.51366,28.48149],[34.51363,28.48125],[34.51351,28.48088],[34.51342,28.48049],[34.51332,28.48035],[34.51318,28.4801],[34.5131,28.47976],[34.51287,28.47936],[34.51261,28.47916],[34.51238,28.47854],[34.51218,28.47802],[34.51204,28.47782],[34.51201,28.47747],[34.51176,28.47715],[34.51162,28.47692],[34.51152,28.47655],[34.51118,28.47626],[34.51083,28.47585],[34.51082,28.47562],[34.51042,28.47529],[34.51018,28.47518],[34.51001,28.47469],[34.50977,28.47403],[34.5097,28.4737],[34.50946,28.47343],[34.5093,28.47309],[34.50915,28.47269],[34.50899,28.47237],[34.50874,28.47224],[34.50847,28.47176],[34.50825,28.47128],[34.50798,28.47082],[34.50776,28.47057],[34.50758,28.47045],[34.50745,28.47053],[34.50743,28.47073],[34.50733,28.47089],[34.50714,28.47108],[34.50699,28.4713],[34.50684,28.47153],[34.50649,28.47182],[34.50632,28.47188],[34.50615,28.47193],[34.50598,28.47197],[34.50581,28.472],[34.50563,28.47203],[34.50545,28.47206],[34.50528,28.47208],[34.5051,28.47209],[34.50493,28.47209],[34.50415,28.47197],[34.50361,28.47183],[34.50288,28.47179],[34.50243,28.47191],[34.50193,28.47202],[34.50148,28.47215],[34.50099,28.47224],[34.50046,28.47234],[34.5,28.47249],[34.49973,28.47271],[34.4992,28.47309],[34.49878,28.47337],[34.4985,28.47368],[34.49837,28.47396],[34.49804,28.47429],[34.49767,28.4747],[34.49765,28.47485],[34.49807,28.47464],[34.49925,28.47392],[34.49939,28.47383],[34.49954,28.47375],[34.4997,28.47367],[34.49985,28.4736],[34.50001,28.47354],[34.50017,28.47348],[34.50034,28.47343],[34.50051,28.47339],[34.50068,28.47335],[34.50084,28.47333],[34.50102,28.4733],[34.50119,28.47329],[34.50136,28.47328],[34.50153,28.47328],[34.5017,28.47328],[34.50187,28.4733],[34.50204,28.47332],[34.50235,28.47357],[34.50274,28.47357],[34.50323,28.4735],[34.50405,28.47327],[34.50443,28.47346],[34.50532,28.47371],[34.50567,28.47435],[34.50617,28.47515],[34.50702,28.47588],[34.50708,28.47621],[34.5066,28.47678],[34.50525,28.47764],[34.50354,28.47735],[34.50198,28.47658],[34.50187,28.47613],[34.50142,28.47645],[34.5008,28.47727],[34.49948,28.47819],[34.49836,28.47883],[34.4971,28.4792],[34.4967,28.47932],[34.49543,28.47936],[34.49301,28.47925],[34.48869,28.47827],[34.48775,28.47789],[34.48709,28.47763],[34.48607,28.47715],[34.48553,28.47678],[34.48469,28.47574],[34.4842,28.47485],[34.48378,28.47399],[34.48373,28.47298],[34.48378,28.47195],[34.48329,28.47161],[34.48296,28.47079],[34.48264,28.4701],[34.48227,28.46983],[34.48193,28.46956],[34.48131,28.46917],[34.4802,28.46882],[34.47987,28.4686],[34.4794,28.46843],[34.47898,28.46817],[34.47869,28.46764],[34.4784,28.46697],[34.47814,28.46636],[34.47797,28.46546],[34.47759,28.46378],[34.47741,28.4634],[34.47719,28.46285],[34.47662,28.46251],[34.47607,28.46223],[34.47527,28.46212],[34.47477,28.46188],[34.47416,28.46156],[34.47369,28.46101],[34.47322,28.46045],[34.47284,28.45985],[34.47264,28.45916],[34.4724,28.45831],[34.4721,28.45773],[34.47171,28.45702],[34.47107,28.4568],[34.4707,28.45631],[34.47024,28.45569],[34.46992,28.45479],[34.47011,28.45379],[34.4709,28.45189],[34.47119,28.4494],[34.47129,28.44802],[34.47123,28.4473],[34.4711,28.44571],[34.47086,28.44459],[34.46677,28.44059],[34.46369,28.43895],[34.46072,28.43813],[34.45893,28.43756],[34.45845,28.43687],[34.45795,28.43665],[34.45742,28.43585],[34.45668,28.43487],[34.45603,28.43428],[34.45607,28.43354],[34.45615,28.4321],[34.45637,28.42908],[34.45645,28.42741],[34.45608,28.42679],[34.45605,28.42467],[34.45779,28.42141],[34.45761,28.41911],[34.45682,28.41741],[34.4565,28.41611],[34.45555,28.41449],[34.45493,28.41347],[34.45364,28.41213],[34.45266,28.4111],[34.45203,28.40972],[34.45139,28.40797],[34.45143,28.40706],[34.4509,28.4059],[34.45099,28.40468],[34.45097,28.40279],[34.45068,28.40077],[34.44964,28.39893],[34.44871,28.398],[34.44793,28.39701],[34.44694,28.39495],[34.44656,28.3936],[34.44649,28.3918],[34.44656,28.3896],[34.44663,28.38739],[34.446,28.38613],[34.4484,28.38277],[34.44812,28.38125],[34.44759,28.37909],[34.44762,28.37778],[34.44699,28.37603],[34.4457,28.37519],[34.44368,28.37301],[34.44353,28.37251],[34.44326,28.3713],[34.44241,28.36946],[34.44173,28.3674],[34.44161,28.36654],[34.44124,28.36529],[34.44089,28.362],[34.44154,28.36123],[34.44163,28.3601],[34.44167,28.35916],[34.44048,28.35809],[34.4395,28.35738],[34.43848,28.35689],[34.43776,28.35636],[34.43673,28.35565],[34.43581,28.3553],[34.43499,28.35477],[34.43467,28.35423],[34.43391,28.35392],[34.43289,28.35389],[34.43201,28.3534],[34.42971,28.35235],[34.42918,28.35113],[34.42891,28.34956],[34.42818,28.34831],[34.42633,28.34698],[34.42423,28.34605],[34.4232,28.34557],[34.42278,28.34417],[34.42119,28.34352],[34.42118,28.34275],[34.42101,28.34163],[34.42058,28.33969],[34.42022,28.33893],[34.41999,28.33718],[34.41946,28.33615],[34.4194,28.33475],[34.41862,28.33373],[34.41804,28.33243],[34.4167,28.331],[34.41581,28.32947],[34.41544,28.32844],[34.41416,28.32778],[34.41178,28.32465],[34.41037,28.32174],[34.40953,28.32004],[34.40997,28.31904],[34.41086,28.31692],[34.4114,28.31533],[34.41108,28.31407],[34.41042,28.3139],[34.40975,28.31337],[34.40942,28.31184],[34.40832,28.30969],[34.4083,28.30807],[34.40848,28.30613],[34.40811,28.30514],[34.4082,28.30433],[34.40916,28.30329],[34.4098,28.30175],[34.4088,28.29928],[34.40791,28.29767],[34.40773,28.29515],[34.40699,28.29326],[34.40691,28.29155],[34.40729,28.28939],[34.40808,28.28776],[34.40821,28.28582],[34.40809,28.28447],[34.40816,28.28168],[34.40849,28.27965],[34.40851,28.27748],[34.40839,28.27604],[34.40826,28.27379],[34.40829,28.27222],[34.40841,28.26983],[34.4091,28.2682],[34.41015,28.26661],[34.41027,28.2645],[34.4096,28.26369],[34.40933,28.26234],[34.41013,28.2613],[34.41022,28.2604],[34.41097,28.25953],[34.41362,28.25635],[34.4147,28.25328],[34.41498,28.25107],[34.41615,28.24754],[34.41643,28.24542],[34.41549,28.24345],[34.41269,28.23943],[34.41111,28.23539],[34.41072,28.23287],[34.41125,28.23089],[34.41231,28.22966],[34.41305,28.22853],[34.41303,28.22699],[34.41357,28.22555],[34.41421,28.22401],[34.415,28.22193],[34.41609,28.21962],[34.41714,28.21799],[34.41854,28.2164],[34.42024,28.21422],[34.42167,28.2111],[34.42151,28.21042],[34.42043,28.20971],[34.4193,28.20855],[34.41833,28.20861],[34.41813,28.20811],[34.41872,28.20743],[34.41958,28.20657],[34.4213,28.20574],[34.42288,28.20608],[34.42426,28.20728],[34.4256,28.20822],[34.42707,28.20766],[34.42771,28.20635],[34.42759,28.20513],[34.42667,28.20465],[34.42508,28.20394],[34.42357,28.20094],[34.42316,28.20011],[34.30335,28.20024],[34.3017,30.00013],[33.8017,30.00013],[33.80172,31.1447],[33.80264,31.14497],[33.80424,31.14542],[33.80649,31.14661],[33.80746,31.14672],[33.80818,31.14695],[33.80909,31.14724],[33.80993,31.14745],[33.81147,31.14808],[33.81316,31.14859],[33.81569,31.14931],[33.81661,31.14949],[33.81822,31.15014],[33.8195,31.15077],[33.82126,31.15124],[33.82398,31.15225],[33.82542,31.15303],[33.82758,31.15395],[33.82934,31.15479],[33.83009,31.15539],[33.83102,31.15634],[33.83128,31.15626],[33.83104,31.15601],[33.83052,31.15546],[33.83011,31.15487],[33.82992,31.15451],[33.82993,31.1542],[33.82983,31.15394],[33.82972,31.15377],[33.82948,31.15381],[33.82905,31.15266],[33.82887,31.15205],[33.82874,31.15163],[33.82918,31.15069],[33.82954,31.15069],[33.82961,31.15052],[33.83147,31.15106],[33.83247,31.15148],[33.83254,31.15173],[33.83231,31.15249],[33.83185,31.15323],[33.83151,31.1535],[33.8319,31.15356],[33.83244,31.15269],[33.83265,31.1521],[33.83389,31.15195],[33.83513,31.15221],[33.8365,31.15239],[33.83902,31.1532],[33.83926,31.15314],[33.84058,31.15347],[33.84155,31.15395],[33.84187,31.15377],[33.84352,31.15442],[33.84414,31.15482],[33.84437,31.15451],[33.84525,31.15457],[33.84666,31.15524],[33.84678,31.1555],[33.84694,31.15504],[33.84711,31.15487],[33.84803,31.15501],[33.84927,31.15505],[33.8496,31.1555],[33.84983,31.15515],[33.85068,31.15528],[33.85206,31.15593],[33.8521,31.15638],[33.85262,31.1561],[33.85443,31.15658],[33.85472,31.15695],[33.85512,31.15678],[33.85653,31.15711],[33.85713,31.15722],[33.8573,31.15745],[33.8577,31.15735],[33.85899,31.15789],[33.85963,31.15806],[33.8606,31.15816],[33.86225,31.15884],[33.86258,31.15873],[33.86306,31.1588],[33.86443,31.15931],[33.86499,31.15924],[33.86705,31.15998],[33.86729,31.15929],[33.86801,31.15915],[33.87022,31.15951],[33.87305,31.16036],[33.87563,31.16155],[33.87942,31.16301],[33.88068,31.16332],[33.88277,31.16368],[33.88777,31.165],[33.88979,31.16574],[33.89136,31.16632],[33.89286,31.16686],[33.89487,31.16733],[33.89657,31.16815],[33.90004,31.16923],[33.9019,31.17002],[33.90274,31.17036],[33.9044,31.17055],[33.90605,31.17099],[33.90847,31.17212],[33.91029,31.17279],[33.9113,31.17323],[33.9123,31.1733],[33.91331,31.17371],[33.91477,31.17425],[33.91691,31.17493],[33.9212,31.17611],[33.92827,31.17917],[33.93199,31.18054],[33.93715,31.18234],[33.93981,31.18364],[33.94374,31.1851],[33.94609,31.18565],[33.94864,31.18654],[33.95124,31.18775],[33.95727,31.18985],[33.96059,31.19136],[33.9665,31.19383],[33.97259,31.19645],[33.97507,31.19683],[33.9774,31.19642],[33.98004,31.19646],[33.98743,31.19821],[33.99654,31.20141],[34.00294,31.20403],[34.01196,31.20759],[34.01996,31.21085],[34.03372,31.21668],[34.0383,31.2185],[34.0429,31.22053],[34.05299,31.22587],[34.05558,31.22678],[34.06217,31.22977],[34.06947,31.23402],[34.07034,31.23464],[34.07643,31.23772],[34.07995,31.2391],[34.08689,31.24231],[34.0901,31.24428],[34.09642,31.24723],[34.10252,31.25031],[34.10509,31.25136],[34.11563,31.25647],[34.11944,31.25858],[34.12557,31.26199],[34.133,31.26653],[34.13788,31.2692],[34.15127,31.2771],[34.16104,31.28339],[34.17156,31.28993],[34.17638,31.2931],[34.18707,31.30019],[34.19356,31.30494],[34.19746,31.30773],[34.20565,31.31348],[34.21237,31.31877],[34.2189,31.32355],[34.23125,31.33322]]]},"properties":{"name":"EAST SINAI","status":"CURRENT","country":"Egypt","area_sqkm":"16501.488298219363","shore_status":"BOTH"}},{"type":"Feature","id":"mps_mapping_block.5cd94f70-1be2-437b-947f-7887cafac9ec","geometry":{"type":"Polygon","coordinates":[[[33.74951,37.12421],[33.74951,36.99921],[33.62471,36.99921],[33.49992,36.99921],[33.49992,37.12421],[33.49992,37.24921],[33.62471,37.24921],[33.74951,37.24921],[33.74951,37.12421]]]},"properties":{"name":"N31D","status":"OPEN","country":"Turkiye","area_sqkm":"615.394827685394","shore_status":"ONSHORE"}},{"type":"Feature","id":"mps_mapping_block.375fba69-e935-4786-b5c2-30f5ac9827fa","geometry":{"type":"Polygon","coordinates":[[[34.91089,32.00415],[34.91463,31.99034],[34.9356,31.99071],[34.93617,31.86424],[34.97805,31.86429],[34.97882,31.74949],[34.8252,31.74904],[34.82458,32.00336],[34.91089,32.00415]]]},"properties":{"name":"405 OFEK NEW","status":"CURRENT","country":"Israel","area_sqkm":"344.51005553669","shore_status":"ONSHORE"}},{"type":"Feature","id":"mps_mapping_block.62c012e4-a30a-4bba-8105-c90a83024368","geometry":{"type":"Polygon","coordinates":[[[33.53833,28.08068],[33.59444,28.08067],[33.59444,28.03678],[33.53833,28.03679],[33.53833,28.08068]]]},"properties":{"name":"AMAL","status":"CURRENT","country":"Egypt","area_sqkm":"26.829135513808133","shore_status":"OFFSHORE"}},{"type":"Feature","id":"mps_mapping_block.6fa45750-e1a1-452f-80cd-54f58f55de6d","geometry":{"type":"Polygon","coordinates":[[[33.49992,36.62421],[33.49992,36.49921],[33.3741,36.49921],[33.24931,36.49921],[33.24931,36.62421],[33.24931,36.74921],[33.3741,36.74921],[33.49992,36.74921],[33.49992,36.62421]]]},"properties":{"name":"O30C","status":"OPEN","country":"Turkiye","area_sqkm":"621.875631624031","shore_status":"ONSHORE"}},{"type":"Feature","id":"mps_mapping_block.709e080f-6dfe-4220-b77f-958f7e8c6079","geometry":{"type":"Polygon","coordinates":[[[35.49969,37.12421],[35.49969,36.99921],[35.37489,36.99921],[35.24908,36.99921],[35.24908,37.12421],[35.24908,37.24921],[35.37489,37.24921],[35.49969,37.24921],[35.49969,37.12421]]]},"properties":{"name":"N34C","status":"OPEN","country":"Turkiye","area_sqkm":"617.894949124702","shore_status":"ONSHORE"}},{"type":"Feature","id":"mps_mapping_block.75f89cbe-3a73-4016-a53a-d2cfea5c7ce1","geometry":{"type":"Polygon","coordinates":[[[36.24948,37.12421],[36.24948,36.99921],[36.12468,36.99921],[35.99989,36.99921],[35.99989,37.12421],[35.99989,37.24921],[36.12468,37.24921],[36.24948,37.24921],[36.24948,37.12421]]]},"properties":{"name":"N36D","status":"OPEN","country":"Turkiye","area_sqkm":"615.392362082405","shore_status":"ONSHORE"}},{"type":"Feature","id":"mps_mapping_block.166b0e26-2d24-4750-83ed-2d980cd809e9","geometry":{"type":"Polygon","coordinates":[[[33.585,28.23345],[33.585,28.21623],[33.55167,28.21707],[33.55167,28.23345],[33.585,28.23345]]]},"properties":{"name":"EAST MORGAN","status":"CURRENT","country":"Egypt","area_sqkm":"6.093634160802841","shore_status":"OFFSHORE"}},{"type":"Feature","id":"mps_mapping_block.88283090-770e-4704-ac9a-221663d06735","geometry":{"type":"Polygon","coordinates":[[[33.24931,37.12421],[33.24931,36.99921],[33.12452,36.99921],[32.99972,36.99921],[32.99972,37.12421],[32.99972,37.24921],[33.12452,37.24921],[33.24931,37.24921],[33.24931,37.12421]]]},"properties":{"name":"N30D","status":"OPEN","country":"Turkiye","area_sqkm":"615.394827685394","shore_status":"ONSHORE"}},{"type":"Feature","id":"mps_mapping_block.88f4f1d4-b41f-4133-9d1e-6a68fedc689a","geometry":{"type":"Polygon","coordinates":[[[35.99989,36.87421],[35.99989,36.74921],[35.87408,36.74921],[35.74928,36.74921],[35.74928,36.87421],[35.74928,36.99921],[35.87408,36.99921],[35.99989,36.99921],[35.99989,36.87421]]]},"properties":{"name":"O35B","status":"OPEN","country":"Turkiye","area_sqkm":"619.895014788406","shore_status":"BOTH"}},{"type":"Feature","id":"mps_mapping_block.11bc16ce-b4da-448a-a38b-f5e1251b89f1","geometry":{"type":"Polygon","coordinates":[[[33.17265,28.6564],[33.21962,28.62838],[33.16811,28.56113],[33.12115,28.58914],[33.17265,28.6564]]]},"properties":{"name":"BELAYIM \"PETROBEL\" H","status":"CURRENT","country":"Egypt","area_sqkm":"49.883766381616596","shore_status":"BOTH"}},{"type":"Feature","id":"mps_mapping_block.910e05e0-712c-4386-a169-681a46979a74","geometry":{"type":"Polygon","coordinates":[[[34.2497,36.37421],[34.2497,36.24921],[34.12491,36.24921],[33.9991,36.24921],[33.9991,36.37421],[33.9991,36.49921],[34.12491,36.49921],[34.2497,36.49921],[34.2497,36.37421]]]},"properties":{"name":"P32A","status":"OPEN","country":"Turkiye","area_sqkm":"623.849250672531","shore_status":"BOTH"}},{"type":"Feature","id":"mps_mapping_block.9421af7d-efe9-4e94-bf00-1d3368553a18","geometry":{"type":"Polygon","coordinates":[[[33.74951,36.37421],[33.74951,36.24921],[33.62471,36.24921],[33.49992,36.24921],[33.49992,36.37421],[33.49992,36.49921],[33.62471,36.49921],[33.74951,36.49921],[33.74951,36.37421]]]},"properties":{"name":"P31A","status":"OPEN","country":"Turkiye","area_sqkm":"621.334954230759","shore_status":"ONSHORE"}},{"type":"Feature","id":"mps_mapping_block.94d20c00-7e2c-4217-b7a4-24de63a64819","geometry":{"type":"Polygon","coordinates":[[[34.2497,36.87421],[34.2497,36.74921],[34.12491,36.74921],[33.9991,36.74921],[33.9991,36.87421],[33.9991,36.99921],[34.12491,36.99921],[34.2497,36.99921],[34.2497,36.87421]]]},"properties":{"name":"O32A","status":"OPEN","country":"Turkiye","area_sqkm":"619.892541174873","shore_status":"ONSHORE"}},{"type":"Feature","id":"mps_mapping_block.97f9e14b-d156-4825-9738-4a5315c35f0f","geometry":{"type":"Polygon","coordinates":[[[35.24908,36.62421],[35.24908,36.49921],[35.12429,36.49921],[34.99949,36.49921],[34.99949,36.62421],[34.99949,36.74921],[35.12429,36.74921],[35.24908,36.74921],[35.24908,36.62421]]]},"properties":{"name":"O34D","status":"OPEN","country":"Turkiye","area_sqkm":"619.356922042244","shore_status":"BOTH"}},{"type":"Feature","id":"mps_mapping_block.982c2558-3efb-47b0-9dbd-527982913003","geometry":{"type":"Polygon","coordinates":[[[33.25,34.16667],[33.25,33.5],[32.94049,33.5],[32.58333,33.5],[32.58333,34.16667],[33.25,34.16667]]]},"properties":{"name":"BLOCK 8","status":"CURRENT","country":"Cyprus","area_sqkm":"4564.72491441333","shore_status":"OFFSHORE"}},{"type":"Feature","id":"mps_mapping_block.a0578a46-df6a-4c2e-b3d4-c63ea837dc4a","geometry":{"type":"Polygon","coordinates":[[[36.24948,35.87342],[36.24948,35.74921],[36.12468,35.74921],[35.99989,35.74921],[35.99989,35.87342],[35.99989,35.99842],[36.12468,35.99842],[36.24948,35.99842],[36.24948,35.87342]]]},"properties":{"name":"R36A","status":"OPEN","country":"Turkiye","area_sqkm":"623.252639299118","shore_status":"ONSHORE"}},{"type":"Feature","id":"mps_mapping_block.3a41f6d9-cc4d-40ef-ae29-625996cea3b0","geometry":{"type":"Polygon","coordinates":[[[33.06181,28.46569],[33.085,28.43346],[33.04639,28.43346],[33.03461,28.4489],[33.06181,28.46569]]]},"properties":{"name":"NORTH RAS FANAR","status":"CURRENT","country":"Egypt","area_sqkm":"10.10948434092188","shore_status":"OFFSHORE"}},{"type":"Feature","id":"mps_mapping_block.a7081cf8-1963-40f1-8af3-c0a927b42e57","geometry":{"type":"Polygon","coordinates":[[[35.92897,35.32148],[35.92408,35.33853],[35.91668,35.40331],[35.91896,35.41767],[35.90886,35.42573],[35.86061,35.47907],[35.8401,35.48737],[35.83009,35.49348],[35.82586,35.50332],[35.81837,35.50894],[35.80226,35.5069],[35.78679,35.50218],[35.78126,35.49958],[35.77052,35.50422],[35.77198,35.51545],[35.77711,35.52912],[35.77809,35.54116],[35.77198,35.54633],[35.73707,35.56167],[35.7409,35.57648],[35.74334,35.5821],[35.73707,35.5821],[35.7234,35.57591],[35.7234,35.5821],[35.74342,35.58796],[35.76336,35.59829],[35.77849,35.61274],[35.78435,35.63056],[35.78207,35.64175],[35.7732,35.65546],[35.77117,35.66779],[35.77662,35.67512],[35.80006,35.68146],[35.83855,35.74209],[35.84034,35.74746],[35.83849,35.77827],[36.15734,35.77744],[36.15762,35.82257],[36.16878,35.85208],[36.17335,35.90502],[37.85138,35.89381],[37.85392,35.43088],[36.91788,35.43851],[36.91788,35.32405],[35.92897,35.32148]]]},"properties":{"name":"IX","status":"CURRENT","country":"Syrian Arab Republic","area_sqkm":"10272.9612297025","shore_status":"BOTH"}},{"type":"Feature","id":"mps_mapping_block.c4669cd3-260c-417d-a08b-3cc0dd0f9a8c","geometry":{"type":"Polygon","coordinates":[[[35.49969,36.62421],[35.49969,36.49921],[35.37489,36.49921],[35.24908,36.49921],[35.24908,36.62421],[35.24908,36.74921],[35.37489,36.74921],[35.49969,36.74921],[35.49969,36.62421]]]},"properties":{"name":"O34C","status":"OPEN","country":"Turkiye","area_sqkm":"621.875631624062","shore_status":"BOTH"}},{"type":"Feature","id":"mps_mapping_block.5696a9bb-f772-4222-9f33-39d1467b8857","geometry":{"type":"Polygon","coordinates":[[[34.20423,31.36943],[34.20613,31.3671],[34.2315,31.33598],[34.24421,31.3465],[34.26099,31.36054],[34.29659,31.39301],[34.29867,31.39481],[34.32452,31.41605],[34.33196,31.42066],[34.3343,31.42279],[34.35263,31.44107],[34.35422,31.44406],[34.3738,31.46484],[34.37398,31.46484],[34.37541,31.46653],[34.41807,31.50827],[34.42973,31.52139],[34.42935,31.52372],[34.43378,31.5251],[34.45258,31.54576],[34.45306,31.54664],[34.45958,31.55372],[34.46453,31.56212],[34.4727,31.57266],[34.43265,31.60347],[34.4327,31.60352],[34.19173,31.78946],[34.00897,31.60899],[34.20423,31.36943]]]},"properties":{"name":"GAZA MARINE","status":"CURRENT","country":"Palestine, State of","area_sqkm":"1120.35611007883","shore_status":"BOTH"}},{"type":"Feature","id":"mps_mapping_block.cd1453ae-3386-4883-8fd4-83ad860d2652","geometry":{"type":"Polygon","coordinates":[[[33.49992,36.12421],[33.49992,35.99842],[33.3741,35.99842],[33.24931,35.99842],[33.24931,36.12421],[33.24931,36.24921],[33.3741,36.24921],[33.49992,36.24921],[33.49992,36.12421]]]},"properties":{"name":"P30C","status":"OPEN","country":"Turkiye","area_sqkm":"627.811553903442","shore_status":"BOTH"}},{"type":"Feature","id":"mps_mapping_block.d38d187d-15fb-486b-9aa1-f4dbc2067320","geometry":{"type":"Polygon","coordinates":[[[34.99949,37.12421],[34.99949,36.99921],[34.8747,36.99921],[34.7499,36.99921],[34.7499,37.12421],[34.7499,37.24921],[34.8747,37.24921],[34.99949,37.24921],[34.99949,37.12421]]]},"properties":{"name":"N33C","status":"OPEN","country":"Turkiye","area_sqkm":"615.397293288406","shore_status":"ONSHORE"}},{"type":"Feature","id":"mps_mapping_block.e8eb6b99-a42b-49a3-8630-8d66f8ee2c20","geometry":{"type":"Polygon","coordinates":[[[33.58333,34.58333],[33.58333,34.16667],[33.25,34.16667],[32.58333,34.16667],[32.08333,34.16667],[32.08333,34.75],[32.25,34.75],[32.25,34.58888],[32.41667,34.58888],[32.41667,34.5],[32.83333,34.5],[32.83333,34.41667],[33.16667,34.41667],[33.16667,34.58333],[33.58333,34.58333]]]},"properties":{"name":"BLOCK 1","status":"CURRENT","country":"Cyprus","area_sqkm":"5747.23556592461","shore_status":"OFFSHORE"}},{"type":"Feature","id":"mps_mapping_block.d3e8ff4f-18ed-465d-bce3-45eac6505c16","geometry":{"type":"Polygon","coordinates":[[[33.9991,37.12421],[33.9991,36.99921],[33.8743,36.99921],[33.74951,36.99921],[33.74951,37.12421],[33.74951,37.24921],[33.8743,37.24921],[33.9991,37.24921],[33.9991,37.12421]]]},"properties":{"name":"N31C","status":"OPEN","country":"Turkiye","area_sqkm":"615.394827685394","shore_status":"ONSHORE"}},{"type":"Feature","id":"mps_mapping_block.d5821778-c7bb-48eb-b3e8-ccbf6c4fa95b","geometry":{"type":"Polygon","coordinates":[[[34.49929,36.87421],[34.49929,36.74921],[34.3745,36.74921],[34.2497,36.74921],[34.2497,36.87421],[34.2497,36.99921],[34.3745,36.99921],[34.49929,36.99921],[34.49929,36.87421]]]},"properties":{"name":"O32B","status":"OPEN","country":"Turkiye","area_sqkm":"617.394191489204","shore_status":"ONSHORE"}},{"type":"Feature","id":"mps_mapping_block.d9460f48-3ef7-48b4-9bd6-6b5dc797e620","geometry":{"type":"Polygon","coordinates":[[[33.5871,27.89921],[33.58712,27.88154],[33.5669,27.8816],[33.55425,27.88154],[33.55425,27.91472],[33.56941,27.91471],[33.56936,27.89924],[33.5871,27.89921]]]},"properties":{"name":"GEBEL EL ZEIT","status":"CURRENT","country":"Egypt","area_sqkm":"8.888458233823274","shore_status":"BOTH"}},{"type":"Feature","id":"mps_mapping_block.da6a7713-2e06-4068-9f4c-103c0147cb92","geometry":{"type":"Polygon","coordinates":[[[35.99989,36.12421],[35.99989,35.99842],[35.87408,35.99842],[35.74928,35.99842],[35.74928,36.12421],[35.74928,36.24921],[35.87408,36.24921],[35.99989,36.24921],[35.99989,36.12421]]]},"properties":{"name":"P35C","status":"OPEN","country":"Turkiye","area_sqkm":"627.804038382652","shore_status":"BOTH"}},{"type":"Feature","id":"mps_mapping_block.57ea0d44-01f0-4803-81bb-2a7d7142f966","geometry":{"type":"Polygon","coordinates":[[[33.70165,27.26678],[33.70165,27.20011],[33.65165,27.20011],[33.65165,27.21678],[33.63498,27.21678],[33.63498,27.23344],[33.65165,27.23344],[33.65165,27.25011],[33.66832,27.25011],[33.66832,27.26678],[33.70165,27.26678]]]},"properties":{"name":"WEST ESH EL MALLAHA","status":"CURRENT","country":"Egypt","area_sqkm":"36.5862367867558","shore_status":"ONSHORE"}},{"type":"Feature","id":"mps_mapping_block.484e85d5-9f29-4faa-95eb-297870190a1e","geometry":{"type":"Polygon","coordinates":[[[35.02441,32.25186],[35.02439,32.25117],[35.02438,32.25049],[35.02357,32.2505],[35.02356,32.24981],[35.02189,32.24778],[35.02105,32.24642],[35.02104,32.24573],[35.02023,32.24574],[35.02022,32.24506],[35.0202,32.24437],[35.02017,32.24299],[35.02096,32.24229],[35.02092,32.24023],[35.0209,32.23955],[35.02006,32.23819],[35.02086,32.23749],[35.02084,32.2368],[35.02003,32.23681],[35.02002,32.23612],[35.01921,32.23614],[35.0184,32.23615],[35.01682,32.23755],[35.01521,32.23826],[35.01439,32.23759],[35.01438,32.2369],[35.01357,32.23691],[35.01355,32.23623],[35.01274,32.23624],[35.01194,32.23625],[35.01192,32.23557],[35.01111,32.23558],[35.0111,32.23489],[35.01108,32.23421],[35.01105,32.23283],[35.00939,32.2308],[35.00524,32.22605],[35.00114,32.22337],[34.99866,32.22066],[34.9929,32.21594],[34.99207,32.21526],[34.99206,32.21458],[34.99205,32.21389],[34.99124,32.2139],[34.99122,32.21321],[34.99121,32.21253],[34.99119,32.21184],[34.99037,32.21117],[34.99035,32.21048],[34.98955,32.21049],[34.98953,32.20981],[34.98872,32.20982],[34.98792,32.20983],[34.9879,32.20914],[34.98709,32.20916],[34.98628,32.20917],[34.98548,32.20918],[34.98465,32.20851],[34.98382,32.20715],[34.98301,32.20716],[34.98299,32.20647],[34.98219,32.20648],[34.97813,32.20586],[34.97647,32.20382],[34.97646,32.20314],[34.97565,32.20315],[34.97484,32.20316],[34.97483,32.20248],[34.97402,32.20249],[34.97321,32.2025],[34.9724,32.20251],[34.97242,32.2032],[34.97161,32.20321],[34.9708,32.20323],[34.96999,32.20324],[34.96918,32.20325],[34.96838,32.20326],[34.96676,32.20329],[34.96595,32.2033],[34.96594,32.20261],[34.96513,32.20263],[34.96432,32.20264],[34.96431,32.20195],[34.9635,32.20197],[34.96348,32.20128],[34.96268,32.20129],[34.96266,32.2006],[34.96185,32.20062],[34.96184,32.19993],[34.96182,32.19924],[34.96102,32.19925],[34.961,32.19857],[34.96099,32.19788],[34.96097,32.19719],[34.96096,32.19651],[34.96094,32.19582],[34.96014,32.19583],[34.95848,32.1938],[34.95846,32.19311],[34.95765,32.19312],[34.95764,32.19243],[34.95839,32.18967],[34.95837,32.18899],[34.95908,32.18416],[34.95975,32.17797],[34.96215,32.17656],[34.96295,32.17654],[34.96294,32.17586],[34.96375,32.17585],[34.96536,32.17582],[34.96447,32.17171],[34.96689,32.17167],[34.97087,32.16886],[34.97084,32.16749],[34.97163,32.16679],[34.97244,32.16678],[34.97402,32.16538],[34.9764,32.16328],[34.97799,32.16188],[34.97797,32.16119],[34.97796,32.1605],[34.97794,32.15982],[34.97546,32.15711],[34.97545,32.15642],[34.97543,32.15573],[34.97542,32.15505],[34.97621,32.15435],[34.97939,32.15223],[34.97938,32.15155],[34.98019,32.15153],[34.98099,32.15152],[34.9818,32.15151],[34.98342,32.15148],[34.98665,32.15143],[34.98742,32.15005],[34.98899,32.14796],[34.98979,32.14726],[34.99136,32.14517],[34.99134,32.14449],[34.99133,32.1438],[34.99131,32.14311],[34.9905,32.14313],[34.99049,32.14244],[34.99047,32.14175],[34.98967,32.14176],[34.98965,32.14108],[34.98885,32.14109],[34.98883,32.1404],[34.9888,32.13903],[34.98956,32.13695],[34.9879,32.13492],[34.98621,32.13151],[34.98618,32.13014],[34.98693,32.12737],[34.98771,32.12599],[34.98768,32.12461],[34.98926,32.12321],[34.99006,32.12251],[34.98921,32.12047],[34.98995,32.11771],[34.99154,32.11631],[34.99152,32.11562],[34.99233,32.11561],[34.99231,32.11492],[34.99312,32.11491],[34.99311,32.11422],[34.9939,32.11352],[34.99388,32.11283],[34.99387,32.11215],[34.99382,32.11008],[34.99381,32.1094],[34.993,32.10941],[34.99299,32.10872],[34.99218,32.10874],[34.99137,32.10875],[34.99136,32.10806],[34.99055,32.10807],[34.99054,32.10739],[34.99052,32.1067],[34.99131,32.106],[34.9913,32.10531],[34.99128,32.10463],[34.99048,32.10464],[34.98967,32.10465],[34.98885,32.10398],[34.98804,32.10399],[34.98803,32.1033],[34.98722,32.10332],[34.9872,32.10263],[34.98717,32.10125],[34.98632,32.09921],[34.98629,32.09783],[34.98547,32.09716],[34.98463,32.0958],[34.98378,32.09375],[34.98375,32.09237],[34.98374,32.09169],[34.98454,32.09167],[34.98535,32.09166],[34.98698,32.09232],[34.98776,32.09094],[34.98771,32.08888],[34.9961,32.06606],[34.99914,32.05777],[34.99987,32.05432],[35.00367,32.04326],[35.00431,32.03569],[35.00429,32.03501],[35.00426,32.03363],[35.005,32.03018],[35.00494,32.02744],[35.0057,32.02536],[35.00568,32.02468],[35.00485,32.02331],[35.00483,32.02263],[35.00403,32.02264],[35.00401,32.02195],[35.00319,32.02128],[35.00238,32.02129],[34.99995,32.02064],[34.99992,32.01927],[34.99977,32.0124],[34.99974,32.01102],[34.99949,31.99934],[34.99931,31.9911],[34.99929,31.99041],[34.9356,31.99071],[34.91463,31.99034],[34.91097,32.00827],[34.89313,32.0429],[34.89335,32.05321],[34.87237,32.05352],[34.85058,32.05315],[34.90391,32.13484],[34.93466,32.25189],[35.02441,32.25186]]]},"properties":{"name":"I/11 ROSH HAAYIN","status":"CURRENT","country":"Israel","area_sqkm":"242.65692649785","shore_status":"ONSHORE"}},{"type":"Feature","id":"mps_mapping_block.ea21bc8e-0188-4f6e-8462-ef92d2746d4a","geometry":{"type":"Polygon","coordinates":[[[33.49992,37.12421],[33.49992,36.99921],[33.3741,36.99921],[33.24931,36.99921],[33.24931,37.12421],[33.24931,37.24921],[33.3741,37.24921],[33.49992,37.24921],[33.49992,37.12421]]]},"properties":{"name":"N30C","status":"OPEN","country":"Turkiye","area_sqkm":"617.894949124725","shore_status":"ONSHORE"}},{"type":"Feature","id":"mps_mapping_block.e0bd2118-1f98-465b-97a9-9f1b17655949","geometry":{"type":"Polygon","coordinates":[[[36.24948,36.87421],[36.24948,36.74921],[36.12468,36.74921],[35.99989,36.74921],[35.99989,36.87421],[35.99989,36.99921],[36.12468,36.99921],[36.24948,36.99921],[36.24948,36.87421]]]},"properties":{"name":"O36A","status":"OPEN","country":"Turkiye","area_sqkm":"617.391717875649","shore_status":"BOTH"}},{"type":"Feature","id":"mps_mapping_block.f864d0b7-502a-4292-a02a-ca1e3cc0cfeb","geometry":{"type":"Polygon","coordinates":[[[34.7499,37.12421],[34.7499,36.99921],[34.62409,36.99921],[34.49929,36.99921],[34.49929,37.12421],[34.49929,37.24921],[34.62409,37.24921],[34.7499,37.24921],[34.7499,37.12421]]]},"properties":{"name":"N33D","status":"OPEN","country":"Turkiye","area_sqkm":"617.894949124725","shore_status":"ONSHORE"}},{"type":"Feature","id":"mps_mapping_block.f9cd5679-dcc4-4eb7-b965-01457e14b897","geometry":{"type":"Polygon","coordinates":[[[35.99989,37.12421],[35.99989,36.99921],[35.87408,36.99921],[35.74928,36.99921],[35.74928,37.12421],[35.74928,37.24921],[35.87408,37.24921],[35.99989,37.24921],[35.99989,37.12421]]]},"properties":{"name":"N35C","status":"OPEN","country":"Turkiye","area_sqkm":"617.88755231572","shore_status":"ONSHORE"}},{"type":"Feature","id":"mps_mapping_block.fa0be129-bda2-47ba-a1b1-cbb7a21d5ba2","geometry":{"type":"Polygon","coordinates":[[[36.24948,36.37421],[36.24948,36.24921],[36.12468,36.24921],[35.99989,36.24921],[35.99989,36.37421],[35.99989,36.49921],[36.12468,36.49921],[36.24948,36.49921],[36.24948,36.37421]]]},"properties":{"name":"P36A","status":"OPEN","country":"Turkiye","area_sqkm":"621.332464828323","shore_status":"BOTH"}},{"type":"Feature","id":"mps_mapping_block.52ef3549-f5f2-4821-b57f-eeb08ef14f9c","geometry":{"type":"Polygon","coordinates":[[[34.62527,31.63515],[34.62532,31.63515],[34.63663,31.66496],[34.63648,31.68924],[34.69336,31.68948],[34.69414,31.54519],[34.59937,31.54477],[34.5992,31.57183],[34.61167,31.59894],[34.58849,31.59883],[34.58825,31.6349],[34.62524,31.63508],[34.62527,31.63515]]]},"properties":{"name":"HELETZ","status":"OPEN","country":"Israel","area_sqkm":"126.353367137061","shore_status":"ONSHORE"}},{"type":"Feature","id":"mps_mapping_block.4b680ecc-3b04-49f2-aa7b-e136f46ba1c6","geometry":{"type":"Polygon","coordinates":[[[34.12405,33.07353],[34.06476,32.97757],[33.98047,32.91179],[33.96246,32.91177],[33.87244,32.91164],[33.88589,32.95654],[33.9637,33.02603],[34.01802,33.07444],[34.05061,33.10345],[34.10009,33.1034],[34.12783,33.07964],[34.12405,33.07353]]]},"properties":{"name":"TAMAR","status":"CURRENT","country":"Israel","area_sqkm":"249.914939875288","shore_status":"OFFSHORE"}},{"type":"Feature","id":"mps_mapping_block.8b941f7b-0ae1-439f-9e30-8dbb8e97c00f","geometry":{"type":"Polygon","coordinates":[[[34.2728,31.98969],[34.30589,31.97728],[34.28992,31.96684],[34.22731,31.88522],[34.20173,31.80996],[34.18892,31.7722],[34.18121,31.7633],[34.18113,31.76322],[34.18109,31.76324],[34.1742,31.76716],[34.1673,31.77107],[34.16041,31.77499],[34.15351,31.7789],[34.14662,31.78282],[34.13972,31.78673],[34.13283,31.79064],[34.12593,31.79456],[34.11903,31.79847],[34.11213,31.80238],[34.10523,31.80629],[34.09833,31.81021],[34.09143,31.81412],[34.08459,31.818],[34.08464,31.81809],[34.16397,31.9549],[34.18467,31.99054],[34.20003,32.01694],[34.2728,31.98969]]]},"properties":{"name":"NOA","status":"CURRENT","country":"Israel","area_sqkm":"250.202120144651","shore_status":"OFFSHORE"}},{"type":"Feature","id":"mps_mapping_block.96f3fc38-5268-4b48-8a79-d33868ae042d","geometry":{"type":"Polygon","coordinates":[[[34.39471,31.80799],[34.40149,31.78724],[34.37616,31.78708],[34.37656,31.74199],[34.37242,31.74196],[34.33646,31.74173],[34.29218,31.70013],[34.2921,31.70006],[34.29207,31.70007],[34.2856,31.70376],[34.27913,31.70744],[34.27266,31.71113],[34.2662,31.71481],[34.25973,31.7185],[34.25326,31.72218],[34.24679,31.72587],[34.24031,31.72955],[34.23385,31.73323],[34.22737,31.73692],[34.22098,31.74055],[34.22101,31.74065],[34.23909,31.8096],[34.25901,31.88546],[34.37456,31.88627],[34.40698,31.88648],[34.38413,31.84034],[34.39471,31.80799]]]},"properties":{"name":"ASHQELON","status":"OPEN","country":"Israel","area_sqkm":"250.185587044884","shore_status":"OFFSHORE"}},{"type":"Feature","id":"mps_mapping_block.1263f0f0-ada8-4dc2-8046-a211816364b8","geometry":{"type":"Polygon","coordinates":[[[34.16902,32.35151],[34.38152,32.34936],[34.37879,32.16899],[34.16671,32.17112],[34.16902,32.35151]]]},"properties":{"name":"BLOCK 425","status":"CURRENT","country":"Israel","area_sqkm":"400.177436214074","shore_status":"OFFSHORE"}},{"type":"Feature","id":"mps_mapping_block.43244cfc-0930-4228-90c0-2a5a9e539074","geometry":{"type":"Polygon","coordinates":[[[33.96621,33.25524],[33.96569,33.20782],[33.94514,33.20798],[33.94506,33.20076],[33.95901,33.2009],[33.9604,33.10232],[33.96453,33.10239],[33.96423,33.07487],[34.01779,33.07444],[34.05061,33.10345],[34.10009,33.1034],[34.12783,33.07964],[34.12405,33.07353],[34.17847,33.07303],[34.1795,33.14996],[34.16328,33.14933],[34.16238,33.2407],[34.18082,33.24839],[34.18089,33.25339],[33.96621,33.25524]]]},"properties":{"name":"BLOCK 407","status":"CURRENT","country":"Israel","area_sqkm":"365.089538555492","shore_status":"OFFSHORE"}},{"type":"Feature","id":"mps_mapping_block.99d3d9ee-fc81-4da9-867c-f18c0f21020b","geometry":{"type":"Polygon","coordinates":[[[34.17847,33.07303],[34.12405,33.07353],[34.06476,32.97757],[33.98047,32.91179],[33.96246,32.91177],[33.96227,32.89449],[34.17607,32.89265],[34.17847,33.07303]]]},"properties":{"name":"BLOCK 408","status":"CURRENT","country":"Israel","area_sqkm":"228.367477642425","shore_status":"OFFSHORE"}},{"type":"Feature","id":"mps_mapping_block.a0a41700-45f1-401b-baf4-a972bb360de5","geometry":{"type":"Polygon","coordinates":[[[33.74544,32.53514],[33.9584,32.5337],[33.96033,32.7141],[33.74694,32.71555],[33.74544,32.53514]]]},"properties":{"name":"BLOCK 416","status":"CURRENT","country":"Israel","area_sqkm":"400.259152823075","shore_status":"OFFSHORE"}},{"type":"Feature","id":"mps_mapping_block.ad172a8a-0743-4fdc-8d25-9df91241e67e","geometry":{"type":"Polygon","coordinates":[[[33.74544,32.53514],[33.74396,32.35474],[33.9565,32.35331],[33.9584,32.5337],[33.74544,32.53514]]]},"properties":{"name":"BLOCK 418","status":"CURRENT","country":"Israel","area_sqkm":"400.254668980876","shore_status":"OFFSHORE"}},{"type":"Feature","id":"mps_mapping_block.b7e41d9b-9b90-44df-add5-7aa19b7f49cf","geometry":{"type":"Polygon","coordinates":[[[34.39269,33.07082],[34.60688,33.06824],[34.60361,32.8879],[34.38985,32.89046],[34.39269,33.07082]]]},"properties":{"name":"BLOCK 410","status":"CURRENT","country":"Israel","area_sqkm":"400.131010212665","shore_status":"OFFSHORE"}},{"type":"Feature","id":"mps_mapping_block.e7a7a6a7-3a1c-4311-91e9-eb0f9cab81a9","geometry":{"type":"Polygon","coordinates":[[[33.53247,32.53623],[33.53141,32.35581],[33.74396,32.35474],[33.74544,32.53514],[33.53247,32.53623]]]},"properties":{"name":"BLOCK 421","status":"CURRENT","country":"Israel","area_sqkm":"400.287754043299","shore_status":"OFFSHORE"}},{"type":"Feature","id":"mps_mapping_block.1a7f14ad-e833-4113-937b-168b9c9f8c6c","geometry":{"type":"Polygon","coordinates":[[[34.61429,31.80539],[34.63722,31.84444],[34.71186,31.98452],[34.70411,31.98463],[34.69353,31.98477],[34.68295,31.98491],[34.67237,31.98505],[34.66179,31.98519],[34.65121,31.98532],[34.64063,31.98546],[34.63005,31.9856],[34.61947,31.98573],[34.60889,31.98587],[34.59831,31.986],[34.58772,31.98614],[34.58757,31.97712],[34.58741,31.9681],[34.58726,31.95908],[34.5871,31.95006],[34.58695,31.94104],[34.58679,31.93203],[34.58664,31.92301],[34.58648,31.91399],[34.58633,31.90497],[34.58617,31.89595],[34.58602,31.88693],[34.58586,31.87791],[34.58571,31.8689],[34.58556,31.85988],[34.5854,31.85086],[34.58525,31.84184],[34.58509,31.83282],[34.58494,31.8238],[34.58478,31.81478],[34.58463,31.80577],[34.58448,31.79675],[34.58432,31.78773],[34.58417,31.77871],[34.58402,31.76969],[34.58386,31.76067],[34.58374,31.75331],[34.61429,31.80539]]]},"properties":{"name":"BLOCK 68","status":"OPEN","country":"Israel","area_sqkm":"155.205807950112","shore_status":"OFFSHORE"}},{"type":"Feature","id":"mps_mapping_block.53848bf4-5357-4eb3-a3c4-07a7cca8e4a8","geometry":{"type":"Polygon","coordinates":[[[34.6104,33.26095],[34.61111,33.29999],[34.37662,33.41345],[34.18471,33.50576],[34.1843,33.50596],[34.1843,33.50589],[34.18285,33.39905],[34.37542,33.33721],[34.6104,33.26095]]]},"properties":{"name":"BLOCK 3","status":"OPEN","country":"Israel","area_sqkm":"323.542132010013","shore_status":"OFFSHORE"}},{"type":"Feature","id":"mps_mapping_block.39de6402-b224-4cc5-920f-8e7f244338dc","geometry":{"type":"Polygon","coordinates":[[[34.36326,33.17846],[34.26563,33.15329],[34.1795,33.14996],[34.16328,33.14933],[34.16238,33.2407],[34.18082,33.24839],[34.19255,33.25328],[34.28788,33.29293],[34.36211,33.29427],[34.36326,33.17846]]]},"properties":{"name":"KARISH","status":"CURRENT","country":"Israel","area_sqkm":"244.995237106764","shore_status":"OFFSHORE"}},{"type":"Feature","id":"mps_mapping_block.3fb374a7-3e8c-49cf-9f2d-1fc12b73bd53","geometry":{"type":"Polygon","coordinates":[[[33.39911,33.24004],[33.43108,33.21235],[33.32162,33.12358],[33.31918,33.1216],[33.31173,33.11554],[33.30428,33.10949],[33.29683,33.10344],[33.28938,33.09738],[33.28252,33.0918],[33.28193,33.09132],[33.27565,33.09679],[33.26937,33.10225],[33.26309,33.10772],[33.25681,33.11318],[33.25053,33.11864],[33.39898,33.24015],[33.39911,33.24004]]]},"properties":{"name":"YISHAI","status":"CURRENT","country":"Israel","area_sqkm":"82.2457262966002","shore_status":"OFFSHORE"}},{"type":"Feature","id":"mps_mapping_block.5a0ac1ad-3b48-447b-8435-7d1d8bcf2aed","geometry":{"type":"Polygon","coordinates":[[[34.37456,31.88627],[34.3746,31.8894],[34.37474,31.89841],[34.37487,31.90743],[34.37501,31.91645],[34.37514,31.92547],[34.37528,31.93449],[34.37541,31.94351],[34.37555,31.95253],[34.37568,31.96155],[34.37581,31.97057],[34.37595,31.97959],[34.37608,31.98861],[34.3655,31.98872],[34.35492,31.98883],[34.34433,31.98895],[34.33375,31.98906],[34.32317,31.98917],[34.31259,31.98928],[34.302,31.98939],[34.29142,31.9895],[34.28084,31.98961],[34.2728,31.98969],[34.30589,31.97728],[34.28992,31.96684],[34.22731,31.88522],[34.20173,31.80996],[34.18892,31.7722],[34.18121,31.7633],[34.18113,31.76322],[34.18773,31.75947],[34.19437,31.75569],[34.201,31.75192],[34.20763,31.74815],[34.21427,31.74437],[34.2209,31.7406],[34.22098,31.74055],[34.22101,31.74065],[34.23909,31.8096],[34.25901,31.88546],[34.37456,31.88627]]]},"properties":{"name":"BLOCK 66","status":"OPEN","country":"Israel","area_sqkm":"170.418988098577","shore_status":"OFFSHORE"}},{"type":"Feature","id":"mps_mapping_block.684e0b8e-9dee-4961-9959-c8036383dec2","geometry":{"type":"Polygon","coordinates":[[[34.77729,32.16402],[34.80483,32.2627],[34.82748,32.34369],[34.81706,32.34384],[34.80644,32.34399],[34.79582,32.34415],[34.7852,32.3443],[34.77457,32.34445],[34.76395,32.3446],[34.75333,32.34475],[34.74271,32.34489],[34.73209,32.34504],[34.72147,32.34518],[34.71084,32.34533],[34.70022,32.34547],[34.6896,32.34562],[34.67897,32.34576],[34.66835,32.3459],[34.65773,32.34604],[34.64711,32.34618],[34.63649,32.34631],[34.62586,32.34645],[34.61524,32.34659],[34.60462,32.34672],[34.59399,32.34686],[34.59384,32.33784],[34.59368,32.32882],[34.59352,32.31981],[34.59336,32.31079],[34.5932,32.30177],[34.59304,32.29275],[34.59289,32.28373],[34.59273,32.27472],[34.59257,32.2657],[34.59242,32.25668],[34.59226,32.24766],[34.5921,32.23864],[34.59194,32.22963],[34.59179,32.22061],[34.59163,32.21159],[34.59147,32.20257],[34.59132,32.19355],[34.59116,32.18454],[34.591,32.17552],[34.59084,32.1665],[34.60145,32.16637],[34.61205,32.16623],[34.62265,32.1661],[34.63325,32.16596],[34.64385,32.16582],[34.65446,32.16568],[34.66506,32.16555],[34.67566,32.1654],[34.68626,32.16526],[34.69686,32.16512],[34.70746,32.16498],[34.71806,32.16484],[34.72866,32.16469],[34.73927,32.16455],[34.74987,32.1644],[34.76047,32.16425],[34.77107,32.1641],[34.77729,32.16402]]]},"properties":{"name":"BLOCK 58","status":"OPEN","country":"Israel","area_sqkm":"395.746705600132","shore_status":"OFFSHORE"}},{"type":"Feature","id":"mps_mapping_block.85cccb18-b0a1-4858-9ed0-84b1117eb8b1","geometry":{"type":"Polygon","coordinates":[[[34.44558,32.70944],[34.3862,32.65517],[34.36585,32.63655],[34.25972,32.63705],[34.27876,32.67905],[34.2933,32.71111],[34.29398,32.71259],[34.38841,32.79751],[34.40783,32.81495],[34.49222,32.81441],[34.49228,32.80675],[34.51188,32.76992],[34.44558,32.70944]]]},"properties":{"name":"DALIT","status":"CURRENT","country":"Israel","area_sqkm":"249.962727093289","shore_status":"OFFSHORE"}},{"type":"Feature","id":"mps_mapping_block.9956c4d4-3d97-4f91-b3d2-3b38ddfcaa40","geometry":{"type":"Polygon","coordinates":[[[34.58463,31.80577],[34.58478,31.81478],[34.58494,31.8238],[34.58509,31.83282],[34.58525,31.84184],[34.5854,31.85086],[34.58556,31.85988],[34.58571,31.8689],[34.58586,31.87791],[34.58602,31.88693],[34.58617,31.89595],[34.58633,31.90497],[34.58648,31.91399],[34.58664,31.92301],[34.58679,31.93203],[34.58695,31.94104],[34.5871,31.95006],[34.58726,31.95908],[34.58741,31.9681],[34.58757,31.97712],[34.58772,31.98614],[34.57714,31.98627],[34.56656,31.9864],[34.55598,31.98653],[34.5454,31.98666],[34.53482,31.98679],[34.52423,31.98691],[34.51365,31.98704],[34.50307,31.98717],[34.49249,31.98729],[34.48191,31.98741],[34.47133,31.98754],[34.46074,31.98766],[34.45016,31.98778],[34.43958,31.9879],[34.429,31.98802],[34.41841,31.98814],[34.40783,31.98826],[34.39725,31.98838],[34.38667,31.98849],[34.37608,31.98861],[34.37595,31.97959],[34.37581,31.97057],[34.37568,31.96155],[34.37555,31.95253],[34.37541,31.94351],[34.37528,31.93449],[34.37514,31.92547],[34.37501,31.91645],[34.37487,31.90743],[34.37474,31.89841],[34.3746,31.8894],[34.37456,31.88627],[34.40698,31.88648],[34.38413,31.84034],[34.39471,31.80799],[34.40509,31.80787],[34.41565,31.80776],[34.42621,31.80764],[34.43677,31.80752],[34.44733,31.8074],[34.4579,31.80728],[34.46846,31.80716],[34.47902,31.80704],[34.48958,31.80691],[34.50014,31.80679],[34.5107,31.80666],[34.52126,31.80654],[34.53183,31.80641],[34.54239,31.80629],[34.55295,31.80616],[34.56351,31.80603],[34.57407,31.8059],[34.58463,31.80577]]]},"properties":{"name":"BLOCK 67","status":"OPEN","country":"Israel","area_sqkm":"384.500046640044","shore_status":"OFFSHORE"}},{"type":"Feature","id":"mps_mapping_block.9be1de15-4e87-401a-98e0-7c78b39328fd","geometry":{"type":"Polygon","coordinates":[[[33.71304,32.94463],[33.64986,32.8965],[33.551,32.82103],[33.53424,32.83451],[33.5261,32.84106],[33.5344,32.86071],[33.53621,32.865],[33.5846,32.90851],[33.57991,32.91331],[33.54905,32.9211],[33.5177,32.94932],[33.52247,33.01775],[33.5354,33.027],[33.54057,33.0307],[33.53545,33.03526],[33.52438,33.04513],[33.53557,33.05512],[33.55473,33.07222],[33.71304,32.94463]]]},"properties":{"name":"LEVIATHAN SOUTH","status":"CURRENT","country":"Israel","area_sqkm":"249.84723279041","shore_status":"OFFSHORE"}},{"type":"Feature","id":"mps_mapping_block.c180a9d6-30fa-48fd-913f-795e12e3d7e1","geometry":{"type":"Polygon","coordinates":[[[34.38841,32.79751],[34.38845,32.80028],[34.38859,32.8093],[34.38873,32.81832],[34.38887,32.82733],[34.38901,32.83635],[34.38915,32.84537],[34.38929,32.85439],[34.38943,32.86341],[34.38957,32.87242],[34.38971,32.88144],[34.38985,32.89046],[34.37917,32.89058],[34.36848,32.8907],[34.35779,32.89082],[34.3471,32.89093],[34.33641,32.89104],[34.32573,32.89116],[34.31504,32.89127],[34.30434,32.89138],[34.29366,32.89149],[34.28297,32.8916],[34.27228,32.89171],[34.26159,32.89182],[34.2509,32.89193],[34.24021,32.89204],[34.22952,32.89214],[34.21883,32.89225],[34.20814,32.89235],[34.19745,32.89245],[34.18676,32.89256],[34.17607,32.89265],[34.17596,32.88364],[34.17583,32.87462],[34.17572,32.8656],[34.1756,32.85658],[34.17548,32.84756],[34.17536,32.83854],[34.17524,32.82952],[34.17512,32.82051],[34.175,32.81149],[34.17489,32.80247],[34.17477,32.79345],[34.17465,32.78443],[34.17453,32.77541],[34.17441,32.7664],[34.17429,32.75737],[34.17417,32.74836],[34.17406,32.73934],[34.17394,32.73032],[34.17382,32.7213],[34.1737,32.71228],[34.18437,32.71218],[34.19504,32.71208],[34.2057,32.71198],[34.21637,32.71187],[34.22704,32.71177],[34.23771,32.71167],[34.24838,32.71156],[34.25905,32.71145],[34.26971,32.71135],[34.28038,32.71124],[34.29105,32.71113],[34.2933,32.71111],[34.29398,32.71259],[34.38841,32.79751]]]},"properties":{"name":"BLOCK 32","status":"OPEN","country":"Israel","area_sqkm":"357.13813895248","shore_status":"OFFSHORE"}},{"type":"Feature","id":"mps_mapping_block.d457efb8-554a-4c58-9b26-94ec5dd70f60","geometry":{"type":"Polygon","coordinates":[[[34.37451,33.27936],[34.37542,33.33721],[34.18285,33.39905],[34.18089,33.25339],[34.18082,33.24839],[34.19255,33.25328],[34.28788,33.29293],[34.36211,33.29427],[34.36225,33.27942],[34.37451,33.27936]]]},"properties":{"name":"BLOCK 8","status":"OPEN","country":"Israel","area_sqkm":"175.926954450834","shore_status":"OFFSHORE"}},{"type":"Feature","id":"mps_mapping_block.e3cacf3d-a4e8-48a1-a2f5-0bfae5228427","geometry":{"type":"Polygon","coordinates":[[[34.36326,33.17846],[34.26563,33.15329],[34.1795,33.14996],[34.17847,33.07303],[34.39269,33.07082],[34.39599,33.27912],[34.37451,33.27936],[34.36225,33.27942],[34.36326,33.17846]]]},"properties":{"name":"BLOCK 13","status":"OPEN","country":"Israel","area_sqkm":"233.574153937312","shore_status":"OFFSHORE"}},{"type":"Feature","id":"mps_mapping_block.66a774cd-b1e0-4b76-bb9e-75d0296b2a71","geometry":{"type":"Polygon","coordinates":[[[33.9584,32.5337],[34.17135,32.5319],[34.16902,32.35151],[33.9565,32.35331],[33.9584,32.5337]]]},"properties":{"name":"BLOCK 419","status":"CURRENT","country":"Israel","area_sqkm":"400.222495299043","shore_status":"OFFSHORE"}},{"type":"Feature","id":"mps_mapping_block.ecd82a96-ac95-4ff5-9eeb-0311d76031be","geometry":{"type":"Polygon","coordinates":[[[33.10693,32.89814],[33.10705,33.00037],[32.98348,32.89822],[33.10693,32.89814]]]},"properties":{"name":"BLOCK 73","status":"OPEN","country":"Israel","area_sqkm":"65.4695667945141","shore_status":"OFFSHORE"}},{"type":"Feature","id":"mps_mapping_block.17a16f61-327d-432d-b078-963625d35074","geometry":{"type":"Polygon","coordinates":[[[35.31667,33.6],[35.24015,33.50729],[35.04188,33.11198],[34.88257,33.17204],[34.88257,33.6],[35.0,33.6],[35.31667,33.6]]]},"properties":{"name":"BLOCK 10","status":"OPEN","country":"Lebanon","area_sqkm":"1382.91635952596","shore_status":"OFFSHORE"}},{"type":"Feature","id":"mps_mapping_block.22af762d-2ffb-450b-a35a-12017dc5654d","geometry":{"type":"Polygon","coordinates":[[[33.06834,28.93347],[33.06834,28.95013],[33.10167,28.95013],[33.10167,28.93347],[33.11834,28.93347],[33.11834,28.9168],[33.15167,28.9168],[33.15167,28.90805],[33.13266,28.88334],[33.10167,28.88347],[33.10167,28.90013],[33.06834,28.90013],[33.06834,28.9168],[33.05268,28.9168],[33.05342,28.93347],[33.06834,28.93347]]]},"properties":{"name":"SOUTH ABU ZENIMA","status":"CURRENT","country":"Egypt","area_sqkm":"39.2911612087757","shore_status":"OFFSHORE"}},{"type":"Feature","id":"mps_mapping_block.0569d651-e099-4b9d-80ef-0aa107b3aafd","geometry":{"type":"Polygon","coordinates":[[[33.34083,28.22262],[33.34083,28.26485],[33.395,28.26485],[33.395,28.21984],[33.39083,28.21984],[33.34444,28.22068],[33.34444,28.22262],[33.34083,28.22262]]]},"properties":{"name":"SOUTH RAMADAN","status":"CURRENT","country":"Egypt","area_sqkm":"26.192317294452906","shore_status":"OFFSHORE"}},{"type":"Feature","id":"mps_mapping_block.9947cd70-08d2-441e-9a20-fa03728407c7","geometry":{"type":"Polygon","coordinates":[[[33.3952,28.21976],[33.39439,28.18346],[33.36833,28.18346],[33.36833,28.20012],[33.39083,28.20012],[33.39083,28.21984],[33.3952,28.21976]]]},"properties":{"name":"WEST MORGAN","status":"CURRENT","country":"Egypt","area_sqkm":"5.648157781405151","shore_status":"OFFSHORE"}},{"type":"Feature","id":"mps_mapping_block.3fbb6869-d091-456e-b186-0357eada9914","geometry":{"type":"Polygon","coordinates":[[[33.16362,28.64584],[33.11998,28.58884],[33.09878,28.56217],[33.06067,28.58486],[33.07516,28.60398],[33.12674,28.66763],[33.16362,28.64584]]]},"properties":{"name":"BELAYIM \"PETROBEL\" J","status":"CURRENT","country":"Egypt","area_sqkm":"50.18975510399723","shore_status":"OFFSHORE"}},{"type":"Feature","id":"mps_mapping_block.184b531f-6ef3-4c14-9112-d358f503d400","geometry":{"type":"Polygon","coordinates":[[[33.50166,27.88345],[33.50166,27.86679],[33.48499,27.86679],[33.48499,27.88345],[33.50166,27.88345]]]},"properties":{"name":"WEST GEMSA","status":"CURRENT","country":"Egypt","area_sqkm":"3.031259063809395","shore_status":"ONSHORE"}},{"type":"Feature","id":"mps_mapping_block.3e55fa3d-df97-4c4b-8bf9-36dd5f83077e","geometry":{"type":"Polygon","coordinates":[[[33.11667,28.58346],[33.12103,28.58915],[33.15847,28.56679],[33.11834,28.56679],[33.11834,28.58346],[33.11667,28.58346]]]},"properties":{"name":"BELAYIM","status":"CURRENT","country":"Egypt","area_sqkm":"5.159474812638044","shore_status":"OFFSHORE"}},{"type":"Feature","id":"mps_mapping_block.178e1b9c-4211-489f-94cb-e1530b097715","geometry":{"type":"Polygon","coordinates":[[[35.66436,34.36667],[35.59759,34.32376],[35.52466,33.96578],[35.41843,33.95002],[35.11667,33.95],[35.11667,34.02917],[35.11667,34.36667],[35.21667,34.36667],[35.66436,34.36667]]]},"properties":{"name":"BLOCK 4","status":"OPEN","country":"Lebanon","area_sqkm":"1910.48722551497","shore_status":"OFFSHORE"}},{"type":"Feature","id":"mps_mapping_block.3efac5cf-093d-4bed-b943-8aed6c131dce","geometry":{"type":"Polygon","coordinates":[[[34.21719,31.22947],[34.25583,31.19894],[34.19908,31.14583],[34.16044,31.1763],[34.21719,31.22947]]]},"properties":{"name":"NEW LAW","status":"CURRENT","country":"Egypt","area_sqkm":"39.99173131996536","shore_status":"ONSHORE"}},{"type":"Feature","id":"mps_mapping_block.7d9cb3f5-e93d-4386-ab12-2666a6700359","geometry":{"type":"Polygon","coordinates":[[[35.3157,31.16102],[35.34704,31.16801],[35.34699,31.13365],[35.21039,31.134],[35.21085,31.18829],[35.25242,31.18826],[35.25247,31.224],[35.31564,31.22425],[35.3157,31.16102]]]},"properties":{"name":"HATRURIM","status":"CURRENT","country":"Israel","area_sqkm":"94.5678611698212","shore_status":"ONSHORE"}},{"type":"Feature","id":"mps_mapping_block.34db7c4a-f5f4-4c1f-a96e-3c215712fffa","geometry":{"type":"Polygon","coordinates":[[[33.63806,27.9899],[33.62265,28.01572],[33.62426,28.01678],[33.65167,28.01678],[33.65167,27.9899],[33.63806,27.9899]]]},"properties":{"name":"NORTH GHARA","status":"CURRENT","country":"Egypt","area_sqkm":"6.324588349304378","shore_status":"OFFSHORE"}},{"type":"Feature","id":"mps_mapping_block.2cbbcb14-d774-4ca1-8de2-b6ea65c0ad8d","geometry":{"type":"Polygon","coordinates":[[[34.5,36.25],[34.5,36.46249],[34.50742,36.46729],[34.57951,36.5],[34.75,36.5],[34.75,36.25],[34.5,36.25]]]},"properties":{"name":"O33, P32, P33","status":"CURRENT","country":"Turkiye","area_sqkm":"607.961818467939","shore_status":"OFFSHORE"}},{"type":"Feature","id":"mps_mapping_block.1b773a95-3c20-4467-b9c9-4ee30c80eb52","geometry":{"type":"Polygon","coordinates":[[[33.69381,27.94377],[33.74527,27.97123],[33.74456,27.94276],[33.69381,27.94377]]]},"properties":{"name":"SOUTH GHARA","status":"CURRENT","country":"Egypt","area_sqkm":"7.880454189049482","shore_status":"OFFSHORE"}},{"type":"Feature","id":"mps_mapping_block.30181708-c163-43e4-b070-b3ef496f7244","geometry":{"type":"Polygon","coordinates":[[[32.75,35.75],[32.75,35.81856],[32.85755,35.81771],[32.94112,35.85209],[32.96369,35.86003],[32.99261,35.87978],[33.0,35.87824],[33.0,35.75],[32.75,35.75]]]},"properties":{"name":"R28, R29, S28","status":"CURRENT","country":"Turkiye","area_sqkm":"212.926313273354","shore_status":"OFFSHORE"}},{"type":"Feature","id":"mps_mapping_block.30b04e30-bc4e-4e95-936a-26dc915a3c61","geometry":{"type":"Polygon","coordinates":[[[33.30941,28.10116],[33.31597,28.09594],[33.321,28.09349],[33.33271,28.08479],[33.33331,28.07916],[33.33241,28.07775],[33.33033,28.0793],[33.32965,28.07586],[33.32936,28.07253],[33.33419,28.06342],[33.33815,28.05662],[33.34484,28.05278],[33.34872,28.05241],[33.3522,28.05054],[33.35671,28.04821],[33.36228,28.0484],[33.36615,28.04665],[33.36637,28.04274],[33.36647,28.03987],[33.37062,28.03722],[33.37303,28.03568],[33.38037,28.03161],[33.38751,28.03327],[33.39634,28.03584],[33.40914,28.03482],[33.41555,28.02903],[33.41814,28.02628],[33.42055,28.0237],[33.43127,28.02121],[33.43872,28.01609],[33.43974,28.01184],[33.44092,28.01131],[33.44649,28.00695],[33.45103,28.00283],[33.45634,28.00077],[33.45679,28.00072],[33.45703,28.00012],[33.35166,28.00012],[33.35166,28.05012],[33.30166,28.05012],[33.30166,28.10012],[33.28008,28.10009],[33.2977,28.11095],[33.30941,28.10116]]]},"properties":{"name":"WADI DARA","status":"CURRENT","country":"Egypt","area_sqkm":"50.610823876183495","shore_status":"BOTH"}},{"type":"Feature","id":"mps_mapping_block.2575b94e-c3dc-4dce-97de-548a5caee621","geometry":{"type":"Polygon","coordinates":[[[33.34933,28.44613],[33.34833,28.40106],[33.29735,28.40193],[33.29832,28.44701],[33.34933,28.44613]]]},"properties":{"name":"SOUTH BELAYIM","status":"CURRENT","country":"Egypt","area_sqkm":"24.967224653280137","shore_status":"OFFSHORE"}},{"type":"Feature","id":"mps_mapping_block.6155fe01-2bd4-4799-946d-55fff35dbd91","geometry":{"type":"Polygon","coordinates":[[[35.42424,31.07914],[35.43088,31.09462],[35.4353,31.11232],[35.42203,31.1632],[35.42203,31.16542],[35.42203,31.16763],[35.41982,31.16984],[35.41982,31.17205],[35.41761,31.17426],[35.41761,31.17648],[35.41761,31.17869],[35.41761,31.1809],[35.41539,31.18311],[35.41539,31.18533],[35.41539,31.18754],[35.41539,31.18975],[35.41318,31.19196],[35.41318,31.19418],[35.41318,31.19639],[35.41318,31.1986],[35.41318,31.20081],[35.41097,31.20302],[35.41097,31.20524],[35.41097,31.20745],[35.41097,31.20966],[35.41097,31.21187],[35.41097,31.21409],[35.41097,31.2163],[35.41097,31.22072],[35.41097,31.22294],[35.41097,31.22515],[35.41097,31.22736],[35.41097,31.22957],[35.41097,31.23178],[35.41097,31.234],[35.41097,31.23621],[35.41097,31.23842],[35.41097,31.24063],[35.41097,31.24285],[35.41097,31.24506],[35.41318,31.24727],[35.41318,31.24948],[35.41318,31.2517],[35.41318,31.25391],[35.41318,31.25612],[35.41539,31.25833],[35.41539,31.26054],[35.41539,31.26276],[35.41539,31.26497],[35.41539,31.26718],[35.41761,31.26939],[35.41761,31.27161],[35.41761,31.27382],[35.41761,31.27603],[35.41982,31.27603],[35.41982,31.27824],[35.41982,31.28046],[35.44637,31.34019],[35.45079,31.35567],[35.45964,31.38886],[35.47291,31.41762],[35.47291,31.41983],[35.47513,31.42204],[35.47513,31.42426],[35.47513,31.42647],[35.47513,31.42868],[35.47513,31.43089],[35.47513,31.4331],[35.47513,31.43532],[35.47513,31.43753],[35.47513,31.43974],[35.47513,31.44195],[35.47513,31.44417],[35.47513,31.44638],[35.47291,31.44859],[35.4707,31.4508],[35.4707,31.45302],[35.4707,31.45523],[35.4707,31.45744],[35.4707,31.45965],[35.46849,31.46186],[35.46849,31.46408],[35.46849,31.46629],[35.46628,31.46629],[35.46628,31.4685],[35.46628,31.47071],[35.46406,31.47293],[35.46406,31.47514],[35.46185,31.47735],[35.45964,31.47735],[35.45964,31.47956],[35.45743,31.48178],[35.45521,31.48399],[35.55256,31.78928],[35.55256,31.79813],[35.55256,31.81804],[35.55034,31.84238],[35.55034,31.85123],[35.55034,31.8822],[35.53928,31.89548],[35.53707,31.89548],[35.53707,31.89769],[35.53486,31.8999],[35.53486,31.90211],[35.53265,31.90211],[35.53265,31.90432],[35.53265,31.90654],[35.53043,31.90875],[35.53043,31.91096],[35.53043,31.91317],[35.53043,31.91539],[35.53043,31.9176],[36.24943,31.9176],[36.24943,31.16763],[36.24943,30.66765],[35.22292,30.66765],[35.22514,30.66986],[35.22735,30.67207],[35.22956,30.67429],[35.22956,30.6765],[35.23177,30.67871],[35.23398,30.67871],[35.23398,30.68092],[35.2362,30.68313],[35.23841,30.68313],[35.23841,30.68535],[35.24062,30.68756],[35.24283,30.68977],[35.24505,30.69198],[35.24726,30.6942],[35.24726,30.69641],[35.24947,30.69862],[35.25168,30.70083],[35.25168,30.70304],[35.2539,30.70526],[35.2539,30.70747],[35.25611,30.70747],[35.25832,30.70968],[35.25832,30.71189],[35.25832,30.71411],[35.26053,30.71632],[35.26053,30.71853],[35.26274,30.71853],[35.26274,30.72074],[35.26496,30.72296],[35.26496,30.72517],[35.26496,30.72738],[35.26717,30.72959],[35.26717,30.7318],[35.26938,30.73402],[35.26938,30.73623],[35.26938,30.73844],[35.27159,30.74065],[35.27159,30.74287],[35.27159,30.74508],[35.27159,30.74729],[35.27381,30.7495],[35.27381,30.75172],[35.27381,30.75393],[35.27381,30.75614],[35.27381,30.75835],[35.27602,30.75835],[35.27602,30.76056],[35.27602,30.76278],[35.27602,30.76499],[35.27602,30.7672],[35.27602,30.76941],[35.27602,30.77163],[35.27602,30.77384],[35.27602,30.77605],[35.27602,30.77826],[35.27602,30.78048],[35.27602,30.78269],[35.27823,30.7849],[35.27823,30.78711],[35.27823,30.78932],[35.28044,30.79154],[35.28044,30.79375],[35.28044,30.79596],[35.28266,30.79817],[35.28266,30.80039],[35.28487,30.8026],[35.28487,30.80481],[35.28487,30.80702],[35.28708,30.80924],[35.28708,30.81145],[35.28708,30.81366],[35.28929,30.81587],[35.28929,30.81808],[35.2915,30.8203],[35.2915,30.82251],[35.2915,30.82472],[35.29372,30.82693],[35.29372,30.82915],[35.29593,30.83136],[35.29593,30.83357],[35.29814,30.83578],[35.29814,30.838],[35.30035,30.84021],[35.30035,30.84242],[35.30257,30.84463],[35.30257,30.84684],[35.30478,30.84906],[35.30478,30.85127],[35.30699,30.85348],[35.30699,30.85569],[35.3092,30.85791],[35.3092,30.86012],[35.31142,30.86012],[35.31142,30.86233],[35.31363,30.86454],[35.31363,30.86676],[35.31584,30.86897],[35.31584,30.87118],[35.31805,30.87339],[35.31805,30.8756],[35.32026,30.87782],[35.32026,30.88003],[35.32248,30.88003],[35.32248,30.88224],[35.32469,30.88445],[35.3269,30.88667],[35.3269,30.88888],[35.32911,30.89109],[35.32911,30.8933],[35.32911,30.89552],[35.33133,30.89773],[35.33354,30.89994],[35.33354,30.90215],[35.33575,30.90436],[35.33575,30.90658],[35.33796,30.90658],[35.33796,30.90879],[35.33796,30.911],[35.34018,30.91321],[35.34018,30.91543],[35.34239,30.91543],[35.34239,30.91764],[35.3446,30.91985],[35.3446,30.92206],[35.34681,30.92206],[35.34681,30.92428],[35.34902,30.92649],[35.34902,30.9287],[35.35124,30.9287],[35.35124,30.93091],[35.35345,30.93312],[35.35345,30.93534],[35.35566,30.93755],[35.35787,30.93976],[35.35787,30.94197],[35.36009,30.94419],[35.3623,30.9464],[35.36451,30.94861],[35.36672,30.95082],[35.36672,30.95304],[35.36893,30.95525],[35.37115,30.95746],[35.37336,30.95967],[35.37557,30.96188],[35.37778,30.9641],[35.37778,30.96631],[35.38,30.96631],[35.38221,30.96852],[35.38221,30.97073],[35.38442,30.97295],[35.38663,30.97516],[35.38663,30.97737],[35.38885,30.97958],[35.39106,30.98179],[35.39106,30.98401],[35.39327,30.98622],[35.39327,30.98843],[35.39548,30.98843],[35.39548,30.99064],[35.39769,30.99286],[35.39769,30.99507],[35.39769,30.99728],[35.39991,30.99949],[35.40212,31.00171],[35.40212,31.00392],[35.40212,31.00613],[35.40433,31.00834],[35.40433,31.01056],[35.40433,31.01277],[35.40654,31.01498],[35.40654,31.01719],[35.40654,31.0194],[35.40654,31.02162],[35.40876,31.02383],[35.40876,31.02604],[35.40876,31.02825],[35.40876,31.03047],[35.40876,31.03268],[35.40876,31.03489],[35.40876,31.0371],[35.41318,31.05259],[35.42424,31.07914]]]},"properties":{"name":"DEAD SEA","status":"OPEN","country":"Jordan","area_sqkm":"10829.8669802231","shore_status":"ONSHORE"}},{"type":"Feature","id":"mps_mapping_block.651d13d7-4479-4293-8adc-f1cfc3745265","geometry":{"type":"MultiPolygon","coordinates":[]},"properties":{"name":"EAST GEMSA","status":"CURRENT","country":"Egypt","area_sqkm":"97.4104937329545","shore_status":"OFFSHORE"}},{"type":"Feature","id":"mps_mapping_block.698724f1-ef96-40f0-89ac-7983d6ec4ee7","geometry":{"type":"Polygon","coordinates":[[[36.91788,35.32405],[36.91899,35.10895],[36.70024,35.11022],[36.69897,34.95379],[36.37466,34.95252],[36.37212,34.71088],[36.50947,34.71088],[36.6481,34.78591],[36.64937,34.66001],[36.5578,34.62058],[36.5578,34.48577],[36.7473,34.59514],[36.92789,34.59514],[36.92917,34.49849],[36.6041,34.1991],[36.59821,34.20985],[36.57403,34.22975],[36.56751,34.24414],[36.56276,34.26295],[36.57992,34.2869],[36.58198,34.2999],[36.57682,34.30767],[36.55584,34.31109],[36.54519,34.32072],[36.52359,34.34589],[36.51863,34.35364],[36.51594,34.36165],[36.51677,34.36987],[36.52359,34.37979],[36.52628,34.38669],[36.52979,34.40309],[36.53062,34.41418],[36.52514,34.42294],[36.50922,34.43242],[36.50189,34.4303],[36.49465,34.43426],[36.48018,34.44914],[36.46323,34.45524],[36.4498,34.46454],[36.43987,34.47746],[36.43347,34.49417],[36.41972,34.49833],[36.39233,34.50014],[36.36308,34.49903],[36.34096,34.49348],[36.3327,34.49417],[36.31988,34.51412],[36.33662,34.52885],[36.36401,34.5411],[36.38355,34.55381],[36.38809,34.56952],[36.38685,34.58425],[36.38892,34.59624],[36.4037,34.60383],[36.41848,34.60032],[36.42912,34.59319],[36.43626,34.59784],[36.44018,34.62936],[36.416,34.6229],[36.39119,34.62249],[36.36753,34.62921],[36.34737,34.64414],[36.32381,34.67949],[36.30893,34.68755],[36.28815,34.67556],[36.28484,34.66791],[36.28443,34.64833],[36.28071,34.63913],[36.27151,34.63096],[36.26159,34.62724],[36.20123,34.62445],[36.19513,34.62621],[36.18335,34.63349],[36.17829,34.6353],[36.17219,34.63406],[36.1602,34.62807],[36.15586,34.62693],[36.08723,34.63101],[36.06078,34.62791],[36.03793,34.62843],[36.01623,34.63365],[35.99876,34.64538],[35.98264,34.65024],[35.9699,34.64985],[35.96567,34.66844],[35.94744,34.69953],[35.94093,34.72622],[35.93116,34.74095],[35.92897,34.74982],[35.92897,34.79072],[35.92604,34.79694],[35.90846,34.82176],[35.8991,34.85277],[35.86687,34.92422],[35.87289,34.92691],[35.87355,34.93163],[35.87957,34.93806],[35.88136,34.94497],[35.87957,34.95189],[35.87355,34.95832],[35.87355,34.96516],[35.87859,34.96955],[35.87892,34.97016],[35.87664,34.97167],[35.87355,34.97883],[35.8816,34.99287],[35.88738,35.00019],[35.89536,35.00678],[35.90056,35.02192],[35.89731,35.03657],[35.89145,35.04995],[35.88787,35.06135],[35.88787,35.1092],[35.89422,35.12108],[35.94125,35.18057],[35.96241,35.19794],[35.9533,35.2248],[35.91529,35.28791],[35.92897,35.32148],[36.91788,35.32405]]]},"properties":{"name":"MAUREL_PROM_BLOCK","status":"CURRENT","country":"Syrian Arab Republic","area_sqkm":"6366.78791520378","shore_status":"BOTH"}},{"type":"Feature","id":"mps_mapping_block.6b5cad30-5fa4-4f9f-901f-520ca2ce303f","geometry":{"type":"Polygon","coordinates":[[[33.16151,28.66295],[33.1801,28.68725],[33.31042,28.60955],[33.29181,28.58527],[33.16151,28.66295]]]},"properties":{"name":"BELAYIM \"PETROBEL\" B","status":"CURRENT","country":"Egypt","area_sqkm":"49.95067995931244","shore_status":"BOTH"}},{"type":"Feature","id":"mps_mapping_block.6be12786-7b92-466d-a512-21dfd4263d8a","geometry":{"type":"Polygon","coordinates":[[[33.17662,33.05022],[33.09235,33.1274],[33.3245,33.31343],[33.4939,33.31249],[33.17662,33.05022]]]},"properties":{"name":"BLOCK 12","status":"CURRENT","country":"Cyprus","area_sqkm":"404.580699163029","shore_status":"OFFSHORE"}},{"type":"Feature","id":"mps_mapping_block.749183b4-77d3-450b-aa44-3d3d188f9888","geometry":{"type":"Polygon","coordinates":[[[35.0,36.25],[35.0,36.47419],[35.13161,36.41863],[35.17534,36.38689],[35.21343,36.36291],[35.25,36.35072],[35.25,36.25],[35.0,36.25]]]},"properties":{"name":"P34, P35","status":"CURRENT","country":"Turkiye","area_sqkm":"410.293633530609","shore_status":"OFFSHORE"}},{"type":"Feature","id":"mps_mapping_block.7b074714-6e8e-4c4f-97cf-6da7d00052fe","geometry":{"type":"Polygon","coordinates":[[[35.26455,32.89716],[35.26422,32.82021],[35.31791,32.81991],[35.31744,32.73884],[35.26379,32.73913],[35.26404,32.68484],[35.104,32.68488],[35.1041,32.89653],[35.26455,32.89716]]]},"properties":{"name":"406 YAHEL NEW","status":"CURRENT","country":"Israel","area_sqkm":"397.715607308568","shore_status":"ONSHORE"}},{"type":"Feature","id":"mps_mapping_block.84b7d611-6e90-4f71-a1d4-40a8c429d71f","geometry":{"type":"Polygon","coordinates":[[[35.11667,34.36667],[35.11667,34.02917],[34.66667,34.02917],[34.33815,34.02917],[34.70892,34.36667],[35.11667,34.36667]]]},"properties":{"name":"BLOCK 3","status":"OPEN","country":"Lebanon","area_sqkm":"2047.89956785178","shore_status":"OFFSHORE"}},{"type":"Feature","id":"mps_mapping_block.87a4604e-72d1-4801-805e-53a7486505de","geometry":{"type":"Polygon","coordinates":[[[33.15168,28.98346],[33.15167,28.95013],[33.10167,28.95013],[33.10167,28.9668],[33.11834,28.9668],[33.11834,28.98346],[33.15168,28.98346]]]},"properties":{"name":"NORTH BELAYIM","status":"CURRENT","country":"Egypt","area_sqkm":"15.004241103401716","shore_status":"OFFSHORE"}},{"type":"Feature","id":"mps_mapping_block.88c5c353-3589-48de-9bd7-7075b299674b","geometry":{"type":"Polygon","coordinates":[[[34.5,36.46249],[34.5,36.25],[34.3068,36.25],[34.3191,36.27051],[34.32827,36.3086],[34.45734,36.43485],[34.5,36.46249]]]},"properties":{"name":"O33, P32, P33","status":"CURRENT","country":"Turkiye","area_sqkm":"245.855261156873","shore_status":"OFFSHORE"}},{"type":"Feature","id":"mps_mapping_block.9e29e028-df67-46fe-ba53-bbf6bb8bdcc0","geometry":{"type":"Polygon","coordinates":[[[34.75,36.56749],[34.75,36.5],[34.57951,36.5],[34.58359,36.50185],[34.62168,36.53853],[34.65835,36.56321],[34.71548,36.58931],[34.75,36.56749]]]},"properties":{"name":"O33, P32, P33","status":"CURRENT","country":"Turkiye","area_sqkm":"96.3776322987645","shore_status":"OFFSHORE"}},{"type":"Feature","id":"mps_mapping_block.9e527b00-13dd-49e5-bdb4-81e40b92335d","geometry":{"type":"Polygon","coordinates":[[[34.75,36.0],[34.75,36.25],[35.0,36.25],[35.0,36.0],[34.75,36.0]]]},"properties":{"name":"O33, P32, P33","status":"CURRENT","country":"Turkiye","area_sqkm":"624.303800389496","shore_status":"OFFSHORE"}},{"type":"Feature","id":"mps_mapping_block.a051adf1-b6ae-4088-a3e3-eb94bc105f22","geometry":{"type":"Polygon","coordinates":[[[34.25,35.81101],[34.25,36.0],[34.5,36.0],[34.5,35.89074],[34.35305,35.84345],[34.25,35.81101]]]},"properties":{"name":"R32, R33","status":"CURRENT","country":"Turkiye","area_sqkm":"373.92829237928","shore_status":"OFFSHORE"}},{"type":"Feature","id":"mps_mapping_block.a1023ee0-2944-4644-9b3b-6a27c15e92a8","geometry":{"type":"Polygon","coordinates":[[[36.83348,32.3136],[36.83348,31.9176],[36.24943,31.9176],[35.53043,31.9176],[35.53043,31.91981],[35.53043,31.92202],[35.53265,31.92202],[35.53265,31.92423],[35.53265,31.92645],[35.53486,31.92866],[35.53486,31.93087],[35.53707,31.93087],[35.53707,31.93308],[35.53928,31.9353],[35.53928,31.93751],[35.54149,31.93751],[35.54149,31.93972],[35.54371,31.94193],[35.54371,31.94415],[35.54592,32.0083],[35.52822,32.026],[35.53043,32.03485],[35.53265,32.07467],[35.54149,32.08131],[35.54149,32.10122],[35.54592,32.10786],[35.54813,32.1344],[35.55256,32.14104],[35.56141,32.15653],[35.56141,32.16095],[35.55919,32.16316],[35.55919,32.16538],[35.55698,32.16538],[35.55698,32.16759],[35.55477,32.1698],[35.55477,32.17201],[35.55477,32.17423],[35.55256,32.17423],[35.55256,32.17644],[35.55256,32.17865],[35.55477,32.18086],[35.55477,32.18307],[35.55477,32.18529],[35.55477,32.1875],[35.55698,32.18971],[35.55919,32.18971],[35.55919,32.19192],[35.56141,32.19414],[35.56141,32.2052],[35.57025,32.21183],[35.57025,32.21405],[35.57247,32.21626],[35.57247,32.21847],[35.57468,32.22068],[35.57468,32.2229],[35.57468,32.22511],[35.57468,32.22732],[35.57468,32.22953],[35.57468,32.23174],[35.57468,32.23396],[35.57247,32.23617],[35.57247,32.23838],[35.57025,32.24059],[35.57025,32.24281],[35.56804,32.24502],[35.56583,32.24723],[35.56362,32.25829],[35.57025,32.26272],[35.57025,32.26935],[35.57025,32.27599],[35.57025,32.28484],[35.57025,32.30696],[35.56141,32.32024],[35.55919,32.36669],[35.56141,32.36669],[35.56362,32.36891],[35.56362,32.37112],[35.56583,32.37112],[35.56804,32.37333],[35.56804,32.37554],[35.57025,32.37776],[35.57025,32.37997],[35.57025,32.38218],[35.57247,32.38439],[35.57247,32.38661],[35.57247,32.38882],[35.57025,32.39103],[35.57025,32.39324],[35.57025,32.39545],[35.57025,32.39767],[35.56804,32.39767],[35.56804,32.39988],[35.56583,32.40209],[35.56362,32.4043],[35.55698,32.41979],[35.55919,32.4397],[35.56362,32.44413],[35.56141,32.44855],[35.56141,32.45298],[35.57247,32.45519],[35.57247,32.46182],[35.57025,32.46404],[35.57025,32.46625],[35.56804,32.46846],[35.56804,32.47067],[35.56804,32.47289],[35.57025,32.4751],[35.57025,32.47731],[35.57247,32.47952],[35.57247,32.48173],[35.57468,32.48395],[35.57689,32.48395],[35.5791,32.48395],[35.58132,32.48616],[35.58132,32.48837],[35.58353,32.48837],[35.58574,32.49058],[35.58574,32.4928],[35.58574,32.49501],[35.58795,32.49501],[35.58795,32.49722],[35.58795,32.49943],[35.58795,32.50165],[35.58795,32.50386],[35.58574,32.50607],[35.58574,32.50828],[35.58353,32.51049],[35.57689,32.51049],[35.57468,32.51713],[35.56804,32.52377],[35.57025,32.53483],[35.57025,32.53925],[35.56583,32.54368],[35.56804,32.55474],[35.57689,32.55695],[35.57689,32.55917],[35.57689,32.56138],[35.57689,32.56359],[35.57689,32.5658],[35.57689,32.56801],[35.5791,32.57023],[35.5791,32.57244],[35.58132,32.57465],[35.58353,32.57686],[35.58574,32.60784],[35.58353,32.61005],[35.58353,32.61226],[35.58132,32.61226],[35.58132,32.61447],[35.5791,32.61669],[35.5791,32.6189],[35.5791,32.62111],[35.57689,32.62332],[35.57689,32.62553],[35.57689,32.62996],[35.57468,32.6366],[35.57468,32.64545],[35.57689,32.64766],[35.5791,32.65429],[35.58132,32.65651],[35.58795,32.66314],[35.59017,32.66536],[35.59901,32.66978],[35.60344,32.67199],[35.60786,32.67199],[35.60786,32.67642],[35.61229,32.68084],[35.61671,32.68084],[35.62114,32.67863],[35.62777,32.67863],[35.62556,32.67199],[35.62777,32.67199],[35.62999,32.67199],[35.6322,32.67421],[35.63662,32.67642],[35.64105,32.67421],[35.64326,32.67199],[35.64547,32.67199],[35.64768,32.66978],[35.65211,32.67199],[35.65653,32.67199],[35.66096,32.66978],[35.66317,32.66978],[35.6676,32.66978],[35.66981,32.66978],[35.67644,32.67421],[35.67644,32.67642],[35.67644,32.68084],[35.67866,32.68305],[35.68087,32.68527],[35.68087,32.68748],[35.68087,32.68969],[35.68308,32.6919],[35.68308,32.69412],[35.68529,32.69633],[35.68972,32.69854],[35.69414,32.69854],[35.69857,32.69854],[35.70299,32.69854],[35.70742,32.70075],[35.70963,32.70297],[35.71184,32.70518],[35.71405,32.70518],[35.71627,32.70518],[35.71848,32.70297],[35.72069,32.70297],[35.72512,32.70518],[35.72733,32.70739],[35.72954,32.7096],[35.73396,32.7096],[35.73618,32.7096],[35.73839,32.71181],[35.73839,32.71403],[35.7406,32.71624],[35.74281,32.72066],[35.74724,32.72066],[35.74945,32.72288],[35.75388,32.72288],[35.75609,32.72509],[35.7583,32.7273],[35.76051,32.72951],[35.76272,32.73394],[35.76715,32.73394],[35.77157,32.73394],[35.776,32.73615],[35.78042,32.73615],[35.78706,32.73836],[35.79591,32.74279],[35.80033,32.74279],[35.80476,32.74279],[35.80697,32.74057],[35.8114,32.73394],[35.81361,32.72951],[35.81803,32.72509],[35.82246,32.72066],[35.82688,32.71845],[35.83131,32.71624],[35.83573,32.71624],[35.84015,32.71624],[35.84237,32.71845],[35.84458,32.71845],[35.85122,32.71624],[35.85343,32.71624],[35.85564,32.71624],[35.85785,32.71624],[35.86007,32.71624],[35.86449,32.71845],[35.87113,32.72066],[35.87334,32.72066],[35.87998,32.72066],[35.88219,32.72066],[35.88219,32.71624],[35.88219,32.71181],[35.8844,32.70739],[35.88661,32.70518],[35.88883,32.70518],[35.89325,32.70297],[35.89768,32.70518],[35.90431,32.70739],[35.91095,32.7096],[35.91316,32.7096],[35.9198,32.71181],[35.92643,32.71181],[35.93307,32.71181],[35.9375,32.70739],[35.9375,32.70518],[35.9375,32.70075],[35.9375,32.69854],[35.9375,32.69412],[35.93971,32.68969],[35.94192,32.68748],[35.94635,32.68305],[35.95077,32.68084],[35.95519,32.68084],[35.96183,32.68084],[35.96404,32.68084],[35.96847,32.67863],[35.96847,32.67642],[35.97068,32.67199],[35.97289,32.66978],[35.97068,32.66757],[35.96847,32.66536],[35.96404,32.66536],[35.96404,32.66314],[35.96404,32.66093],[35.96404,32.65651],[35.96847,32.65208],[35.97068,32.64987],[35.97953,32.64766],[35.98838,32.64766],[35.9928,32.64545],[35.99944,32.64545],[36.00608,32.64545],[36.01493,32.64545],[36.01935,32.64323],[36.02599,32.64102],[36.03263,32.63881],[36.03484,32.6366],[36.03484,32.63217],[36.03484,32.62553],[36.03484,32.6189],[36.03484,32.61669],[36.03263,32.61226],[36.03263,32.60784],[36.03041,32.60562],[36.03041,32.6012],[36.03041,32.59677],[36.03041,32.59235],[36.03263,32.58793],[36.03484,32.5835],[36.03926,32.57908],[36.0459,32.57686],[36.05032,32.57465],[36.05696,32.57023],[36.0636,32.5658],[36.07023,32.55917],[36.07466,32.55253],[36.07687,32.54589],[36.07908,32.54147],[36.08351,32.53041],[36.08351,32.52377],[36.08351,32.51934],[36.08351,32.51049],[36.0813,32.50607],[36.0813,32.50386],[36.08351,32.50386],[36.09015,32.50607],[36.09678,32.50828],[36.10121,32.50828],[36.10342,32.50828],[36.10563,32.50828],[36.10784,32.50828],[36.11006,32.50828],[36.11891,32.50828],[36.12554,32.50828],[36.12775,32.50828],[36.12997,32.50828],[36.13439,32.50828],[36.14103,32.51049],[36.14324,32.51049],[36.14988,32.51049],[36.1543,32.50828],[36.15873,32.50607],[36.16094,32.50386],[36.16758,32.50165],[36.172,32.50386],[36.17421,32.50386],[36.18085,32.50828],[36.18749,32.51049],[36.19191,32.51271],[36.19634,32.51492],[36.20297,32.51492],[36.21182,32.51271],[36.21625,32.50828],[36.22067,32.50607],[36.22288,32.50165],[36.22952,32.49722],[36.23394,32.4928],[36.24058,32.48837],[36.24279,32.48616],[36.24943,32.48173],[36.25386,32.47952],[36.26049,32.4751],[36.2804,32.46625],[36.28704,32.46182],[36.29368,32.4574],[36.30253,32.45519],[36.30695,32.45298],[36.3158,32.44413],[36.32244,32.43528],[36.33571,32.422],[36.34898,32.40873],[36.39102,32.36448],[36.48172,32.36448],[36.50163,32.34678],[36.70738,32.32687],[36.71401,32.31581],[36.72286,32.32466],[36.74277,32.32245],[36.82684,32.3136],[36.83348,32.3136]]]},"properties":{"name":"NORTH HIGHLANDS","status":"OPEN","country":"Jordan","area_sqkm":"7895.07123725383","shore_status":"ONSHORE"}},{"type":"Feature","id":"mps_mapping_block.a18eb52a-6bb1-4f14-afb6-ee20acb2b0e7","geometry":{"type":"Polygon","coordinates":[[[36.73171,29.83361],[36.50606,29.50177],[36.07245,29.18541],[35.41318,29.28938],[35.33354,29.30045],[35.33354,29.49955],[35.41761,29.49955],[35.41761,29.74954],[35.33354,29.74954],[35.33354,29.99953],[36.24943,29.99953],[36.24943,29.83361],[36.73171,29.83361]]]},"properties":{"name":"RUM","status":"OPEN","country":"Jordan","area_sqkm":"8770.84502018464","shore_status":"ONSHORE"}},{"type":"Feature","id":"mps_mapping_block.a517e038-66f2-4423-bb67-df6625db34d5","geometry":{"type":"Polygon","coordinates":[[[35.11667,34.02917],[35.11667,33.95],[35.11667,33.83333],[35.0,33.83333],[35.0,33.6],[34.75,33.6],[34.75,33.66667],[34.63333,33.66667],[34.63333,33.88333],[34.66667,33.88333],[34.66667,34.02917],[35.11667,34.02917]]]},"properties":{"name":"BLOCK 6","status":"OPEN","country":"Lebanon","area_sqkm":"1720.95120883642","shore_status":"OFFSHORE"}},{"type":"Feature","id":"mps_mapping_block.b3ad68d1-be00-4a93-982c-1c26ba2ff21a","geometry":{"type":"Polygon","coordinates":[[[34.0,35.75],[34.0,36.0],[34.25,36.0],[34.25,35.81101],[34.23879,35.80748],[34.17461,35.76446],[34.08433,35.75036],[34.08378,35.75],[34.0,35.75]]]},"properties":{"name":"R32, R33","status":"CURRENT","country":"Turkiye","area_sqkm":"589.805537420972","shore_status":"OFFSHORE"}},{"type":"Feature","id":"mps_mapping_block.b4404c4f-bae6-42f0-83de-e85c621bf6e1","geometry":{"type":"Polygon","coordinates":[[[35.75,36.0],[35.75,36.04492],[35.75792,36.04482],[35.81616,36.0],[35.75,36.0]]]},"properties":{"name":"","status":"OPEN","country":"Turkiye","area_sqkm":"16.6106194658704","shore_status":"OFFSHORE"}},{"type":"Feature","id":"mps_mapping_block.b48154af-0d86-4afb-a33e-cd2ce9b917d4","geometry":{"type":"Polygon","coordinates":[[[33.68499,27.76678],[33.68499,27.73345],[33.71833,27.73345],[33.71833,27.65011],[33.70166,27.65011],[33.70166,27.68345],[33.68499,27.68345],[33.68499,27.70012],[33.66833,27.70012],[33.66833,27.73345],[33.63499,27.73345],[33.61832,27.71678],[33.61833,27.76678],[33.68499,27.76678]]]},"properties":{"name":"GESIUM & TAWILLA WEST","status":"CURRENT","country":"Egypt","area_sqkm":"56.1582902498409","shore_status":"OFFSHORE"}},{"type":"Feature","id":"mps_mapping_block.b6e1d500-c453-4d48-ad17-7a5ea4e767af","geometry":{"type":"Polygon","coordinates":[[[35.25,35.83641],[35.25,36.0],[35.5,36.0],[35.5,35.87068],[35.25,35.83641]]]},"properties":{"name":"R34, R35","status":"CURRENT","country":"Turkiye","area_sqkm":"366.632516365067","shore_status":"OFFSHORE"}},{"type":"Feature","id":"mps_mapping_block.bf8d45eb-a231-4775-bbfc-28063c4d628c","geometry":{"type":"Polygon","coordinates":[[[33.5,35.75],[33.5,35.925],[33.52141,35.92139],[33.60605,35.92351],[33.6392,35.93691],[33.7196,35.93761],[33.75,35.94054],[33.75,35.75],[33.5,35.75]]]},"properties":{"name":"R30, R31","status":"CURRENT","country":"Turkiye","area_sqkm":"451.813342067614","shore_status":"OFFSHORE"}},{"type":"Feature","id":"mps_mapping_block.c79393f7-cd2d-440b-b77a-61740fd2f17b","geometry":{"type":"Polygon","coordinates":[[[35.33354,29.30045],[34.99063,29.34912],[34.9663,29.35354],[34.96408,29.36239],[34.96408,29.3646],[34.96408,29.36682],[34.96408,29.36903],[34.96187,29.37124],[34.96187,29.37345],[34.96187,29.37566],[34.96187,29.37788],[34.96187,29.38009],[34.96408,29.3823],[34.96408,29.38451],[34.96408,29.38673],[34.96408,29.38894],[34.9663,29.39115],[34.9663,29.39336],[34.96851,29.39558],[34.96851,29.39779],[34.96851,29.4],[34.97072,29.40221],[34.97072,29.40442],[34.97293,29.40442],[34.97293,29.43097],[34.97072,29.43318],[34.96851,29.4354],[34.9663,29.43761],[34.9663,29.43982],[34.9663,29.44203],[34.96408,29.44425],[34.96408,29.44646],[34.96408,29.44867],[34.96187,29.45088],[34.96187,29.45309],[34.96187,29.45531],[34.96187,29.45752],[34.96187,29.45973],[34.96187,29.46194],[34.96187,29.46416],[34.96187,29.46637],[34.96187,29.46858],[34.96408,29.46858],[34.96408,29.47079],[34.96408,29.47301],[34.96408,29.47522],[34.9663,29.47743],[34.9663,29.47964],[34.9663,29.48185],[34.96851,29.48185],[34.96851,29.48407],[34.97072,29.48628],[34.97072,29.48849],[34.97293,29.4907],[34.97293,29.49292],[34.97515,29.49292],[34.97515,29.49513],[34.97736,29.49734],[34.97736,29.49955],[34.97957,29.50177],[34.98178,29.50398],[34.98178,29.50619],[34.98399,29.5084],[34.98842,29.51504],[34.99063,29.51725],[34.99284,29.51946],[34.99506,29.52168],[34.99506,29.52389],[34.99727,29.52389],[34.99948,29.5261],[34.99727,29.53053],[34.98178,29.5438],[34.97736,29.54159],[34.97293,29.5438],[34.9663,29.55265],[34.96408,29.55486],[34.95745,29.55707],[34.95966,29.55707],[34.96408,29.56592],[34.95966,29.61459],[34.95966,29.61681],[34.95966,29.61902],[34.95966,29.62123],[34.95966,29.62344],[34.95966,29.62565],[34.96187,29.62565],[34.96187,29.62787],[34.96187,29.63008],[34.96187,29.63229],[34.96408,29.6345],[34.96408,29.63672],[34.96408,29.63893],[34.9663,29.64114],[34.9663,29.64335],[34.96851,29.64335],[34.96851,29.64557],[34.97072,29.64778],[34.97072,29.64999],[34.97293,29.6522],[34.97515,29.65441],[34.97515,29.65663],[34.97736,29.65884],[34.97736,29.66105],[34.97957,29.66105],[34.97957,29.66326],[34.97957,29.66548],[34.98178,29.66769],[34.98178,29.6699],[34.98399,29.67211],[34.98399,29.67433],[34.98621,29.67654],[34.98621,29.67875],[34.98621,29.68096],[34.98621,29.68317],[34.98842,29.68539],[34.98842,29.6876],[34.98842,29.68981],[34.98842,29.69202],[34.99063,29.69424],[34.99063,29.69645],[34.99063,29.69866],[34.99063,29.70087],[34.99284,29.70308],[34.99284,29.7053],[34.99284,29.70751],[34.99284,29.70972],[34.99284,29.71193],[34.99284,29.71415],[34.99284,29.71636],[34.99284,29.71857],[34.99506,29.72078],[34.99506,29.723],[34.99727,29.72521],[34.99727,29.72742],[34.99727,29.72963],[34.99948,29.73184],[34.99948,29.73406],[35.00169,29.73627],[35.00169,29.73848],[35.00391,29.74069],[35.00391,29.74291],[35.00612,29.74512],[35.00612,29.74733],[35.00612,29.74954],[35.00833,29.75176],[35.00833,29.75397],[35.01054,29.75618],[35.01054,29.75839],[35.01054,29.76061],[35.01275,29.76282],[35.01275,29.76503],[35.01275,29.76724],[35.01497,29.76945],[35.01497,29.77167],[35.01497,29.77388],[35.01718,29.77609],[35.01718,29.7783],[35.01718,29.78052],[35.01939,29.78273],[35.01939,29.78494],[35.01939,29.78715],[35.01939,29.78936],[35.0216,29.79158],[35.0216,29.79379],[35.0216,29.796],[35.0216,29.79821],[35.02382,29.80043],[35.02382,29.80264],[35.02382,29.80485],[35.02382,29.80706],[35.02603,29.80928],[35.02603,29.81149],[35.02603,29.8137],[35.02824,29.81591],[35.02824,29.81812],[35.03045,29.82034],[35.03045,29.82255],[35.03045,29.82476],[35.03267,29.82476],[35.03267,29.82697],[35.03488,29.82919],[35.03488,29.8314],[35.03488,29.83361],[35.03709,29.83582],[35.03709,29.83804],[35.0393,29.84025],[35.0393,29.84246],[35.04151,29.84246],[35.04151,29.84467],[35.04151,29.84688],[35.04373,29.8491],[35.04373,29.85131],[35.04594,29.85352],[35.04594,29.85573],[35.04815,29.85795],[35.04815,29.86016],[35.05036,29.86237],[35.05036,29.86458],[35.05258,29.86679],[35.05258,29.86901],[35.05479,29.86901],[35.05479,29.87122],[35.057,29.87343],[35.057,29.87564],[35.05921,29.87786],[35.05921,29.88007],[35.06143,29.88228],[35.06143,29.88449],[35.06143,29.88671],[35.06143,29.88892],[35.06143,29.89113],[35.06143,29.89334],[35.06143,29.89555],[35.06143,29.89777],[35.06143,29.89998],[35.06143,29.90219],[35.05921,29.9044],[35.05921,29.90662],[35.057,29.90883],[35.057,29.91104],[35.057,29.91325],[35.05479,29.91547],[35.05479,29.91768],[35.05258,29.91989],[35.05258,29.9221],[35.05258,29.92431],[35.05036,29.92653],[35.05036,29.92874],[35.05036,29.93095],[35.05036,29.93316],[35.04815,29.93538],[35.04815,29.93759],[35.04815,29.9398],[35.04815,29.94201],[35.04815,29.94423],[35.04815,29.94644],[35.04815,29.94865],[35.04815,29.95086],[35.04594,29.95308],[35.04594,29.95529],[35.04594,29.9575],[35.04594,29.95971],[35.04594,29.96192],[35.04594,29.96414],[35.04594,29.96635],[35.04594,29.96856],[35.04815,29.97077],[35.04815,29.97299],[35.04815,29.9752],[35.04815,29.97741],[35.04815,29.97962],[35.04815,29.98183],[35.04815,29.98405],[35.05036,29.98626],[35.05036,29.98847],[35.05036,29.99068],[35.05036,29.9929],[35.05036,29.99511],[35.05258,29.99732],[35.05258,29.99953],[35.33354,29.99953],[35.33354,29.74954],[35.41761,29.74954],[35.41761,29.49955],[35.33354,29.49955],[35.33354,29.30045]]]},"properties":{"name":"AQABA","status":"OPEN","country":"Jordan","area_sqkm":"2643.99745608353","shore_status":"BOTH"}},{"type":"Feature","id":"mps_mapping_block.ca855990-a124-4ffc-ba9f-c53e7e22e4a6","geometry":{"type":"Polygon","coordinates":[[[35.0,36.0],[35.0,36.25],[35.25,36.25],[35.25,36.0],[35.0,36.0]]]},"properties":{"name":"P34, P35","status":"CURRENT","country":"Turkiye","area_sqkm":"624.303800389496","shore_status":"OFFSHORE"}},{"type":"Feature","id":"mps_mapping_block.ce85a731-c2c1-4bbf-b0aa-c8e5cd670873","geometry":{"type":"Polygon","coordinates":[[[34.75,35.868],[34.75,36.0],[35.0,36.0],[35.0,35.82364],[34.80867,35.81842],[34.78187,35.85016],[34.75,35.868]]]},"properties":{"name":"R32, R33","status":"CURRENT","country":"Turkiye","area_sqkm":"432.463823908743","shore_status":"OFFSHORE"}},{"type":"Feature","id":"mps_mapping_block.cebe7eb8-09aa-4109-a7bd-78be39aaa447","geometry":{"type":"Polygon","coordinates":[[[34.0,35.75],[34.0,36.0],[34.25,36.0],[34.5,36.0],[34.75,36.0],[35.0,36.0],[35.0,35.82364],[34.80867,35.81842],[34.78187,35.85016],[34.75,35.868],[34.74661,35.8699],[34.67784,35.89988],[34.61965,35.90834],[34.54595,35.90552],[34.5,35.89074],[34.35305,35.84345],[34.25,35.81101],[34.23879,35.80748],[34.17461,35.76446],[34.08433,35.75036],[34.08378,35.75],[34.0,35.75]]]},"properties":{"name":"R32, R33","status":"CURRENT","country":"Turkiye","area_sqkm":"1651.37754728211","shore_status":"OFFSHORE"}},{"type":"Feature","id":"mps_mapping_block.d1e4b5d7-60be-4cc5-aca8-e4f840a7ba5c","geometry":{"type":"Polygon","coordinates":[[[35.05258,29.99953],[35.05258,30.00175],[35.05479,30.00396],[35.05479,30.00617],[35.057,30.00838],[35.057,30.01059],[35.057,30.01281],[35.05921,30.01502],[35.05921,30.01723],[35.06143,30.01944],[35.06143,30.02166],[35.06364,30.02387],[35.06585,30.02608],[35.06585,30.02829],[35.06806,30.03051],[35.06806,30.03272],[35.07027,30.03493],[35.07027,30.03714],[35.07249,30.03935],[35.07249,30.04157],[35.0747,30.04157],[35.0747,30.04378],[35.07691,30.04599],[35.07691,30.0482],[35.07912,30.05042],[35.08134,30.05263],[35.08134,30.05484],[35.08355,30.05705],[35.08355,30.05927],[35.08576,30.05927],[35.08576,30.06148],[35.08797,30.06369],[35.08797,30.0659],[35.09018,30.06811],[35.0924,30.07033],[35.0924,30.07254],[35.09461,30.07475],[35.09682,30.07696],[35.09903,30.07918],[35.09903,30.08139],[35.10125,30.0836],[35.10125,30.08581],[35.10346,30.08803],[35.10567,30.08803],[35.10567,30.09024],[35.10788,30.09245],[35.10788,30.09466],[35.1101,30.09687],[35.11231,30.09909],[35.11231,30.1013],[35.11452,30.1013],[35.11452,30.10351],[35.11673,30.10572],[35.11894,30.10794],[35.11894,30.11015],[35.12116,30.11015],[35.12116,30.11236],[35.12337,30.11457],[35.12337,30.11679],[35.12558,30.11679],[35.12558,30.119],[35.12779,30.12121],[35.13001,30.12342],[35.13222,30.12563],[35.13222,30.12785],[35.13443,30.12785],[35.13664,30.13006],[35.13664,30.13227],[35.13886,30.13227],[35.14107,30.13448],[35.14107,30.1367],[35.14328,30.1367],[35.14328,30.13891],[35.14549,30.14112],[35.1477,30.14112],[35.1477,30.14333],[35.14992,30.14555],[35.14992,30.14776],[35.15213,30.14997],[35.15434,30.15218],[35.15434,30.15439],[35.15434,30.15661],[35.15655,30.15882],[35.15655,30.16103],[35.15877,30.16324],[35.15877,30.16546],[35.15877,30.16767],[35.15877,30.16988],[35.16098,30.17209],[35.16098,30.17431],[35.16098,30.17652],[35.16098,30.17873],[35.16098,30.18094],[35.16098,30.18315],[35.16098,30.18537],[35.16098,30.18758],[35.16319,30.18979],[35.16319,30.192],[35.16098,30.19422],[35.16098,30.19643],[35.16098,30.19864],[35.16098,30.20085],[35.16098,30.20307],[35.15877,30.20528],[35.15877,30.20749],[35.15655,30.2097],[35.15655,30.21191],[35.15434,30.21413],[35.15213,30.21634],[35.14992,30.21855],[35.14992,30.22076],[35.1477,30.22298],[35.1477,30.22519],[35.14549,30.2274],[35.14549,30.22961],[35.14328,30.23182],[35.14328,30.23404],[35.14328,30.23625],[35.14107,30.23625],[35.14107,30.23846],[35.14107,30.24067],[35.13886,30.24289],[35.13886,30.2451],[35.13886,30.24731],[35.13664,30.24952],[35.13664,30.25174],[35.13664,30.25395],[35.13664,30.25616],[35.13664,30.25837],[35.13443,30.26058],[35.13443,30.2628],[35.13443,30.26501],[35.13443,30.26722],[35.13443,30.26943],[35.13443,30.27165],[35.13443,30.27386],[35.13443,30.27607],[35.13443,30.27828],[35.13443,30.2805],[35.13443,30.28271],[35.13443,30.28492],[35.13443,30.28713],[35.13443,30.28934],[35.13664,30.29156],[35.13664,30.29377],[35.13664,30.29598],[35.13664,30.29819],[35.13664,30.30041],[35.13664,30.30262],[35.13886,30.30483],[35.13886,30.30704],[35.13886,30.30926],[35.14107,30.31147],[35.14107,30.31368],[35.14328,30.31589],[35.14549,30.3181],[35.1477,30.32032],[35.1477,30.32253],[35.14992,30.32474],[35.15213,30.32695],[35.15213,30.32917],[35.15434,30.33138],[35.15434,30.33359],[35.15655,30.3358],[35.15877,30.33802],[35.15877,30.34023],[35.15877,30.34244],[35.16098,30.34465],[35.16098,30.34686],[35.16319,30.34908],[35.16319,30.35129],[35.1654,30.35129],[35.1654,30.3535],[35.16762,30.35571],[35.16762,30.35793],[35.16762,30.36014],[35.16983,30.36235],[35.16983,30.36456],[35.16983,30.36678],[35.17204,30.36899],[35.17204,30.3712],[35.17204,30.37341],[35.17425,30.37562],[35.17425,30.37784],[35.17646,30.38005],[35.17646,30.38226],[35.17425,30.38447],[35.17425,30.38669],[35.17204,30.3889],[35.17204,30.39111],[35.16983,30.39111],[35.16983,30.39332],[35.16762,30.39554],[35.16762,30.39775],[35.1654,30.39996],[35.1654,30.40217],[35.16319,30.40438],[35.16319,30.4066],[35.16098,30.4066],[35.16098,30.40881],[35.16098,30.41102],[35.15877,30.41323],[35.15877,30.41545],[35.15877,30.41766],[35.15655,30.41987],[35.15655,30.42208],[35.15655,30.4243],[35.15434,30.42651],[35.15434,30.42872],[35.15434,30.43093],[35.15434,30.43314],[35.15213,30.43536],[35.15213,30.43757],[35.15213,30.43978],[35.15213,30.44199],[35.15213,30.44421],[35.15213,30.44642],[35.15213,30.44863],[35.15213,30.45084],[35.15213,30.45305],[35.15213,30.45527],[35.15213,30.45748],[35.15213,30.45969],[35.15213,30.4619],[35.15213,30.46412],[35.15213,30.46633],[35.15213,30.46854],[35.15213,30.47075],[35.15213,30.47297],[35.15213,30.47518],[35.15213,30.47739],[35.15434,30.4796],[35.15434,30.48181],[35.15434,30.48403],[35.15434,30.48624],[35.15434,30.48845],[35.15655,30.49066],[35.15655,30.49288],[35.15655,30.49509],[35.15877,30.4973],[35.15877,30.49951],[35.15877,30.50173],[35.16098,30.50173],[35.16098,30.50394],[35.16098,30.50615],[35.16319,30.50836],[35.16319,30.51057],[35.1654,30.51279],[35.1654,30.515],[35.1654,30.51721],[35.16762,30.51942],[35.16983,30.52164],[35.16983,30.52385],[35.16983,30.52606],[35.17204,30.52827],[35.17204,30.53049],[35.17204,30.5327],[35.17425,30.53491],[35.17425,30.53712],[35.17646,30.53933],[35.17646,30.54155],[35.17646,30.54376],[35.17868,30.54597],[35.17868,30.54818],[35.17868,30.5504],[35.18089,30.55261],[35.18089,30.55482],[35.18089,30.55703],[35.1831,30.55925],[35.1831,30.56146],[35.18531,30.56367],[35.18531,30.56588],[35.18531,30.56809],[35.18531,30.57031],[35.18753,30.57252],[35.18753,30.57473],[35.18753,30.57694],[35.18753,30.57916],[35.18974,30.58137],[35.18974,30.58358],[35.18974,30.58579],[35.19195,30.58801],[35.19195,30.59022],[35.19195,30.59243],[35.19195,30.59464],[35.19195,30.59685],[35.19416,30.59907],[35.19416,30.60128],[35.19416,30.60349],[35.19416,30.6057],[35.19416,30.60792],[35.19638,30.61013],[35.19638,30.61234],[35.19638,30.61455],[35.19859,30.61677],[35.19859,30.61898],[35.19859,30.62119],[35.2008,30.6234],[35.2008,30.62561],[35.2008,30.62783],[35.20301,30.63004],[35.20301,30.63225],[35.20301,30.63446],[35.20522,30.63446],[35.20522,30.63668],[35.20744,30.63889],[35.20744,30.6411],[35.20744,30.64331],[35.20965,30.64553],[35.20965,30.64774],[35.21186,30.64995],[35.21407,30.65216],[35.21407,30.65437],[35.21629,30.65659],[35.21629,30.6588],[35.2185,30.66101],[35.22071,30.66101],[35.22071,30.66322],[35.22292,30.66544],[35.22292,30.66765],[36.24943,30.66765],[36.24943,29.99953],[35.33354,29.99953],[35.05258,29.99953]]]},"properties":{"name":"PETRA","status":"OPEN","country":"Jordan","area_sqkm":"7834.91462347485","shore_status":"ONSHORE"}},{"type":"Feature","id":"mps_mapping_block.d50eec20-6cb2-4609-b71f-219b5749128c","geometry":{"type":"Polygon","coordinates":[[[34.46667,33.57771],[34.46667,33.30607],[33.76911,33.53088],[33.84036,33.60225],[33.85842,33.62031],[33.89509,33.6446],[33.91032,33.66667],[34.15833,33.66667],[34.15833,33.57771],[34.46667,33.57771]]]},"properties":{"name":"BLOCK 8","status":"OPEN","country":"Lebanon","area_sqkm":"1400.26854095096","shore_status":"OFFSHORE"}},{"type":"Feature","id":"mps_mapping_block.d5ebd503-4469-4da8-b0d6-d85d4ed0ed7a","geometry":{"type":"Polygon","coordinates":[[[33.78421,27.27445],[33.78438,27.27442],[33.78456,27.27444],[33.78459,27.27441],[33.78463,27.27438],[33.78467,27.27435],[33.78471,27.27434],[33.78476,27.27432],[33.7848,27.27432],[33.78485,27.27431],[33.7849,27.27432],[33.78503,27.27429],[33.78488,27.27396],[33.7848,27.27366],[33.78483,27.2736],[33.78486,27.27354],[33.7849,27.27349],[33.78494,27.27343],[33.78498,27.27339],[33.78504,27.27335],[33.78509,27.27331],[33.78515,27.27329],[33.78521,27.27326],[33.78528,27.27325],[33.78534,27.27324],[33.78551,27.27321],[33.78564,27.27325],[33.78605,27.27305],[33.78634,27.27298],[33.78642,27.27286],[33.78651,27.27272],[33.78664,27.27268],[33.78701,27.27276],[33.78719,27.27276],[33.78731,27.27272],[33.78737,27.27266],[33.78751,27.27263],[33.78793,27.27263],[33.78816,27.27267],[33.78867,27.27289],[33.78903,27.27304],[33.78933,27.2731],[33.78938,27.2731],[33.78944,27.27309],[33.78949,27.27308],[33.78954,27.27306],[33.78959,27.27304],[33.78964,27.273],[33.78968,27.27297],[33.78972,27.27293],[33.78976,27.27288],[33.78979,27.27284],[33.78981,27.27278],[33.78986,27.27259],[33.79016,27.2723],[33.7903,27.27202],[33.79034,27.27197],[33.79039,27.27191],[33.79044,27.27187],[33.7905,27.27182],[33.79056,27.27178],[33.79062,27.27175],[33.79069,27.27172],[33.79076,27.2717],[33.79082,27.27169],[33.79089,27.27168],[33.79097,27.27167],[33.79151,27.27157],[33.79199,27.27152],[33.79322,27.2714],[33.79354,27.27137],[33.79364,27.27132],[33.79374,27.27126],[33.79385,27.27121],[33.79396,27.27117],[33.79407,27.27114],[33.79472,27.27094],[33.79529,27.27068],[33.79538,27.27065],[33.79548,27.27062],[33.79558,27.2706],[33.79567,27.27058],[33.79577,27.27057],[33.79587,27.27056],[33.79597,27.27057],[33.79607,27.27057],[33.79617,27.27059],[33.79626,27.27061],[33.79636,27.27063],[33.79718,27.2708],[33.7975,27.27085],[33.79792,27.2708],[33.79814,27.27073],[33.79835,27.2707],[33.79852,27.27067],[33.79865,27.2706],[33.79871,27.27043],[33.79875,27.27036],[33.79879,27.27029],[33.79884,27.27023],[33.79889,27.27017],[33.79895,27.27012],[33.79901,27.27007],[33.79908,27.27003],[33.79916,27.26999],[33.79923,27.26996],[33.7993,27.26994],[33.79938,27.26992],[33.79946,27.26992],[33.79954,27.26991],[33.79962,27.26992],[33.7999,27.26985],[33.80027,27.26973],[33.8006,27.26953],[33.80064,27.26941],[33.80076,27.26934],[33.80124,27.26919],[33.80151,27.26906],[33.80192,27.2689],[33.80222,27.26869],[33.80244,27.26846],[33.80241,27.2683],[33.80249,27.26817],[33.80264,27.26795],[33.80278,27.26775],[33.80286,27.26757],[33.80289,27.26743],[33.80302,27.26732],[33.80321,27.26721],[33.80417,27.26694],[33.80452,27.26715],[33.80488,27.26745],[33.80506,27.26743],[33.80528,27.26743],[33.80547,27.26731],[33.80563,27.2671],[33.80588,27.26721],[33.80584,27.26726],[33.80603,27.2674],[33.80602,27.26753],[33.80606,27.26761],[33.80618,27.26763],[33.8063,27.26756],[33.80632,27.26743],[33.80604,27.26718],[33.80613,27.26689],[33.80638,27.26684],[33.80683,27.26687],[33.8071,27.2669],[33.80727,27.26685],[33.80734,27.26665],[33.80701,27.2665],[33.80671,27.26618],[33.80658,27.26583],[33.80656,27.26553],[33.80637,27.26521],[33.80618,27.26493],[33.80609,27.26485],[33.80603,27.26475],[33.80609,27.26465],[33.80615,27.26459],[33.80621,27.26452],[33.80628,27.26447],[33.80636,27.26442],[33.80643,27.26437],[33.80651,27.26434],[33.8066,27.2643],[33.80668,27.26428],[33.80689,27.26425],[33.80699,27.26419],[33.80723,27.26421],[33.80743,27.26429],[33.80756,27.26437],[33.80765,27.26435],[33.80772,27.26422],[33.80765,27.26406],[33.80764,27.26395],[33.80762,27.26378],[33.80818,27.26337],[33.80814,27.26323],[33.80804,27.26306],[33.80799,27.26294],[33.80804,27.26282],[33.80806,27.26271],[33.80822,27.26249],[33.80841,27.26236],[33.80863,27.2623],[33.80886,27.26226],[33.80922,27.26224],[33.80945,27.26227],[33.80959,27.26232],[33.80962,27.2624],[33.80967,27.26248],[33.80971,27.26256],[33.80976,27.26263],[33.80982,27.26269],[33.80988,27.26275],[33.80995,27.26281],[33.8101,27.26288],[33.81022,27.26288],[33.81028,27.26283],[33.81028,27.26273],[33.81013,27.26268],[33.81008,27.26265],[33.81004,27.26261],[33.81,27.26257],[33.80996,27.26253],[33.80994,27.26248],[33.80991,27.26243],[33.80989,27.26238],[33.80988,27.26233],[33.80992,27.26218],[33.81005,27.26211],[33.81028,27.26205],[33.81043,27.26204],[33.81045,27.26197],[33.81059,27.26196],[33.81081,27.26196],[33.81103,27.26206],[33.81106,27.26221],[33.81113,27.26229],[33.81123,27.26226],[33.81125,27.26211],[33.81128,27.26199],[33.81128,27.26189],[33.81136,27.26194],[33.8115,27.26191],[33.81173,27.26184],[33.8119,27.26175],[33.81215,27.26159],[33.81227,27.26154],[33.81245,27.26157],[33.81258,27.26165],[33.81252,27.26261],[33.81244,27.26269],[33.81246,27.26275],[33.81249,27.26284],[33.81253,27.26295],[33.81253,27.26343],[33.8125,27.26352],[33.81244,27.26367],[33.81248,27.26382],[33.81259,27.26389],[33.81269,27.26385],[33.81284,27.2638],[33.81292,27.26372],[33.81292,27.26347],[33.8128,27.26259],[33.81272,27.26188],[33.81269,27.26164],[33.81273,27.26152],[33.81298,27.26148],[33.81333,27.26147],[33.81354,27.26152],[33.81356,27.26166],[33.81355,27.26208],[33.81357,27.26243],[33.81361,27.26271],[33.81354,27.26284],[33.81353,27.26298],[33.81351,27.26314],[33.81357,27.26319],[33.81369,27.26316],[33.81375,27.26308],[33.81373,27.263],[33.81368,27.26288],[33.81368,27.26283],[33.81372,27.26277],[33.81383,27.26268],[33.81398,27.26266],[33.81415,27.26268],[33.81426,27.26273],[33.8144,27.26271],[33.81457,27.26277],[33.81479,27.26288],[33.81496,27.26298],[33.81532,27.26332],[33.81557,27.26353],[33.81558,27.26382],[33.81555,27.26401],[33.81536,27.26453],[33.81529,27.26464],[33.81502,27.26477],[33.81468,27.26487],[33.81452,27.26495],[33.81443,27.26507],[33.81441,27.26519],[33.81437,27.26542],[33.81434,27.2657],[33.81438,27.26578],[33.8145,27.26589],[33.81469,27.26593],[33.81497,27.26592],[33.81508,27.2659],[33.81521,27.26585],[33.81531,27.26574],[33.81538,27.26551],[33.81535,27.26547],[33.81526,27.2655],[33.81514,27.26559],[33.81499,27.26558],[33.81486,27.26557],[33.81478,27.26555],[33.81475,27.26546],[33.81477,27.26531],[33.81487,27.26521],[33.81507,27.26512],[33.81522,27.26504],[33.81537,27.26499],[33.81545,27.26497],[33.8155,27.26504],[33.81554,27.26508],[33.81562,27.26505],[33.81572,27.26462],[33.81583,27.26365],[33.81585,27.26335],[33.81569,27.26333],[33.81566,27.26313],[33.81565,27.26293],[33.8157,27.26288],[33.81571,27.26283],[33.81568,27.26278],[33.81562,27.26273],[33.8156,27.26266],[33.81556,27.26251],[33.81556,27.26237],[33.81561,27.26223],[33.81569,27.26201],[33.81586,27.26196],[33.8161,27.26191],[33.81636,27.2619],[33.81656,27.26189],[33.81658,27.26224],[33.81662,27.26273],[33.81668,27.26329],[33.81672,27.26341],[33.81675,27.26345],[33.8168,27.2634],[33.81679,27.26328],[33.81678,27.26309],[33.81679,27.26276],[33.81679,27.26245],[33.81684,27.26215],[33.81701,27.26213],[33.81752,27.26214],[33.81779,27.26214],[33.81781,27.26266],[33.81788,27.26296],[33.81791,27.26304],[33.81794,27.26305],[33.81798,27.26304],[33.81802,27.26296],[33.81811,27.26207],[33.8183,27.26206],[33.81855,27.26204],[33.81876,27.26199],[33.81902,27.26197],[33.81918,27.26201],[33.81933,27.26211],[33.81942,27.26221],[33.81952,27.26239],[33.81959,27.26257],[33.81968,27.26277],[33.81979,27.26293],[33.8199,27.263],[33.82005,27.26307],[33.82017,27.26314],[33.82026,27.2632],[33.82033,27.26325],[33.82036,27.26324],[33.82032,27.26314],[33.82006,27.26296],[33.81994,27.26281],[33.81986,27.26261],[33.81969,27.26228],[33.81955,27.26197],[33.81973,27.26184],[33.81989,27.26171],[33.82008,27.26161],[33.82097,27.26273],[33.82108,27.26281],[33.82116,27.26301],[33.82125,27.26318],[33.82135,27.26321],[33.8214,27.26315],[33.82132,27.26304],[33.82131,27.26289],[33.82124,27.26276],[33.82111,27.26261],[33.8212,27.26248],[33.8214,27.2622],[33.82151,27.26217],[33.82161,27.26219],[33.82167,27.26223],[33.82197,27.26277],[33.82207,27.26274],[33.8217,27.26201],[33.82161,27.26176],[33.82158,27.26159],[33.82163,27.26148],[33.82167,27.26145],[33.82172,27.26143],[33.82178,27.26142],[33.82183,27.26141],[33.82188,27.26141],[33.82193,27.26142],[33.82198,27.26144],[33.82203,27.26146],[33.82207,27.26149],[33.8221,27.26173],[33.82212,27.26187],[33.82229,27.26222],[33.82252,27.26284],[33.82258,27.26283],[33.82243,27.26237],[33.82271,27.26225],[33.82269,27.26216],[33.82267,27.2621],[33.82275,27.26204],[33.82209,27.26059],[33.82241,27.2604],[33.82268,27.26015],[33.8236,27.25972],[33.82387,27.25952],[33.82433,27.25948],[33.82448,27.25948],[33.82464,27.25948],[33.82479,27.25948],[33.82494,27.25949],[33.8251,27.25951],[33.82525,27.25953],[33.8254,27.25956],[33.82555,27.2596],[33.8257,27.25963],[33.82584,27.25968],[33.8259,27.26035],[33.82597,27.26039],[33.82604,27.26035],[33.82597,27.2597],[33.82622,27.25964],[33.82661,27.25939],[33.82683,27.25935],[33.82703,27.25939],[33.82719,27.25942],[33.8272,27.25955],[33.82719,27.25971],[33.82719,27.25988],[33.82725,27.26009],[33.82737,27.26028],[33.82741,27.26053],[33.82753,27.26057],[33.82773,27.2606],[33.82796,27.26063],[33.82807,27.26068],[33.82811,27.26061],[33.82814,27.26056],[33.82826,27.26053],[33.82842,27.26053],[33.82846,27.26041],[33.82823,27.26037],[33.82802,27.26032],[33.82798,27.26003],[33.82805,27.25974],[33.82798,27.25925],[33.8282,27.25919],[33.82849,27.2592],[33.82871,27.25926],[33.82886,27.25934],[33.82877,27.25948],[33.82871,27.25988],[33.82864,27.25993],[33.82867,27.26017],[33.82877,27.26017],[33.82888,27.26021],[33.82897,27.26032],[33.82902,27.26042],[33.82928,27.2604],[33.82952,27.26033],[33.8297,27.26033],[33.82981,27.26028],[33.82987,27.26021],[33.83,27.26018],[33.83019,27.26016],[33.83039,27.26017],[33.83046,27.2602],[33.83055,27.26027],[33.83068,27.26027],[33.83073,27.26017],[33.83055,27.25997],[33.82984,27.25919],[33.8298,27.25854],[33.83069,27.25851],[33.83071,27.25943],[33.83124,27.25995],[33.83136,27.25997],[33.83164,27.25996],[33.83182,27.25993],[33.83189,27.25981],[33.83181,27.25971],[33.83161,27.25974],[33.83139,27.25974],[33.83127,27.25974],[33.83088,27.25936],[33.83089,27.25929],[33.8309,27.25923],[33.83091,27.25916],[33.83093,27.25909],[33.83096,27.25903],[33.83099,27.25897],[33.83103,27.25891],[33.83107,27.25886],[33.83112,27.25881],[33.83116,27.25877],[33.83123,27.25871],[33.8313,27.25867],[33.83138,27.25863],[33.83145,27.25859],[33.83153,27.25857],[33.83161,27.25855],[33.83169,27.25853],[33.83178,27.25852],[33.83186,27.25852],[33.83194,27.25853],[33.83202,27.25855],[33.8321,27.25856],[33.83229,27.25863],[33.83241,27.25876],[33.83247,27.25889],[33.83246,27.25898],[33.8323,27.25904],[33.83221,27.25908],[33.83222,27.25918],[33.83229,27.2592],[33.8326,27.25919],[33.83271,27.25926],[33.83282,27.25927],[33.83291,27.25922],[33.83273,27.25891],[33.83259,27.25864],[33.83262,27.25853],[33.83269,27.25849],[33.83276,27.25845],[33.83283,27.25841],[33.8329,27.25839],[33.83298,27.25837],[33.83306,27.25835],[33.83314,27.25834],[33.83321,27.25833],[33.83331,27.25833],[33.83358,27.2586],[33.83367,27.25857],[33.83352,27.25839],[33.83332,27.25811],[33.83374,27.25775],[33.83365,27.25769],[33.8332,27.25806],[33.83286,27.25768],[33.83348,27.25718],[33.83369,27.25738],[33.83375,27.25736],[33.83373,27.25726],[33.83367,27.25713],[33.83376,27.25701],[33.83395,27.25693],[33.83422,27.25719],[33.83434,27.25712],[33.83467,27.25684],[33.8346,27.25676],[33.83445,27.25684],[33.83431,27.25682],[33.83427,27.25677],[33.83429,27.25667],[33.83442,27.2565],[33.83459,27.25639],[33.83473,27.25641],[33.83485,27.25645],[33.83484,27.25635],[33.83472,27.25623],[33.83477,27.25608],[33.83483,27.2559],[33.83495,27.25578],[33.83505,27.25578],[33.83519,27.25583],[33.83523,27.25592],[33.83515,27.25604],[33.83499,27.25618],[33.83499,27.25622],[33.83512,27.25621],[33.83524,27.25611],[33.8354,27.25586],[33.83548,27.25575],[33.83595,27.25592],[33.83601,27.25581],[33.83557,27.25561],[33.8358,27.25518],[33.8359,27.25505],[33.83602,27.25479],[33.83614,27.25464],[33.83618,27.25454],[33.83622,27.25442],[33.83607,27.25435],[33.83599,27.25444],[33.83585,27.25441],[33.83572,27.25436],[33.8357,27.25431],[33.83576,27.25414],[33.83581,27.25398],[33.83568,27.25385],[33.83575,27.25371],[33.83584,27.25359],[33.83588,27.2535],[33.8358,27.2534],[33.83599,27.25316],[33.83606,27.25306],[33.83622,27.25291],[33.83688,27.25328],[33.83695,27.25322],[33.8364,27.25286],[33.8365,27.25269],[33.8363,27.25259],[33.83635,27.2525],[33.83647,27.25233],[33.83669,27.25217],[33.83683,27.25221],[33.83702,27.25235],[33.83723,27.25251],[33.83743,27.25266],[33.83751,27.25266],[33.8376,27.25262],[33.83763,27.25267],[33.83773,27.25259],[33.83763,27.25249],[33.83754,27.25233],[33.83761,27.25223],[33.83768,27.25219],[33.83776,27.2522],[33.83783,27.25217],[33.83801,27.2523],[33.83809,27.25222],[33.83792,27.25207],[33.83795,27.25197],[33.83804,27.25189],[33.83813,27.25187],[33.83828,27.25192],[33.83846,27.25192],[33.83861,27.25187],[33.83881,27.25174],[33.83894,27.25159],[33.83897,27.25129],[33.83892,27.25115],[33.83886,27.25104],[33.8389,27.25096],[33.83912,27.25111],[33.83923,27.25093],[33.83913,27.25085],[33.83902,27.25075],[33.83902,27.25068],[33.83914,27.25068],[33.83928,27.25073],[33.83971,27.25017],[33.83996,27.24989],[33.84005,27.24966],[33.84002,27.2494],[33.84003,27.24923],[33.84007,27.2491],[33.84025,27.24896],[33.84034,27.24881],[33.84053,27.24856],[33.84129,27.24808],[33.84153,27.24803],[33.84179,27.24816],[33.84198,27.2483],[33.84212,27.24838],[33.8424,27.24835],[33.84256,27.24826],[33.84269,27.24816],[33.8427,27.24806],[33.84264,27.24798],[33.84247,27.24799],[33.84229,27.24803],[33.84201,27.24797],[33.84172,27.24785],[33.84159,27.2477],[33.84157,27.24766],[33.84156,27.2476],[33.84155,27.24755],[33.84155,27.2475],[33.84156,27.24745],[33.84157,27.2474],[33.84159,27.24735],[33.84162,27.24731],[33.84165,27.24726],[33.84168,27.24723],[33.84172,27.24719],[33.84177,27.24716],[33.84212,27.24689],[33.84283,27.24611],[33.84284,27.24598],[33.8429,27.24588],[33.84307,27.24572],[33.84325,27.24565],[33.84345,27.24565],[33.8436,27.24571],[33.84363,27.24594],[33.84364,27.24616],[33.84365,27.24632],[33.8437,27.24648],[33.84517,27.24706],[33.84683,27.24764],[33.8473,27.24793],[33.8474,27.24797],[33.84832,27.24828],[33.8485,27.24829],[33.84871,27.24828],[33.84883,27.24821],[33.84888,27.2481],[33.84884,27.24801],[33.84875,27.24797],[33.84863,27.24797],[33.84781,27.24769],[33.84772,27.2474],[33.84782,27.2473],[33.84783,27.24715],[33.84764,27.24703],[33.84727,27.24691],[33.84716,27.24692],[33.84716,27.24702],[33.84725,27.24704],[33.84742,27.24711],[33.84758,27.24719],[33.84764,27.24727],[33.84752,27.24733],[33.84738,27.2473],[33.84722,27.24725],[33.84705,27.24715],[33.84693,27.24705],[33.84567,27.24663],[33.84562,27.24661],[33.84558,27.24659],[33.84554,27.24656],[33.8455,27.24653],[33.84547,27.24649],[33.84544,27.24645],[33.84541,27.24641],[33.84539,27.24636],[33.8454,27.24632],[33.84542,27.24628],[33.84544,27.24624],[33.84546,27.2462],[33.84549,27.24617],[33.84552,27.24615],[33.84556,27.24613],[33.8456,27.24611],[33.84564,27.2461],[33.8458,27.24611],[33.84741,27.24661],[33.84781,27.24673],[33.84801,27.24682],[33.8481,27.24682],[33.84827,27.24673],[33.84837,27.24676],[33.84853,27.24685],[33.84866,27.24693],[33.84878,27.24697],[33.84887,27.24674],[33.84895,27.24676],[33.84898,27.2467],[33.84887,27.24666],[33.84884,27.24659],[33.84883,27.24649],[33.84875,27.24641],[33.84865,27.24639],[33.84824,27.24626],[33.84814,27.24626],[33.848,27.2463],[33.84663,27.24583],[33.8468,27.24507],[33.84676,27.24496],[33.84646,27.24485],[33.84618,27.24469],[33.84589,27.24446],[33.84557,27.24433],[33.84436,27.24414],[33.84444,27.24405],[33.84464,27.24395],[33.84485,27.2438],[33.84503,27.24368],[33.84536,27.24359],[33.84559,27.24363],[33.84583,27.24327],[33.84478,27.24253],[33.84478,27.24246],[33.84481,27.24237],[33.84491,27.24227],[33.84499,27.24223],[33.84604,27.243],[33.84647,27.24251],[33.84674,27.24262],[33.84703,27.24279],[33.84818,27.24346],[33.84816,27.24351],[33.84816,27.24357],[33.84816,27.24363],[33.84817,27.24369],[33.84818,27.24375],[33.84821,27.2438],[33.84823,27.24386],[33.84826,27.24391],[33.8483,27.24396],[33.84834,27.244],[33.84839,27.24404],[33.84843,27.24408],[33.84849,27.24411],[33.84872,27.24409],[33.84889,27.24406],[33.84899,27.24401],[33.84911,27.24356],[33.84911,27.24351],[33.84909,27.24346],[33.84907,27.24341],[33.84904,27.24336],[33.84901,27.24332],[33.84897,27.24328],[33.84893,27.24325],[33.84888,27.24322],[33.84883,27.2432],[33.84878,27.24319],[33.84872,27.24318],[33.8484,27.24322],[33.84833,27.24327],[33.84828,27.24326],[33.84824,27.24316],[33.84712,27.24257],[33.84683,27.24247],[33.84678,27.24239],[33.84683,27.24224],[33.84689,27.24209],[33.84696,27.24193],[33.84702,27.24179],[33.8462,27.24106],[33.84625,27.24096],[33.84635,27.24085],[33.84647,27.24081],[33.847,27.24125],[33.84722,27.24143],[33.84743,27.24145],[33.84763,27.24141],[33.84776,27.24136],[33.84792,27.24125],[33.8481,27.24115],[33.84821,27.24114],[33.84832,27.24117],[33.84857,27.24129],[33.84871,27.24139],[33.84886,27.24166],[33.84904,27.24187],[33.84922,27.24188],[33.84937,27.24191],[33.84947,27.24179],[33.8496,27.2416],[33.84971,27.24152],[33.84976,27.2414],[33.84983,27.24045],[33.84965,27.24004],[33.84954,27.24],[33.84946,27.23996],[33.84937,27.23999],[33.8493,27.24008],[33.84954,27.24041],[33.84896,27.24068],[33.84885,27.24069],[33.84875,27.24065],[33.84868,27.24056],[33.84866,27.24048],[33.84866,27.24037],[33.84862,27.24024],[33.8485,27.24015],[33.84841,27.24014],[33.84832,27.23998],[33.84832,27.23986],[33.84838,27.23977],[33.84898,27.2395],[33.84904,27.23953],[33.8491,27.23962],[33.84915,27.23962],[33.84923,27.2396],[33.84928,27.23952],[33.84929,27.23945],[33.84918,27.23936],[33.8491,27.23935],[33.84911,27.23928],[33.84885,27.23921],[33.84889,27.23902],[33.84861,27.23896],[33.84857,27.2391],[33.84817,27.23894],[33.84742,27.23882],[33.84719,27.23873],[33.84715,27.23862],[33.84718,27.23842],[33.84726,27.23834],[33.84737,27.23834],[33.84764,27.23841],[33.84786,27.23845],[33.84804,27.23848],[33.8483,27.23854],[33.84856,27.23865],[33.84871,27.23872],[33.84884,27.23878],[33.84895,27.23877],[33.84907,27.23872],[33.84921,27.23866],[33.84929,27.23858],[33.84934,27.23839],[33.84933,27.23829],[33.84929,27.23819],[33.84924,27.23812],[33.84913,27.23803],[33.84899,27.23802],[33.84876,27.23806],[33.8486,27.23805],[33.8484,27.23806],[33.84829,27.23803],[33.84822,27.23797],[33.84806,27.23787],[33.84801,27.2378],[33.848,27.23773],[33.84809,27.23766],[33.84826,27.23765],[33.84837,27.2377],[33.84846,27.2377],[33.8486,27.23768],[33.84881,27.23773],[33.84902,27.23777],[33.8492,27.2378],[33.84941,27.23778],[33.84948,27.23766],[33.84947,27.23754],[33.84944,27.23741],[33.84936,27.23732],[33.8492,27.23729],[33.84911,27.23723],[33.84906,27.23713],[33.84903,27.23701],[33.84907,27.23687],[33.84909,27.23673],[33.8491,27.23662],[33.84914,27.23659],[33.84912,27.23654],[33.84902,27.23662],[33.8489,27.23662],[33.8488,27.2366],[33.84876,27.23656],[33.84872,27.23642],[33.84872,27.23627],[33.84881,27.23611],[33.84887,27.23601],[33.84881,27.23587],[33.84859,27.2358],[33.8484,27.23572],[33.84801,27.23553],[33.84771,27.23538],[33.84763,27.23522],[33.84759,27.23502],[33.84755,27.2348],[33.84767,27.2347],[33.84862,27.23478],[33.8489,27.23503],[33.84909,27.23496],[33.84877,27.23409],[33.84861,27.23409],[33.84855,27.23461],[33.84805,27.23456],[33.84793,27.23439],[33.84791,27.23414],[33.84796,27.23403],[33.84797,27.23391],[33.8474,27.23351],[33.8472,27.23288],[33.8473,27.23263],[33.84808,27.23295],[33.84817,27.2328],[33.84726,27.2324],[33.84716,27.23254],[33.8472,27.23257],[33.84711,27.23277],[33.84704,27.23274],[33.84682,27.23261],[33.84669,27.23252],[33.84687,27.2324],[33.84681,27.23229],[33.84661,27.23238],[33.8465,27.23227],[33.8464,27.232],[33.8466,27.23187],[33.8466,27.23182],[33.84654,27.23181],[33.84641,27.2318],[33.84635,27.23165],[33.8464,27.23154],[33.84636,27.23148],[33.84592,27.23109],[33.84504,27.23023],[33.84491,27.23019],[33.84484,27.23027],[33.84467,27.23033],[33.84443,27.23031],[33.84428,27.2302],[33.84419,27.23013],[33.84406,27.2302],[33.84396,27.23023],[33.84394,27.23005],[33.84387,27.22997],[33.84372,27.22995],[33.84359,27.22995],[33.84332,27.23001],[33.84328,27.22993],[33.84339,27.22978],[33.84357,27.22954],[33.8434,27.22944],[33.84323,27.22962],[33.84305,27.22975],[33.84291,27.22973],[33.84283,27.22959],[33.84277,27.22941],[33.84275,27.22926],[33.84279,27.22918],[33.84274,27.22875],[33.84279,27.22866],[33.84369,27.228],[33.8434,27.22769],[33.84331,27.22775],[33.84351,27.22802],[33.84257,27.22862],[33.84235,27.22837],[33.84227,27.22819],[33.84329,27.22754],[33.84406,27.22701],[33.84405,27.22674],[33.84394,27.22666],[33.84376,27.22669],[33.84369,27.22662],[33.84326,27.22672],[33.84311,27.22633],[33.84312,27.22607],[33.84314,27.22483],[33.8432,27.22483],[33.84323,27.22446],[33.84323,27.22443],[33.84322,27.2244],[33.84321,27.22436],[33.8432,27.22434],[33.84318,27.22431],[33.84316,27.22429],[33.84313,27.22427],[33.8431,27.22426],[33.84307,27.22425],[33.84304,27.22425],[33.84299,27.22424],[33.84295,27.22424],[33.8429,27.22425],[33.84286,27.22426],[33.84282,27.22428],[33.84278,27.22431],[33.84274,27.22434],[33.84272,27.22437],[33.84269,27.22441],[33.84268,27.22445],[33.84267,27.2245],[33.84267,27.22455],[33.84267,27.22459],[33.84289,27.22459],[33.84288,27.22474],[33.84268,27.22477],[33.84267,27.22485],[33.84296,27.22485],[33.84292,27.22635],[33.84324,27.22729],[33.84268,27.22767],[33.8426,27.22756],[33.84258,27.22748],[33.84255,27.22741],[33.84252,27.22734],[33.84248,27.22727],[33.84244,27.22721],[33.8424,27.22715],[33.84235,27.22709],[33.84229,27.22704],[33.84225,27.22689],[33.84237,27.22688],[33.8424,27.22682],[33.84185,27.22684],[33.84162,27.22659],[33.84143,27.22629],[33.84132,27.22601],[33.84226,27.22591],[33.84226,27.22582],[33.84126,27.22591],[33.84123,27.22574],[33.84119,27.22534],[33.84226,27.22522],[33.84228,27.22513],[33.84116,27.22523],[33.84109,27.22465],[33.84228,27.22452],[33.84227,27.22443],[33.84107,27.22455],[33.841,27.224],[33.8411,27.22398],[33.84107,27.22385],[33.84275,27.2237],[33.84277,27.22391],[33.8429,27.22391],[33.84302,27.22384],[33.84304,27.22369],[33.84298,27.22353],[33.84254,27.22347],[33.84222,27.22341],[33.84211,27.22326],[33.84206,27.22296],[33.84213,27.22276],[33.84224,27.22271],[33.84249,27.22264],[33.84241,27.22258],[33.84214,27.22256],[33.84204,27.22244],[33.84211,27.22201],[33.84219,27.22168],[33.84237,27.22144],[33.84239,27.22113],[33.84242,27.22106],[33.84254,27.22104],[33.84269,27.22103],[33.84285,27.221],[33.84287,27.22086],[33.84272,27.22071],[33.84259,27.2207],[33.84242,27.22087],[33.84215,27.22087],[33.84175,27.22077],[33.84163,27.2205],[33.84164,27.22018],[33.84163,27.21998],[33.84175,27.21978],[33.8419,27.21967],[33.84207,27.21965],[33.84226,27.21976],[33.84252,27.21985],[33.84272,27.21982],[33.84283,27.21967],[33.84278,27.21953],[33.84292,27.2194],[33.8428,27.21937],[33.84267,27.21944],[33.84243,27.21946],[33.84201,27.21939],[33.84199,27.2189],[33.84213,27.2186],[33.8419,27.21855],[33.84188,27.21839],[33.84195,27.21821],[33.84209,27.21792],[33.84222,27.21766],[33.84209,27.21756],[33.84236,27.21715],[33.84258,27.21673],[33.84231,27.21658],[33.84199,27.21642],[33.84215,27.21622],[33.84256,27.2164],[33.84275,27.21648],[33.84287,27.21638],[33.84285,27.21615],[33.84277,27.21596],[33.84266,27.21576],[33.84251,27.21569],[33.84252,27.21561],[33.84264,27.21556],[33.84273,27.21562],[33.84277,27.21547],[33.84256,27.21537],[33.84241,27.21523],[33.84257,27.21484],[33.84265,27.21467],[33.8429,27.21476],[33.84302,27.21466],[33.84295,27.2146],[33.84292,27.21466],[33.84278,27.21456],[33.84266,27.21442],[33.84267,27.21425],[33.84269,27.21414],[33.84283,27.2139],[33.84267,27.21377],[33.84251,27.21371],[33.8426,27.21353],[33.84269,27.21337],[33.84268,27.21321],[33.84276,27.21314],[33.84296,27.2129],[33.84308,27.21284],[33.84327,27.21304],[33.84353,27.21322],[33.84367,27.2131],[33.84349,27.21297],[33.84318,27.21268],[33.84323,27.21266],[33.84349,27.21248],[33.8437,27.21236],[33.84384,27.21247],[33.84404,27.21249],[33.844,27.21233],[33.84386,27.21222],[33.84385,27.21196],[33.84404,27.21204],[33.84425,27.21225],[33.84437,27.21217],[33.8443,27.2119],[33.84444,27.2119],[33.84444,27.21165],[33.84458,27.21143],[33.84468,27.2113],[33.84442,27.21095],[33.84425,27.21077],[33.84426,27.21068],[33.84446,27.2105],[33.84499,27.21015],[33.84517,27.21019],[33.84531,27.21031],[33.84562,27.21053],[33.84582,27.21064],[33.84583,27.2104],[33.84572,27.21025],[33.84588,27.21024],[33.84615,27.21033],[33.84635,27.21015],[33.84671,27.2101],[33.84681,27.20996],[33.84686,27.20975],[33.84684,27.20954],[33.84684,27.20935],[33.84695,27.20922],[33.84706,27.20912],[33.84716,27.20895],[33.84715,27.20877],[33.84699,27.20855],[33.84688,27.20841],[33.84704,27.2081],[33.84766,27.20743],[33.84782,27.20744],[33.84809,27.20758],[33.84841,27.20765],[33.84862,27.20754],[33.84878,27.2073],[33.84878,27.2071],[33.84855,27.2071],[33.84837,27.20725],[33.84817,27.20719],[33.84801,27.20707],[33.84805,27.20687],[33.84821,27.20666],[33.84852,27.2064],[33.84871,27.20633],[33.84888,27.20634],[33.84892,27.20646],[33.84898,27.20656],[33.84916,27.20639],[33.84922,27.20622],[33.8492,27.20608],[33.84913,27.2059],[33.84925,27.20581],[33.84947,27.20572],[33.84949,27.20556],[33.84952,27.20545],[33.84969,27.20526],[33.84993,27.20482],[33.85006,27.20455],[33.85004,27.20417],[33.85003,27.20394],[33.85012,27.20356],[33.85032,27.20324],[33.85067,27.20303],[33.85101,27.20307],[33.85113,27.20295],[33.85109,27.20278],[33.85108,27.20264],[33.85121,27.20231],[33.85128,27.20213],[33.85118,27.20193],[33.8511,27.20178],[33.8512,27.20166],[33.8515,27.20148],[33.85162,27.20138],[33.85187,27.20143],[33.85207,27.20141],[33.85212,27.20106],[33.85212,27.20085],[33.85203,27.20083],[33.85194,27.20092],[33.85181,27.20084],[33.85171,27.2007],[33.85169,27.20054],[33.85186,27.20045],[33.85167,27.2004],[33.8514,27.2004],[33.85122,27.20038],[33.85117,27.20022],[33.85125,27.20011],[33.85159,27.20001],[33.85155,27.19986],[33.85124,27.19993],[33.85114,27.19975],[33.85078,27.19925],[33.85023,27.19875],[33.84993,27.1985],[33.8497,27.19796],[33.84953,27.19774],[33.84976,27.19755],[33.84989,27.19737],[33.84981,27.19733],[33.84969,27.1974],[33.84947,27.19746],[33.84928,27.19733],[33.84927,27.19718],[33.84907,27.19713],[33.84892,27.19726],[33.84863,27.19735],[33.84825,27.19736],[33.84799,27.1975],[33.84787,27.19765],[33.84755,27.19768],[33.84709,27.19772],[33.8469,27.19765],[33.84654,27.19761],[33.84613,27.19754],[33.84591,27.19752],[33.84568,27.19744],[33.8455,27.19741],[33.84542,27.19726],[33.84544,27.19697],[33.84624,27.19584],[33.84616,27.19565],[33.84583,27.19604],[33.84555,27.19647],[33.84523,27.19652],[33.84506,27.19632],[33.8452,27.19596],[33.84509,27.1958],[33.84483,27.19558],[33.84452,27.19558],[33.84456,27.1958],[33.84483,27.19591],[33.84496,27.19605],[33.84487,27.19627],[33.84459,27.19622],[33.84432,27.19612],[33.84394,27.19604],[33.84358,27.19594],[33.84326,27.19581],[33.84294,27.1956],[33.84264,27.1954],[33.84231,27.19539],[33.84192,27.19531],[33.84165,27.19541],[33.84131,27.19533],[33.84092,27.19506],[33.84052,27.19469],[33.84002,27.19407],[33.83945,27.1936],[33.83873,27.19302],[33.83828,27.19285],[33.83803,27.19261],[33.8361,27.19261],[33.81973,27.19261],[33.81974,27.23581],[33.79931,27.25126],[33.77757,27.26769],[33.78407,27.27455],[33.78421,27.27445]]]},"properties":{"name":"HURGHADA","status":"CURRENT","country":"Egypt","area_sqkm":"25.570643167621515","shore_status":"BOTH"}},{"type":"Feature","id":"mps_mapping_block.f35b12ed-a3e5-4e3c-96ea-c4b41cdc966b","geometry":{"type":"Polygon","coordinates":[[[33.0,35.67428],[33.0,35.75],[33.25,35.75],[33.25,35.68578],[33.18648,35.68335],[33.0,35.67428]]]},"properties":{"name":"R30, R31","status":"CURRENT","country":"Turkiye","area_sqkm":"175.065277241188","shore_status":"OFFSHORE"}},{"type":"Feature","id":"mps_mapping_block.d716e03c-4085-4671-a2bb-a250beffb43b","geometry":{"type":"Polygon","coordinates":[[[34.5,35.89074],[34.5,36.0],[34.75,36.0],[34.75,35.868],[34.74661,35.8699],[34.67784,35.89988],[34.61965,35.90834],[34.54595,35.90552],[34.5,35.89074]]]},"properties":{"name":"R32, R33","status":"CURRENT","country":"Turkiye","area_sqkm":"255.17989441644","shore_status":"OFFSHORE"}},{"type":"Feature","id":"mps_mapping_block.e71c0053-acd3-4d46-99b8-31b8b6c481b0","geometry":{"type":"Polygon","coordinates":[[[33.0,35.75],[33.0,35.87824],[33.01712,35.87466],[33.12415,35.87308],[33.18392,35.8856],[33.25,35.92317],[33.25,35.75],[33.0,35.75]]]},"properties":{"name":"R30, R31","status":"CURRENT","country":"Turkiye","area_sqkm":"334.357919755539","shore_status":"OFFSHORE"}},{"type":"Feature","id":"mps_mapping_block.e432e7f8-d77f-4376-992c-1517fd91cdea","geometry":{"type":"Polygon","coordinates":[[[35.5,35.87068],[35.5,36.0],[35.75,36.0],[35.75,35.905],[35.73367,35.9027],[35.5,35.87068]]]},"properties":{"name":"R34, R35","status":"CURRENT","country":"Turkiye","area_sqkm":"280.816524833089","shore_status":"OFFSHORE"}},{"type":"Feature","id":"mps_mapping_block.e8139c47-1945-4733-894c-4d8eccc8118a","geometry":{"type":"Polygon","coordinates":[[[34.66667,34.02917],[34.66667,33.88333],[34.63333,33.88333],[34.63333,33.66667],[34.46667,33.66667],[34.46667,33.57771],[34.15833,33.57771],[34.15833,33.66667],[33.9149,33.66821],[34.04734,33.86044],[34.2973,33.99162],[34.33815,34.02917],[34.66667,34.02917]]]},"properties":{"name":"BLOCK 5","status":"OPEN","country":"Lebanon","area_sqkm":"2371.86144587882","shore_status":"OFFSHORE"}},{"type":"Feature","id":"mps_mapping_block.ea0ef3fa-a17c-4660-9055-e5839f1438c0","geometry":{"type":"Polygon","coordinates":[[[34.25,36.0],[34.25,36.17067],[34.26409,36.17883],[34.3068,36.25],[34.5,36.25],[34.5,36.0],[34.25,36.0]]]},"properties":{"name":"O33, P32, P33","status":"CURRENT","country":"Turkiye","area_sqkm":"598.508062602324","shore_status":"OFFSHORE"}},{"type":"Feature","id":"mps_mapping_block.ed66b5a5-91da-43cd-bda3-76c40b2fd051","geometry":{"type":"Polygon","coordinates":[[[34.33333,34.16667],[34.33328,34.93234],[34.93337,34.93241],[34.93351,34.75439],[34.88333,34.65],[34.73333,34.38333],[34.48333,34.16667],[34.33333,34.16667]]]},"properties":{"name":"BLOCK 3","status":"CURRENT","country":"Cyprus","area_sqkm":"3593.63740134731","shore_status":"OFFSHORE"}},{"type":"Feature","id":"mps_mapping_block.f02d9e1a-b839-4c6f-908c-5801676865f0","geometry":{"type":"Polygon","coordinates":[[[35.33333,34.7731],[35.33333,34.58333],[35.21667,34.58333],[35.21667,34.36667],[35.11667,34.36667],[34.70892,34.36667],[34.73333,34.38889],[34.89722,34.65833],[34.93333,34.75],[34.97053,34.845],[35.33333,34.7731]]]},"properties":{"name":"BLOCK 1","status":"OPEN","country":"Lebanon","area_sqkm":"1928.14213349875","shore_status":"OFFSHORE"}},{"type":"Feature","id":"mps_mapping_block.f232e19a-d528-46ce-ae58-3b33f7dc09d0","geometry":{"type":"Polygon","coordinates":[[[35.91904,34.61423],[35.91433,34.55123],[35.72396,34.54504],[35.66436,34.36667],[35.21667,34.36667],[35.21667,34.58333],[35.33333,34.58333],[35.33333,34.7731],[35.52087,34.73547],[35.6151,34.70726],[35.67451,34.68597],[35.72272,34.67122],[35.75411,34.66181],[35.77639,34.64878],[35.79967,34.63267],[35.82189,34.61647],[35.83961,34.60067],[35.91904,34.61423]]]},"properties":{"name":"BLOCK 2","status":"OPEN","country":"Lebanon","area_sqkm":"1796.76460130136","shore_status":"OFFSHORE"}},{"type":"Feature","id":"mps_mapping_block.f4fa0fb7-c4ee-4fb2-a48f-06c69d86fdcf","geometry":{"type":"Polygon","coordinates":[[[35.41843,33.95002],[35.36819,33.74072],[35.31667,33.6],[35.0,33.6],[35.0,33.83333],[35.11667,33.83333],[35.11667,33.95],[35.41843,33.95002]]]},"properties":{"name":"BLOCK 7","status":"OPEN","country":"Lebanon","area_sqkm":"1200.91566109979","shore_status":"OFFSHORE"}},{"type":"Feature","id":"mps_mapping_block.f6bc9d75-be82-46f0-bca2-750dbbd0f5a0","geometry":{"type":"Polygon","coordinates":[[[33.25,35.68578],[33.25,35.75],[33.5,35.75],[33.5,35.68628],[33.49822,35.68617],[33.37832,35.68335],[33.32507,35.68864],[33.25,35.68578]]]},"properties":{"name":"R30, R31","status":"CURRENT","country":"Turkiye","area_sqkm":"161.301809410638","shore_status":"OFFSHORE"}},{"type":"Feature","id":"mps_mapping_block.f78123e5-4906-4091-ad04-ec98f9651b83","geometry":{"type":"Polygon","coordinates":[[[34.75,36.56749],[34.7782,36.55104],[34.7955,36.54565],[34.80153,36.54276],[34.86289,36.52513],[34.92006,36.52007],[34.95135,36.5],[34.75,36.5],[34.75,36.56749]]]},"properties":{"name":"","status":"OPEN","country":"Turkiye","area_sqkm":"64.1883411538596","shore_status":"OFFSHORE"}},{"type":"Feature","id":"mps_mapping_block.fb001755-c84b-4574-8d92-f23f71c78ca4","geometry":{"type":"Polygon","coordinates":[[[33.75,35.70086],[33.75,35.75],[34.0,35.75],[34.0,35.72628],[33.99617,35.72567],[33.88896,35.70804],[33.75213,35.70098],[33.75,35.70086]]]},"properties":{"name":"R30, R31","status":"CURRENT","country":"Turkiye","area_sqkm":"100.206205580963","shore_status":"OFFSHORE"}},{"type":"Feature","id":"mps_mapping_block.eb36a41f-c8b0-46c1-8be2-0e60a615588e","geometry":{"type":"Polygon","coordinates":[[[35.24908,41.37421],[35.24908,41.24921],[35.12429,41.24921],[34.99949,41.24921],[34.99949,41.37421],[34.99949,41.49921],[35.12429,41.49921],[35.24908,41.49921],[35.24908,41.37421]]]},"properties":{"name":"F34A","status":"OPEN","country":"Turkiye","area_sqkm":"579.736374872711","shore_status":"ONSHORE"}},{"type":"Feature","id":"mps_mapping_block.b63d4eef-3c3a-432e-8a3a-34f0b4711f40","geometry":{"type":"Polygon","coordinates":[[[33.5,43.0],[33.5,43.20686],[33.50069,43.20679],[33.60226,43.19551],[33.75,43.19551],[33.75,43.0],[33.5,43.0]]]},"properties":{"name":"B30, B31","status":"CURRENT","country":"Turkiye","area_sqkm":"447.229768223781","shore_status":"OFFSHORE"}},{"type":"Feature","id":"mps_mapping_block.90aa9b21-058b-4d69-92ab-535951c216bf","geometry":{"type":"Polygon","coordinates":[[[34.2497,41.62421],[34.2497,41.49921],[34.12491,41.49921],[33.9991,41.49921],[33.9991,41.62421],[33.9991,41.74842],[34.12491,41.74842],[34.2497,41.74842],[34.2497,41.62421]]]},"properties":{"name":"E32D","status":"OPEN","country":"Turkiye","area_sqkm":"578.053763281326","shore_status":"ONSHORE"}},{"type":"Feature","id":"mps_mapping_block.85bfcde0-0724-4939-8e73-62adfc546371","geometry":{"type":"Polygon","coordinates":[[[34.7499,41.87421],[34.7499,41.74842],[34.62409,41.74842],[34.49929,41.74842],[34.49929,41.87421],[34.49929,41.99842],[34.62409,41.99842],[34.7499,41.99842],[34.7499,41.87421]]]},"properties":{"name":"E33A","status":"OPEN","country":"Turkiye","area_sqkm":"577.678725198952","shore_status":"BOTH"}},{"type":"Feature","id":"mps_mapping_block.a8fa03fd-3d99-4f22-a47a-a3e9c6eac301","geometry":{"type":"Polygon","coordinates":[[[35.0,43.0],[35.0,43.25],[35.0,43.33606],[35.25,43.38453],[35.4974,43.43249],[35.5,43.4325],[35.75,43.43366],[36.0,43.43481],[36.0,43.25],[36.0,43.0],[35.75,43.0],[35.5,43.0],[35.25,43.0],[35.0,43.0]]]},"properties":{"name":"B34, B35","status":"CURRENT","country":"Turkiye","area_sqkm":"3693.5463491956","shore_status":"OFFSHORE"}},{"type":"Feature","id":"mps_mapping_block.69423876-cb2e-4b3f-b799-cf22bda21eb4","geometry":{"type":"Polygon","coordinates":[[[33.75,42.25],[33.75,42.5],[34.0,42.5],[34.0,42.25],[33.75,42.25]]]},"properties":{"name":"C30, C31, D30, D31","status":"CURRENT","country":"Turkiye","area_sqkm":"571.804088982529","shore_status":"OFFSHORE"}},{"type":"Feature","id":"mps_mapping_block.1d415f72-f6ba-4be9-8bfb-3355bd7810f3","geometry":{"type":"Polygon","coordinates":[[[36.24948,37.87421],[36.24948,37.74921],[36.12468,37.74921],[35.99989,37.74921],[35.99989,37.87421],[35.99989,37.99921],[36.12468,37.99921],[36.24948,37.99921],[36.24948,37.87421]]]},"properties":{"name":"M36A","status":"OPEN","country":"Turkiye","area_sqkm":"609.345547994019","shore_status":"ONSHORE"}},{"type":"Feature","id":"mps_mapping_block.48642578-e9f4-4a43-84c6-f899156e36cb","geometry":{"type":"Polygon","coordinates":[[[35.99989,37.37421],[35.99989,37.24921],[35.87408,37.24921],[35.74928,37.24921],[35.74928,37.37421],[35.74928,37.49921],[35.87408,37.49921],[35.99989,37.49921],[35.99989,37.37421]]]},"properties":{"name":"N35B","status":"OPEN","country":"Turkiye","area_sqkm":"615.868257000214","shore_status":"ONSHORE"}},{"type":"Feature","id":"mps_mapping_block.15c7da25-d4e8-4a30-8628-5f46fda08903","geometry":{"type":"Polygon","coordinates":[[[35.24908,38.12421],[35.24908,37.99921],[35.12429,37.99921],[34.99949,37.99921],[34.99949,38.12421],[34.99949,38.24921],[35.12429,38.24921],[35.24908,38.24921],[35.24908,38.12421]]]},"properties":{"name":"L34D","status":"OPEN","country":"Turkiye","area_sqkm":"607.306385864662","shore_status":"ONSHORE"}},{"type":"Feature","id":"mps_mapping_block.1b109932-95ba-4f1c-9e50-cd0d6e19144a","geometry":{"type":"Polygon","coordinates":[[[35.74928,38.37342],[35.74928,38.24921],[35.62448,38.24921],[35.49969,38.24921],[35.49969,38.37342],[35.49969,38.49921],[35.62448,38.49921],[35.74928,38.49921],[35.74928,38.37342]]]},"properties":{"name":"L35A","status":"OPEN","country":"Turkiye","area_sqkm":"605.260351612595","shore_status":"ONSHORE"}},{"type":"Feature","id":"mps_mapping_block.2cc6ca9c-ccf7-4135-9409-4a5e516e7194","geometry":{"type":"Polygon","coordinates":[[[35.24908,38.37342],[35.24908,38.24921],[35.12429,38.24921],[34.99949,38.24921],[34.99949,38.37342],[34.99949,38.49921],[35.12429,38.49921],[35.24908,38.49921],[35.24908,38.37342]]]},"properties":{"name":"L34A","status":"OPEN","country":"Turkiye","area_sqkm":"605.255501634605","shore_status":"ONSHORE"}},{"type":"Feature","id":"mps_mapping_block.559a228e-cd80-4eec-bb03-a9724e48f3fb","geometry":{"type":"Polygon","coordinates":[[[34.7499,41.12421],[34.7499,40.99921],[34.62409,40.99921],[34.49929,40.99921],[34.49929,41.12421],[34.49929,41.24921],[34.62409,41.24921],[34.7499,41.24921],[34.7499,41.12421]]]},"properties":{"name":"F33D","status":"OPEN","country":"Turkiye","area_sqkm":"584.298633129128","shore_status":"ONSHORE"}},{"type":"Feature","id":"mps_mapping_block.0ccf072e-76ca-48b4-a000-2fa51b38f4ae","geometry":{"type":"Polygon","coordinates":[[[33.74951,40.87342],[33.74951,40.74921],[33.62471,40.74921],[33.49992,40.74921],[33.49992,40.87342],[33.49992,40.99921],[33.62471,40.99921],[33.74951,40.99921],[33.74951,40.87342]]]},"properties":{"name":"G31A","status":"OPEN","country":"Turkiye","area_sqkm":"584.111963538071","shore_status":"ONSHORE"}},{"type":"Feature","id":"mps_mapping_block.28ffbdc3-15ee-4683-90da-ed0d4b86abc7","geometry":{"type":"Polygon","coordinates":[[[34.2497,41.12421],[34.2497,40.99921],[34.12491,40.99921],[33.9991,40.99921],[33.9991,41.12421],[33.9991,41.24921],[34.12491,41.24921],[34.2497,41.24921],[34.2497,41.12421]]]},"properties":{"name":"F32D","status":"OPEN","country":"Turkiye","area_sqkm":"584.289306959816","shore_status":"ONSHORE"}},{"type":"Feature","id":"mps_mapping_block.42afb900-4462-4dda-b83d-53d364c0aa01","geometry":{"type":"Polygon","coordinates":[[[34.2497,41.37421],[34.2497,41.24921],[34.12491,41.24921],[33.9991,41.24921],[33.9991,41.37421],[33.9991,41.49921],[34.12491,41.49921],[34.2497,41.49921],[34.2497,41.37421]]]},"properties":{"name":"F32A","status":"OPEN","country":"Turkiye","area_sqkm":"582.084670004601","shore_status":"ONSHORE"}},{"type":"Feature","id":"mps_mapping_block.152c51c6-1aa8-430a-afb7-ee120cf32321","geometry":{"type":"Polygon","coordinates":[[[33.24931,39.12421],[33.24931,38.99921],[33.12452,38.99921],[32.99972,38.99921],[32.99972,39.12421],[32.99972,39.24921],[33.12452,39.24921],[33.24931,39.24921],[33.24931,39.12421]]]},"properties":{"name":"J30D","status":"OPEN","country":"Turkiye","area_sqkm":"599.035261088913","shore_status":"ONSHORE"}},{"type":"Feature","id":"mps_mapping_block.1ab1ed8c-b764-4b73-8d48-6c69968bff1a","geometry":{"type":"Polygon","coordinates":[[[33.49992,41.12421],[33.49992,40.99921],[33.3741,40.99921],[33.24931,40.99921],[33.24931,41.12421],[33.24931,41.24921],[33.3741,41.24921],[33.49992,41.24921],[33.49992,41.12421]]]},"properties":{"name":"F30C","status":"OPEN","country":"Turkiye","area_sqkm":"584.298633129082","shore_status":"ONSHORE"}},{"type":"Feature","id":"mps_mapping_block.86ea53ea-549d-4310-83ec-1a4c9e84efa7","geometry":{"type":"Polygon","coordinates":[[[33.9991,40.37421],[33.9991,40.24921],[33.8743,40.24921],[33.74951,40.24921],[33.74951,40.37421],[33.74951,40.49921],[33.8743,40.49921],[33.9991,40.49921],[33.9991,40.37421]]]},"properties":{"name":"H31B","status":"OPEN","country":"Turkiye","area_sqkm":"588.432963540756","shore_status":"ONSHORE"}},{"type":"Feature","id":"mps_mapping_block.1b76f75d-5232-4c83-ac48-a1a4bf7ea635","geometry":{"type":"Polygon","coordinates":[[[35.99989,37.87421],[35.99989,37.74921],[35.87408,37.74921],[35.74928,37.74921],[35.74928,37.87421],[35.74928,37.99921],[35.87408,37.99921],[35.99989,37.99921],[35.99989,37.87421]]]},"properties":{"name":"M35B","status":"OPEN","country":"Turkiye","area_sqkm":"611.816220539688","shore_status":"ONSHORE"}},{"type":"Feature","id":"mps_mapping_block.2579507d-5b04-4cf1-843f-7bd95c1bf447","geometry":{"type":"Polygon","coordinates":[[[35.49969,39.37421],[35.49969,39.24921],[35.37489,39.24921],[35.24908,39.24921],[35.24908,39.37421],[35.24908,39.49842],[35.37489,39.49842],[35.49969,39.49842],[35.49969,39.37421]]]},"properties":{"name":"J34B","status":"OPEN","country":"Turkiye","area_sqkm":"597.465125585342","shore_status":"ONSHORE"}},{"type":"Feature","id":"mps_mapping_block.28749a66-fd60-4fc5-b7ff-95f468829438","geometry":{"type":"Polygon","coordinates":[[[33.49992,40.87342],[33.49992,40.74921],[33.3741,40.74921],[33.24931,40.74921],[33.24931,40.87342],[33.24931,40.99921],[33.3741,40.99921],[33.49992,40.99921],[33.49992,40.87342]]]},"properties":{"name":"G30B","status":"OPEN","country":"Turkiye","area_sqkm":"586.484993912018","shore_status":"ONSHORE"}},{"type":"Feature","id":"mps_mapping_block.2f77dc9c-be50-40f1-b261-d95b2714f7b2","geometry":{"type":"Polygon","coordinates":[[[33.24931,40.12421],[33.24931,39.99842],[33.12452,39.99842],[32.99972,39.99842],[32.99972,40.12421],[32.99972,40.24921],[33.12452,40.24921],[33.24931,40.24921],[33.24931,40.12421]]]},"properties":{"name":"H30D","status":"OPEN","country":"Turkiye","area_sqkm":"592.453082128098","shore_status":"ONSHORE"}},{"type":"Feature","id":"mps_mapping_block.324959d8-4714-475a-91f2-c29515b167c5","geometry":{"type":"Polygon","coordinates":[[[35.49969,38.37342],[35.49969,38.24921],[35.37489,38.24921],[35.24908,38.24921],[35.24908,38.37342],[35.24908,38.49921],[35.37489,38.49921],[35.49969,38.49921],[35.49969,38.37342]]]},"properties":{"name":"L34B","status":"OPEN","country":"Turkiye","area_sqkm":"607.716865460327","shore_status":"ONSHORE"}},{"type":"Feature","id":"mps_mapping_block.33878d46-0f7d-4f39-ac63-bb63cf69bdf4","geometry":{"type":"Polygon","coordinates":[[[33.49992,40.12421],[33.49992,39.99842],[33.3741,39.99842],[33.24931,39.99842],[33.24931,40.12421],[33.24931,40.24921],[33.3741,40.24921],[33.49992,40.24921],[33.49992,40.12421]]]},"properties":{"name":"H30C","status":"OPEN","country":"Turkiye","area_sqkm":"594.859999449715","shore_status":"ONSHORE"}},{"type":"Feature","id":"mps_mapping_block.34570965-cbeb-43f9-9a06-9e82fc3d2875","geometry":{"type":"Polygon","coordinates":[[[35.24908,38.87342],[35.24908,38.74921],[35.12429,38.74921],[34.99949,38.74921],[34.99949,38.87342],[34.99949,38.99921],[35.12429,38.99921],[35.24908,38.99921],[35.24908,38.87342]]]},"properties":{"name":"K34A","status":"OPEN","country":"Turkiye","area_sqkm":"601.118704499115","shore_status":"ONSHORE"}},{"type":"Feature","id":"mps_mapping_block.3460be91-ecfc-4b32-b5e6-72644e1d4d5f","geometry":{"type":"Polygon","coordinates":[[[33.49992,39.87421],[33.49992,39.74842],[33.3741,39.74842],[33.24931,39.74842],[33.24931,39.87421],[33.24931,39.99842],[33.3741,39.99842],[33.49992,39.99842],[33.49992,39.87421]]]},"properties":{"name":"I30B","status":"OPEN","country":"Turkiye","area_sqkm":"595.123073785126","shore_status":"ONSHORE"}},{"type":"Feature","id":"mps_mapping_block.3509e740-f18b-4c5b-9b21-1181b25f9359","geometry":{"type":"Polygon","coordinates":[[[33.49992,38.37342],[33.49992,38.24921],[33.3741,38.24921],[33.24931,38.24921],[33.24931,38.37342],[33.24931,38.49921],[33.3741,38.49921],[33.49992,38.49921],[33.49992,38.37342]]]},"properties":{"name":"L30B","status":"OPEN","country":"Turkiye","area_sqkm":"607.716865460319","shore_status":"ONSHORE"}},{"type":"Feature","id":"mps_mapping_block.3a1acd58-6219-453b-9a7f-a903d9b87293","geometry":{"type":"Polygon","coordinates":[[[33.74951,39.87421],[33.74951,39.74842],[33.62471,39.74842],[33.49992,39.74842],[33.49992,39.87421],[33.49992,39.99842],[33.62471,39.99842],[33.74951,39.99842],[33.74951,39.87421]]]},"properties":{"name":"I31A","status":"OPEN","country":"Turkiye","area_sqkm":"592.715091989555","shore_status":"ONSHORE"}},{"type":"Feature","id":"mps_mapping_block.3d16c41c-93af-417e-87f0-ca0a8b867b9d","geometry":{"type":"Polygon","coordinates":[[[33.49992,39.62421],[33.49992,39.49842],[33.3741,39.49842],[33.24931,39.49842],[33.24931,39.62421],[33.24931,39.74842],[33.3741,39.74842],[33.49992,39.74842],[33.49992,39.62421]]]},"properties":{"name":"I30C","status":"OPEN","country":"Turkiye","area_sqkm":"597.252147343132","shore_status":"ONSHORE"}},{"type":"Feature","id":"mps_mapping_block.48518409-a8f3-4e9f-9f78-74afb0116a31","geometry":{"type":"Polygon","coordinates":[[[34.99949,39.87421],[34.99949,39.74842],[34.8747,39.74842],[34.7499,39.74842],[34.7499,39.87421],[34.7499,39.99842],[34.8747,39.99842],[34.99949,39.99842],[34.99949,39.87421]]]},"properties":{"name":"I33B","status":"OPEN","country":"Turkiye","area_sqkm":"592.717466725082","shore_status":"ONSHORE"}},{"type":"Feature","id":"mps_mapping_block.4a77b9bf-45a2-437c-b68a-7db7648f046a","geometry":{"type":"Polygon","coordinates":[[[34.49929,38.87342],[34.49929,38.74921],[34.3745,38.74921],[34.2497,38.74921],[34.2497,38.87342],[34.2497,38.99921],[34.3745,38.99921],[34.49929,38.99921],[34.49929,38.87342]]]},"properties":{"name":"K32B","status":"OPEN","country":"Turkiye","area_sqkm":"601.121112913734","shore_status":"ONSHORE"}},{"type":"Feature","id":"mps_mapping_block.53362a0f-b031-43d3-8e7b-0144155b2030","geometry":{"type":"Polygon","coordinates":[[[35.99989,38.12421],[35.99989,37.99921],[35.87408,37.99921],[35.74928,37.99921],[35.74928,38.12421],[35.74928,38.24921],[35.87408,38.24921],[35.99989,38.24921],[35.99989,38.12421]]]},"properties":{"name":"L35C","status":"OPEN","country":"Turkiye","area_sqkm":"609.768790331215","shore_status":"ONSHORE"}},{"type":"Feature","id":"mps_mapping_block.2215a455-7174-4b42-9661-cd8a920d12f6","geometry":{"type":"Polygon","coordinates":[[[35.49969,41.12421],[35.49969,40.99921],[35.37489,40.99921],[35.24908,40.99921],[35.24908,41.12421],[35.24908,41.24921],[35.37489,41.24921],[35.49969,41.24921],[35.49969,41.12421]]]},"properties":{"name":"F34C","status":"OPEN","country":"Turkiye","area_sqkm":"584.298633129128","shore_status":"ONSHORE"}},{"type":"Feature","id":"mps_mapping_block.11d307f9-f81c-4e0a-a6f4-65f7e10fcd20","geometry":{"type":"Polygon","coordinates":[[[36.24948,40.62342],[36.24948,40.49921],[36.12468,40.49921],[35.99989,40.49921],[35.99989,40.62342],[35.99989,40.74921],[36.12468,40.74921],[36.24948,40.74921],[36.24948,40.62342]]]},"properties":{"name":"G36D","status":"OPEN","country":"Turkiye","area_sqkm":"586.275798317658","shore_status":"ONSHORE"}},{"type":"Feature","id":"mps_mapping_block.645c5b8c-4d12-46e5-9a63-a2f482195335","geometry":{"type":"Polygon","coordinates":[[[35.49969,38.87342],[35.49969,38.74921],[35.37489,38.74921],[35.24908,38.74921],[35.24908,38.87342],[35.24908,38.99921],[35.37489,38.99921],[35.49969,38.99921],[35.49969,38.87342]]]},"properties":{"name":"K34B","status":"OPEN","country":"Turkiye","area_sqkm":"603.563245358192","shore_status":"ONSHORE"}},{"type":"Feature","id":"mps_mapping_block.8553d55e-c7d9-48bc-ac3f-924c949e92c4","geometry":{"type":"Polygon","coordinates":[[[34.99949,37.62421],[34.99949,37.49921],[34.8747,37.49921],[34.7499,37.49921],[34.7499,37.62421],[34.7499,37.74921],[34.8747,37.74921],[34.99949,37.74921],[34.99949,37.62421]]]},"properties":{"name":"M33C","status":"OPEN","country":"Turkiye","area_sqkm":"611.385201578262","shore_status":"ONSHORE"}},{"type":"Feature","id":"mps_mapping_block.9645ae32-f8f9-46a4-91b3-8d72a6ea78ac","geometry":{"type":"Polygon","coordinates":[[[35.74928,37.87421],[35.74928,37.74921],[35.62448,37.74921],[35.49969,37.74921],[35.49969,37.87421],[35.49969,37.99921],[35.62448,37.99921],[35.74928,37.99921],[35.74928,37.87421]]]},"properties":{"name":"M35A","status":"OPEN","country":"Turkiye","area_sqkm":"609.350430746101","shore_status":"ONSHORE"}},{"type":"Feature","id":"mps_mapping_block.b4e06366-ef11-4fd5-8012-689222b29e51","geometry":{"type":"Polygon","coordinates":[[[34.99949,37.87421],[34.99949,37.74921],[34.8747,37.74921],[34.7499,37.74921],[34.7499,37.87421],[34.7499,37.99921],[34.8747,37.99921],[34.99949,37.99921],[34.99949,37.87421]]]},"properties":{"name":"M33B","status":"OPEN","country":"Turkiye","area_sqkm":"609.350430746117","shore_status":"ONSHORE"}},{"type":"Feature","id":"mps_mapping_block.b5169ec9-4549-4ecd-a56e-14c4304b8219","geometry":{"type":"Polygon","coordinates":[[[33.74951,38.12421],[33.74951,37.99921],[33.62471,37.99921],[33.49992,37.99921],[33.49992,38.12421],[33.49992,38.24921],[33.62471,38.24921],[33.74951,38.24921],[33.74951,38.12421]]]},"properties":{"name":"L31D","status":"OPEN","country":"Turkiye","area_sqkm":"607.308819070633","shore_status":"ONSHORE"}},{"type":"Feature","id":"mps_mapping_block.c6a8b66c-8c50-4c9c-bb44-0575d6594425","geometry":{"type":"Polygon","coordinates":[[[32.75,43.25],[32.75,43.27612],[32.75237,43.27591],[33.0,43.25],[32.75,43.25]]]},"properties":{"name":"B28, B29","status":"CURRENT","country":"Turkiye","area_sqkm":"29.4975561405048","shore_status":"OFFSHORE"}},{"type":"Feature","id":"mps_mapping_block.f20bd9dc-9d90-4530-85e5-d8a3d5dc0e84","geometry":{"type":"Polygon","coordinates":[[[33.49992,37.37421],[33.49992,37.24921],[33.3741,37.24921],[33.24931,37.24921],[33.24931,37.37421],[33.24931,37.49921],[33.3741,37.49921],[33.49992,37.49921],[33.49992,37.37421]]]},"properties":{"name":"N30B","status":"OPEN","country":"Turkiye","area_sqkm":"615.875629635872","shore_status":"ONSHORE"}},{"type":"Feature","id":"mps_mapping_block.f297ac4f-0b14-40c4-9c3c-1081f4ac2d30","geometry":{"type":"Polygon","coordinates":[[[35.74928,38.62342],[35.74928,38.49921],[35.62448,38.49921],[35.49969,38.49921],[35.49969,38.62342],[35.49969,38.74921],[35.62448,38.74921],[35.74928,38.74921],[35.74928,38.62342]]]},"properties":{"name":"K35D","status":"OPEN","country":"Turkiye","area_sqkm":"603.197763098473","shore_status":"ONSHORE"}},{"type":"Feature","id":"mps_mapping_block.557e3735-fc19-44ae-96db-14c9b7de1114","geometry":{"type":"Polygon","coordinates":[[[33.9991,38.37342],[33.9991,38.24921],[33.8743,38.24921],[33.74951,38.24921],[33.74951,38.37342],[33.74951,38.49921],[33.8743,38.49921],[33.9991,38.49921],[33.9991,38.37342]]]},"properties":{"name":"L31B","status":"OPEN","country":"Turkiye","area_sqkm":"605.257926623604","shore_status":"ONSHORE"}},{"type":"Feature","id":"mps_mapping_block.d080c64d-7a18-43cd-ab26-8521632ffd73","geometry":{"type":"Polygon","coordinates":[[[33.24931,38.37342],[33.24931,38.24921],[33.12452,38.24921],[32.99972,38.24921],[32.99972,38.37342],[32.99972,38.49921],[33.12452,38.49921],[33.24931,38.49921],[33.24931,38.37342]]]},"properties":{"name":"L30A","status":"OPEN","country":"Turkiye","area_sqkm":"605.257926623604","shore_status":"ONSHORE"}},{"type":"Feature","id":"mps_mapping_block.88d7e90f-6aea-483e-82c2-31017c9039c2","geometry":{"type":"Polygon","coordinates":[[[33.49992,37.87421],[33.49992,37.74921],[33.3741,37.74921],[33.24931,37.74921],[33.24931,37.87421],[33.24931,37.99921],[33.3741,37.99921],[33.49992,37.99921],[33.49992,37.87421]]]},"properties":{"name":"M30B","status":"OPEN","country":"Turkiye","area_sqkm":"611.82354466777","shore_status":"ONSHORE"}},{"type":"Feature","id":"mps_mapping_block.8a82eac6-19e6-4e23-aace-83b0b309baf9","geometry":{"type":"Polygon","coordinates":[[[33.9991,38.12421],[33.9991,37.99921],[33.8743,37.99921],[33.74951,37.99921],[33.74951,38.12421],[33.74951,38.24921],[33.8743,38.24921],[33.9991,38.24921],[33.9991,38.12421]]]},"properties":{"name":"L31C","status":"OPEN","country":"Turkiye","area_sqkm":"607.308819070633","shore_status":"ONSHORE"}},{"type":"Feature","id":"mps_mapping_block.5d832a4b-c678-47ed-81cf-512befc323b9","geometry":{"type":"Polygon","coordinates":[[[35.74928,37.37421],[35.74928,37.24921],[35.62448,37.24921],[35.49969,37.24921],[35.49969,37.37421],[35.49969,37.49921],[35.62448,37.49921],[35.74928,37.49921],[35.74928,37.37421]]]},"properties":{"name":"N35A","status":"OPEN","country":"Turkiye","area_sqkm":"613.386136320732","shore_status":"ONSHORE"}},{"type":"Feature","id":"mps_mapping_block.60cf3f11-43e3-48d4-8159-a740533a5cad","geometry":{"type":"Polygon","coordinates":[[[35.96219,44.97542],[36.06052,45.0457],[36.19886,45.02848],[36.22747,45.02126],[36.24997,45.03932],[36.25108,45.04571],[36.31108,45.05487],[36.37636,45.05515],[36.45525,45.08904],[36.46053,45.1046],[36.54553,45.11155],[36.61387,44.91432],[36.62526,44.76237],[36.63721,44.62071],[36.48776,44.61931],[36.41526,44.59987],[36.41498,44.56209],[35.99998,44.60486],[36.23165,44.62459],[36.20942,44.66459],[36.43776,44.71932],[36.4447,44.73154],[36.54387,44.83321],[36.36526,44.79987],[36.33192,44.84987],[36.21581,44.81265],[36.18025,44.88237],[36.38553,44.93737],[36.44109,44.97376],[35.96219,44.97542]]]},"properties":{"name":"ABIKH AND CAUCASIAN, DELUSIONAL PLOT AND STRUCTURE SUBBOTIN","status":"CURRENT","country":"Ukraine","area_sqkm":"1428.38283420924","shore_status":"BOTH"}},{"type":"Feature","id":"mps_mapping_block.6a829ebd-b3f2-45c8-9b91-411215ee84ce","geometry":{"type":"Polygon","coordinates":[[[33.24931,40.62342],[33.24931,40.49921],[33.12452,40.49921],[32.99972,40.49921],[32.99972,40.62342],[32.99972,40.74921],[33.12452,40.74921],[33.24931,40.74921],[33.24931,40.62342]]]},"properties":{"name":"G30D","status":"OPEN","country":"Turkiye","area_sqkm":"586.278147263222","shore_status":"ONSHORE"}},{"type":"Feature","id":"mps_mapping_block.6b9691fe-ac1a-463c-9cf3-bc702495aa7a","geometry":{"type":"Polygon","coordinates":[[[34.2497,41.87421],[34.2497,41.74842],[34.12491,41.74842],[33.9991,41.74842],[33.9991,41.87421],[33.9991,41.99842],[34.12491,41.99842],[34.2497,41.99842],[34.2497,41.87421]]]},"properties":{"name":"E32A","status":"OPEN","country":"Turkiye","area_sqkm":"577.669504692284","shore_status":"BOTH"}},{"type":"Feature","id":"mps_mapping_block.0ec929ca-217b-4b9c-a7f6-740b1c303966","geometry":{"type":"Polygon","coordinates":[[[36.0,42.25],[36.0,42.5],[36.25,42.5],[36.25,42.25],[36.0,42.25]]]},"properties":{"name":"C36, C37, D36, D37","status":"CURRENT","country":"Turkiye","area_sqkm":"571.804088982529","shore_status":"OFFSHORE"}},{"type":"Feature","id":"mps_mapping_block.2a47b735-0d78-4f95-9964-ce6189c02ba1","geometry":{"type":"Polygon","coordinates":[[[35.5,42.75],[35.5,43.0],[35.75,43.0],[35.75,42.75],[35.5,42.75]]]},"properties":{"name":"C34, C35, D34, D35","status":"CURRENT","country":"Turkiye","area_sqkm":"567.29616063092","shore_status":"OFFSHORE"}},{"type":"Feature","id":"mps_mapping_block.383bcb63-bae4-41dc-bb8a-0fb064d2ff3e","geometry":{"type":"Polygon","coordinates":[[[36.0,42.5],[36.0,42.75],[36.25,42.75],[36.25,42.5],[36.0,42.5]]]},"properties":{"name":"C36, C37, D36, D37","status":"CURRENT","country":"Turkiye","area_sqkm":"569.555666574234","shore_status":"OFFSHORE"}},{"type":"Feature","id":"mps_mapping_block.81d7e53f-6ab7-4f56-99ec-911d743d491f","geometry":{"type":"Polygon","coordinates":[[[35.75,42.0],[35.75,42.25],[36.0,42.25],[36.0,42.0],[35.75,42.0]]]},"properties":{"name":"C34, C35, D34, D35","status":"CURRENT","country":"Turkiye","area_sqkm":"574.041389185822","shore_status":"OFFSHORE"}},{"type":"Feature","id":"mps_mapping_block.8f85b083-4ea1-44a9-8d74-c409b1de3dec","geometry":{"type":"Polygon","coordinates":[[[35.0,42.29641],[35.0,42.5],[35.25,42.5],[35.25,42.25],[35.18512,42.25],[35.1786,42.25428],[35.13805,42.27227],[35.11689,42.27826],[35.06999,42.28884],[35.0051,42.29625],[35.0,42.29641]]]},"properties":{"name":"C34, C35, D34, D35","status":"CURRENT","country":"Turkiye","area_sqkm":"520.055681865785","shore_status":"OFFSHORE"}},{"type":"Feature","id":"mps_mapping_block.d719f6d7-261e-4cae-8db3-1912feb8e6c7","geometry":{"type":"Polygon","coordinates":[[[35.25,42.75],[35.25,43.0],[35.5,43.0],[35.5,42.75],[35.25,42.75]]]},"properties":{"name":"C34, C35, D34, D35","status":"CURRENT","country":"Turkiye","area_sqkm":"567.29616063092","shore_status":"OFFSHORE"}},{"type":"Feature","id":"mps_mapping_block.76340bd8-5c63-49a6-81f9-ab53827a8edc","geometry":{"type":"Polygon","coordinates":[[[33.74951,40.12421],[33.74951,39.99842],[33.62471,39.99842],[33.49992,39.99842],[33.49992,40.12421],[33.49992,40.24921],[33.62471,40.24921],[33.74951,40.24921],[33.74951,40.12421]]]},"properties":{"name":"H31D","status":"OPEN","country":"Turkiye","area_sqkm":"592.453082128098","shore_status":"ONSHORE"}},{"type":"Feature","id":"mps_mapping_block.680ff0d5-53bb-4777-bd50-cac8e1f348c9","geometry":{"type":"Polygon","coordinates":[[[35.75,43.0],[35.75,43.25],[36.0,43.25],[36.0,43.0],[35.75,43.0]]]},"properties":{"name":"B34, B35","status":"CURRENT","country":"Turkiye","area_sqkm":"565.02561007373","shore_status":"OFFSHORE"}},{"type":"Feature","id":"mps_mapping_block.81c3fb9f-6844-487e-ad79-1e2ee5d63e18","geometry":{"type":"Polygon","coordinates":[[[36.0,43.0],[36.0,43.25],[36.25,43.25],[36.25,43.0],[36.0,43.0]]]},"properties":{"name":"B36, B37","status":"CURRENT","country":"Turkiye","area_sqkm":"565.02561007373","shore_status":"OFFSHORE"}},{"type":"Feature","id":"mps_mapping_block.7906b1bd-eeea-4c1d-b954-0b5550652855","geometry":{"type":"Polygon","coordinates":[[[35.99989,41.62421],[35.99989,41.49921],[35.87408,41.49921],[35.74928,41.49921],[35.74928,41.62421],[35.74928,41.74842],[35.87408,41.74842],[35.99989,41.74842],[35.99989,41.62421]]]},"properties":{"name":"E35C","status":"OPEN","country":"Turkiye","area_sqkm":"578.056069941368","shore_status":"BOTH"}},{"type":"Feature","id":"mps_mapping_block.7c32c18e-d5d4-4d5b-ac67-af94524178f1","geometry":{"type":"Polygon","coordinates":[[[33.24931,39.37421],[33.24931,39.24921],[33.12452,39.24921],[32.99972,39.24921],[32.99972,39.37421],[32.99972,39.49842],[33.12452,39.49842],[33.24931,39.49842],[33.24931,39.37421]]]},"properties":{"name":"J30A","status":"OPEN","country":"Turkiye","area_sqkm":"595.04766735054","shore_status":"ONSHORE"}},{"type":"Feature","id":"mps_mapping_block.52eea0b3-ba2d-4be9-a273-3f35fb0fe5d6","geometry":{"type":"Polygon","coordinates":[[[34.49929,37.37421],[34.49929,37.24921],[34.3745,37.24921],[34.2497,37.24921],[34.2497,37.37421],[34.2497,37.49921],[34.3745,37.49921],[34.49929,37.49921],[34.49929,37.37421]]]},"properties":{"name":"N32B","status":"OPEN","country":"Turkiye","area_sqkm":"613.383678775497","shore_status":"ONSHORE"}},{"type":"Feature","id":"mps_mapping_block.3a65eca7-0b95-4fa2-bdab-abcccc27ad19","geometry":{"type":"Polygon","coordinates":[[[34.7499,37.37421],[34.7499,37.24921],[34.62409,37.24921],[34.49929,37.24921],[34.49929,37.37421],[34.49929,37.49921],[34.62409,37.49921],[34.7499,37.49921],[34.7499,37.37421]]]},"properties":{"name":"N33A","status":"OPEN","country":"Turkiye","area_sqkm":"615.875629635879","shore_status":"ONSHORE"}},{"type":"Feature","id":"mps_mapping_block.7ccbac31-aeef-4aa4-aa6e-20c04ea98760","geometry":{"type":"Polygon","coordinates":[[[34.2497,37.37421],[34.2497,37.24921],[34.12491,37.24921],[33.9991,37.24921],[33.9991,37.37421],[33.9991,37.49921],[34.12491,37.49921],[34.2497,37.49921],[34.2497,37.37421]]]},"properties":{"name":"N32A","status":"OPEN","country":"Turkiye","area_sqkm":"615.865799454971","shore_status":"ONSHORE"}},{"type":"Feature","id":"mps_mapping_block.0f03b2c6-b3fc-4749-8edd-c0f07423a7ac","geometry":{"type":"Polygon","coordinates":[[[33.9991,38.62342],[33.9991,38.49921],[33.8743,38.49921],[33.74951,38.49921],[33.74951,38.62342],[33.74951,38.74921],[33.8743,38.74921],[33.9991,38.74921],[33.9991,38.62342]]]},"properties":{"name":"K31C","status":"OPEN","country":"Turkiye","area_sqkm":"603.195346373314","shore_status":"ONSHORE"}},{"type":"Feature","id":"mps_mapping_block.1edbc414-3317-471d-b0ed-9e0ee8b53050","geometry":{"type":"Polygon","coordinates":[[[34.7499,38.87342],[34.7499,38.74921],[34.62409,38.74921],[34.49929,38.74921],[34.49929,38.87342],[34.49929,38.99921],[34.62409,38.99921],[34.7499,38.99921],[34.7499,38.87342]]]},"properties":{"name":"K33A","status":"OPEN","country":"Turkiye","area_sqkm":"603.563245358177","shore_status":"ONSHORE"}},{"type":"Feature","id":"mps_mapping_block.84276239-0c04-45d9-b619-a157e6d85c20","geometry":{"type":"Polygon","coordinates":[[[35.49969,37.37421],[35.49969,37.24921],[35.37489,37.24921],[35.24908,37.24921],[35.24908,37.37421],[35.24908,37.49921],[35.37489,37.49921],[35.49969,37.49921],[35.49969,37.37421]]]},"properties":{"name":"N34B","status":"OPEN","country":"Turkiye","area_sqkm":"615.875629635941","shore_status":"ONSHORE"}},{"type":"Feature","id":"mps_mapping_block.88a222f8-0395-4f77-9f1e-fafd5b98105f","geometry":{"type":"Polygon","coordinates":[[[35.99989,39.62421],[35.99989,39.49842],[35.87408,39.49842],[35.74928,39.49842],[35.74928,39.62421],[35.74928,39.74842],[35.87408,39.74842],[35.99989,39.74842],[35.99989,39.62421]]]},"properties":{"name":"I35C","status":"OPEN","country":"Turkiye","area_sqkm":"597.244997649467","shore_status":"ONSHORE"}},{"type":"Feature","id":"mps_mapping_block.2abad05e-6bc6-440c-af03-d94051a730fa","geometry":{"type":"Polygon","coordinates":[[[32.0,43.0],[32.0,43.25],[32.0,43.34581],[32.00052,43.34574],[32.25,43.32114],[32.2509,43.32105],[32.49987,43.29778],[32.5,43.29776],[32.75,43.27612],[32.75237,43.27591],[33.0,43.25],[33.0,43.0],[32.75,43.0],[32.5,43.0],[32.25,43.0],[32.0,43.0]]]},"properties":{"name":"B28, B29","status":"CURRENT","country":"Turkiye","area_sqkm":"2695.05155788772","shore_status":"OFFSHORE"}},{"type":"Feature","id":"mps_mapping_block.6eef995d-3057-4c7f-bae0-4cf84eb2e3a2","geometry":{"type":"Polygon","coordinates":[[[34.99949,39.62421],[34.99949,39.49842],[34.8747,39.49842],[34.7499,39.49842],[34.7499,39.62421],[34.7499,39.74842],[34.8747,39.74842],[34.99949,39.74842],[34.99949,39.62421]]]},"properties":{"name":"I33C","status":"OPEN","country":"Turkiye","area_sqkm":"594.837934115089","shore_status":"ONSHORE"}},{"type":"Feature","id":"mps_mapping_block.7a637f8e-e779-412d-bf87-e6e82a943521","geometry":{"type":"Polygon","coordinates":[[[36.24948,39.12421],[36.24948,38.99921],[36.12468,38.99921],[35.99989,38.99921],[35.99989,39.12421],[35.99989,39.24921],[36.12468,39.24921],[36.24948,39.24921],[36.24948,39.12421]]]},"properties":{"name":"J36D","status":"OPEN","country":"Turkiye","area_sqkm":"599.032861031349","shore_status":"ONSHORE"}},{"type":"Feature","id":"mps_mapping_block.8b77322a-c13a-4b2e-abb1-9639f7e41301","geometry":{"type":"Polygon","coordinates":[[[35.24908,37.62421],[35.24908,37.49921],[35.12429,37.49921],[34.99949,37.49921],[34.99949,37.62421],[34.99949,37.74921],[35.12429,37.74921],[35.24908,37.74921],[35.24908,37.62421]]]},"properties":{"name":"M34D","status":"OPEN","country":"Turkiye","area_sqkm":"611.380302521416","shore_status":"ONSHORE"}},{"type":"Feature","id":"mps_mapping_block.09f6e3b5-39c0-40c5-8848-8619b8298cb1","geometry":{"type":"Polygon","coordinates":[[[34.49929,40.12421],[34.49929,39.99842],[34.3745,39.99842],[34.2497,39.99842],[34.2497,40.12421],[34.2497,40.24921],[34.3745,40.24921],[34.49929,40.24921],[34.49929,40.12421]]]},"properties":{"name":"H32C","status":"OPEN","country":"Turkiye","area_sqkm":"592.453082128098","shore_status":"ONSHORE"}},{"type":"Feature","id":"mps_mapping_block.9de7ee5f-317c-47cc-9209-74cc376e9fb1","geometry":{"type":"Polygon","coordinates":[[[33.49992,38.12421],[33.49992,37.99921],[33.3741,37.99921],[33.24931,37.99921],[33.24931,38.12421],[33.24931,38.24921],[33.3741,38.24921],[33.49992,38.24921],[33.49992,38.12421]]]},"properties":{"name":"L30C","status":"OPEN","country":"Turkiye","area_sqkm":"609.776089949165","shore_status":"ONSHORE"}},{"type":"Feature","id":"mps_mapping_block.4917f62d-51e6-44e5-a768-a34fece23237","geometry":{"type":"Polygon","coordinates":[[[35.75,42.75],[35.75,43.0],[36.0,43.0],[36.0,42.75],[35.75,42.75]]]},"properties":{"name":"C34, C35, D34, D35","status":"CURRENT","country":"Turkiye","area_sqkm":"567.29616063092","shore_status":"OFFSHORE"}},{"type":"Feature","id":"mps_mapping_block.667c5f10-6044-4d9f-be9d-eba4b66a7931","geometry":{"type":"Polygon","coordinates":[[[34.2497,39.87421],[34.2497,39.74842],[34.12491,39.74842],[33.9991,39.74842],[33.9991,39.87421],[33.9991,39.99842],[34.12491,39.99842],[34.2497,39.99842],[34.2497,39.87421]]]},"properties":{"name":"I32A","status":"OPEN","country":"Turkiye","area_sqkm":"595.11357484314","shore_status":"ONSHORE"}},{"type":"Feature","id":"mps_mapping_block.b553d75e-8226-4e73-9330-068c3d8f9ae8","geometry":{"type":"Polygon","coordinates":[[[35.68465,46.46016],[35.91326,46.49656],[35.91855,46.28767],[35.71049,46.1746],[35.69688,46.11683],[35.55771,46.12016],[35.55966,46.16238],[35.58577,46.16238],[35.58771,46.17766],[35.68466,46.24155],[35.68465,46.46016]]]},"properties":{"name":"SECTION 2 OBITOCHNA","status":"CURRENT","country":"Ukraine","area_sqkm":"599.50343194908","shore_status":"OFFSHORE"}},{"type":"Feature","id":"mps_mapping_block.ca5a362e-73fd-4757-ba3c-b4ec3ea9ce34","geometry":{"type":"Polygon","coordinates":[[[35.49969,39.12421],[35.49969,38.99921],[35.37489,38.99921],[35.24908,38.99921],[35.24908,39.12421],[35.24908,39.24921],[35.37489,39.24921],[35.49969,39.24921],[35.49969,39.12421]]]},"properties":{"name":"J34C","status":"OPEN","country":"Turkiye","area_sqkm":"601.468919464882","shore_status":"ONSHORE"}},{"type":"Feature","id":"mps_mapping_block.6314c542-ceeb-43e1-a950-d06389fb5131","geometry":{"type":"Polygon","coordinates":[[[34.99949,41.87421],[34.99949,41.74842],[34.8747,41.74842],[34.7499,41.74842],[34.7499,41.87421],[34.7499,41.99842],[34.8747,41.99842],[34.99949,41.99842],[34.99949,41.87421]]]},"properties":{"name":"E33B","status":"OPEN","country":"Turkiye","area_sqkm":"575.343631894791","shore_status":"BOTH"}},{"type":"Feature","id":"mps_mapping_block.0ce98eff-2428-4155-8622-7cb62b54306d","geometry":{"type":"Polygon","coordinates":[[[33.24931,41.12421],[33.24931,40.99921],[33.12452,40.99921],[32.99972,40.99921],[32.99972,41.12421],[32.99972,41.24921],[33.12452,41.24921],[33.24931,41.24921],[33.24931,41.12421]]]},"properties":{"name":"F30D","status":"OPEN","country":"Turkiye","area_sqkm":"581.934449213181","shore_status":"ONSHORE"}},{"type":"Feature","id":"mps_mapping_block.440a3191-fcb0-491e-a8cc-f04df75b090a","geometry":{"type":"Polygon","coordinates":[[[33.74951,40.37421],[33.74951,40.24921],[33.62471,40.24921],[33.49992,40.24921],[33.49992,40.37421],[33.49992,40.49921],[33.62471,40.49921],[33.74951,40.49921],[33.74951,40.37421]]]},"properties":{"name":"H31A","status":"OPEN","country":"Turkiye","area_sqkm":"588.432963540756","shore_status":"ONSHORE"}},{"type":"Feature","id":"mps_mapping_block.a1886929-d2c2-4ebb-b12c-5f35aa0043ea","geometry":{"type":"Polygon","coordinates":[[[33.24931,41.37421],[33.24931,41.24921],[33.12452,41.24921],[32.99972,41.24921],[32.99972,41.37421],[32.99972,41.49921],[33.12452,41.49921],[33.24931,41.49921],[33.24931,41.37421]]]},"properties":{"name":"F30A","status":"OPEN","country":"Turkiye","area_sqkm":"579.738697617653","shore_status":"ONSHORE"}},{"type":"Feature","id":"mps_mapping_block.d1ddecaa-6c08-4748-9af2-673fb2a61e8b","geometry":{"type":"Polygon","coordinates":[[[33.9991,40.87342],[33.9991,40.74921],[33.8743,40.74921],[33.74951,40.74921],[33.74951,40.87342],[33.74951,40.99921],[33.8743,40.99921],[33.9991,40.99921],[33.9991,40.87342]]]},"properties":{"name":"G31B","status":"OPEN","country":"Turkiye","area_sqkm":"584.111963538071","shore_status":"ONSHORE"}},{"type":"Feature","id":"mps_mapping_block.a5ababd2-6a6f-4052-9800-67481f58ec5c","geometry":{"type":"Polygon","coordinates":[[[33.74951,37.37421],[33.74951,37.24921],[33.62471,37.24921],[33.49992,37.24921],[33.49992,37.37421],[33.49992,37.49921],[33.62471,37.49921],[33.74951,37.49921],[33.74951,37.37421]]]},"properties":{"name":"N31A","status":"OPEN","country":"Turkiye","area_sqkm":"613.383678775497","shore_status":"ONSHORE"}},{"type":"Feature","id":"mps_mapping_block.2ae48b30-6c7c-4f39-9641-52030140f84a","geometry":{"type":"Polygon","coordinates":[[[35.24908,37.37421],[35.24908,37.24921],[35.12429,37.24921],[34.99949,37.24921],[34.99949,37.37421],[34.99949,37.49921],[35.12429,37.49921],[35.24908,37.49921],[35.24908,37.37421]]]},"properties":{"name":"N34A","status":"OPEN","country":"Turkiye","area_sqkm":"613.381221230301","shore_status":"ONSHORE"}},{"type":"Feature","id":"mps_mapping_block.3d5521fd-a1fa-40b5-9742-f5139422040e","geometry":{"type":"Polygon","coordinates":[[[36.24948,37.37421],[36.24948,37.24921],[36.12468,37.24921],[35.99989,37.24921],[35.99989,37.37421],[35.99989,37.49921],[36.12468,37.49921],[36.24948,37.49921],[36.24948,37.37421]]]},"properties":{"name":"N36A","status":"OPEN","country":"Turkiye","area_sqkm":"613.381221230301","shore_status":"ONSHORE"}},{"type":"Feature","id":"mps_mapping_block.0303dde4-b427-49c4-8103-1542c44cceda","geometry":{"type":"Polygon","coordinates":[[[33.49992,38.87342],[33.49992,38.74921],[33.3741,38.74921],[33.24931,38.74921],[33.24931,38.87342],[33.24931,38.99921],[33.3741,38.99921],[33.49992,38.99921],[33.49992,38.87342]]]},"properties":{"name":"K30B","status":"OPEN","country":"Turkiye","area_sqkm":"603.563245358124","shore_status":"ONSHORE"}},{"type":"Feature","id":"mps_mapping_block.149337fb-671d-40ca-a076-1c4a45ad8d96","geometry":{"type":"Polygon","coordinates":[[[33.49992,38.62342],[33.49992,38.49921],[33.3741,38.49921],[33.24931,38.49921],[33.24931,38.62342],[33.24931,38.74921],[33.3741,38.74921],[33.49992,38.74921],[33.49992,38.62342]]]},"properties":{"name":"K30C","status":"OPEN","country":"Turkiye","area_sqkm":"605.645905685158","shore_status":"ONSHORE"}},{"type":"Feature","id":"mps_mapping_block.50ad2543-82e6-45f9-a59c-ac727848fb97","geometry":{"type":"Polygon","coordinates":[[[33.24931,38.87342],[33.24931,38.74921],[33.12452,38.74921],[32.99972,38.74921],[32.99972,38.87342],[32.99972,38.99921],[33.12452,38.99921],[33.24931,38.99921],[33.24931,38.87342]]]},"properties":{"name":"K30A","status":"OPEN","country":"Turkiye","area_sqkm":"601.121112913734","shore_status":"ONSHORE"}},{"type":"Feature","id":"mps_mapping_block.56525399-5127-4a77-898c-da596ac100ff","geometry":{"type":"Polygon","coordinates":[[[33.74951,38.62342],[33.74951,38.49921],[33.62471,38.49921],[33.49992,38.49921],[33.49992,38.62342],[33.49992,38.74921],[33.62471,38.74921],[33.74951,38.74921],[33.74951,38.62342]]]},"properties":{"name":"K31D","status":"OPEN","country":"Turkiye","area_sqkm":"603.195346373314","shore_status":"ONSHORE"}},{"type":"Feature","id":"mps_mapping_block.aea40b0f-b9db-4d9c-80ca-e0d7b993855f","geometry":{"type":"Polygon","coordinates":[[[35.49969,38.62342],[35.49969,38.49921],[35.37489,38.49921],[35.24908,38.49921],[35.24908,38.62342],[35.24908,38.74921],[35.37489,38.74921],[35.49969,38.74921],[35.49969,38.62342]]]},"properties":{"name":"K34C","status":"OPEN","country":"Turkiye","area_sqkm":"605.645905685181","shore_status":"ONSHORE"}},{"type":"Feature","id":"mps_mapping_block.db887772-61a2-4636-b67c-4873f8967096","geometry":{"type":"Polygon","coordinates":[[[33.9991,38.87342],[33.9991,38.74921],[33.8743,38.74921],[33.74951,38.74921],[33.74951,38.87342],[33.74951,38.99921],[33.8743,38.99921],[33.9991,38.99921],[33.9991,38.87342]]]},"properties":{"name":"K31B","status":"OPEN","country":"Turkiye","area_sqkm":"601.121112913734","shore_status":"ONSHORE"}},{"type":"Feature","id":"mps_mapping_block.404f9b6a-faf2-47c4-8c78-e40da3126d6c","geometry":{"type":"Polygon","coordinates":[[[35.24908,39.37421],[35.24908,39.24921],[35.12429,39.24921],[34.99949,39.24921],[34.99949,39.37421],[34.99949,39.49842],[35.12429,39.49842],[35.24908,39.49842],[35.24908,39.37421]]]},"properties":{"name":"J34A","status":"OPEN","country":"Turkiye","area_sqkm":"595.045283269417","shore_status":"ONSHORE"}},{"type":"Feature","id":"mps_mapping_block.44d49024-c8e9-4db0-a96f-066932e1dbc6","geometry":{"type":"Polygon","coordinates":[[[35.24908,39.87421],[35.24908,39.74842],[35.12429,39.74842],[34.99949,39.74842],[34.99949,39.87421],[34.99949,39.99842],[35.12429,39.99842],[35.24908,39.99842],[35.24908,39.87421]]]},"properties":{"name":"I34A","status":"OPEN","country":"Turkiye","area_sqkm":"592.712717254074","shore_status":"ONSHORE"}},{"type":"Feature","id":"mps_mapping_block.55d3ef5e-a896-4791-a73e-f691aed69f16","geometry":{"type":"Polygon","coordinates":[[[35.49969,39.62421],[35.49969,39.49842],[35.37489,39.49842],[35.24908,39.49842],[35.24908,39.62421],[35.24908,39.74842],[35.37489,39.74842],[35.49969,39.74842],[35.49969,39.62421]]]},"properties":{"name":"I34C","status":"OPEN","country":"Turkiye","area_sqkm":"597.25214734317","shore_status":"ONSHORE"}},{"type":"Feature","id":"mps_mapping_block.8c7f82c8-9076-43b5-84a5-2c5857c43e5e","geometry":{"type":"Polygon","coordinates":[[[35.24908,39.12421],[35.24908,38.99921],[35.12429,38.99921],[34.99949,38.99921],[34.99949,39.12421],[34.99949,39.24921],[35.12429,39.24921],[35.24908,39.24921],[35.24908,39.12421]]]},"properties":{"name":"J34D","status":"OPEN","country":"Turkiye","area_sqkm":"599.032861031349","shore_status":"ONSHORE"}},{"type":"Feature","id":"mps_mapping_block.382f8465-5456-44c4-bfb8-d00a7dd3de1e","geometry":{"type":"Polygon","coordinates":[[[34.2497,37.87421],[34.2497,37.74921],[34.12491,37.74921],[33.9991,37.74921],[33.9991,37.87421],[33.9991,37.99921],[34.12491,37.99921],[34.2497,37.99921],[34.2497,37.87421]]]},"properties":{"name":"M32A","status":"OPEN","country":"Turkiye","area_sqkm":"611.813779163605","shore_status":"ONSHORE"}},{"type":"Feature","id":"mps_mapping_block.7ae62371-47e0-454c-a5df-9b10ca7f5759","geometry":{"type":"Polygon","coordinates":[[[34.2497,38.37342],[34.2497,38.24921],[34.12491,38.24921],[33.9991,38.24921],[33.9991,38.37342],[33.9991,38.49921],[34.12491,38.49921],[34.2497,38.49921],[34.2497,38.37342]]]},"properties":{"name":"L32A","status":"OPEN","country":"Turkiye","area_sqkm":"607.707165504356","shore_status":"ONSHORE"}},{"type":"Feature","id":"mps_mapping_block.a0ec4aa1-8752-4aee-a764-9d8c0a543719","geometry":{"type":"Polygon","coordinates":[[[36.24948,38.12421],[36.24948,37.99921],[36.12468,37.99921],[35.99989,37.99921],[35.99989,38.12421],[35.99989,38.24921],[36.12468,38.24921],[36.24948,38.24921],[36.24948,38.12421]]]},"properties":{"name":"L36D","status":"OPEN","country":"Turkiye","area_sqkm":"607.306385864662","shore_status":"ONSHORE"}},{"type":"Feature","id":"mps_mapping_block.145c97b7-f56e-45e4-a181-2345ba0afccb","geometry":{"type":"Polygon","coordinates":[[[33.9991,41.37421],[33.9991,41.24921],[33.8743,41.24921],[33.74951,41.24921],[33.74951,41.37421],[33.74951,41.49921],[33.8743,41.49921],[33.9991,41.49921],[33.9991,41.37421]]]},"properties":{"name":"F31B","status":"OPEN","country":"Turkiye","area_sqkm":"579.738697617653","shore_status":"ONSHORE"}},{"type":"Feature","id":"mps_mapping_block.26808a1a-1ae3-4204-baae-9d1682c2f2a5","geometry":{"type":"Polygon","coordinates":[[[33.74951,41.12421],[33.74951,40.99921],[33.62471,40.99921],[33.49992,40.99921],[33.49992,41.12421],[33.49992,41.24921],[33.62471,41.24921],[33.74951,41.24921],[33.74951,41.12421]]]},"properties":{"name":"F31D","status":"OPEN","country":"Turkiye","area_sqkm":"581.934449213181","shore_status":"ONSHORE"}},{"type":"Feature","id":"mps_mapping_block.682c4dba-87ef-4c46-9256-2b6865e5838d","geometry":{"type":"Polygon","coordinates":[[[34.7499,40.87342],[34.7499,40.74921],[34.62409,40.74921],[34.49929,40.74921],[34.49929,40.87342],[34.49929,40.99921],[34.62409,40.99921],[34.7499,40.99921],[34.7499,40.87342]]]},"properties":{"name":"G33A","status":"OPEN","country":"Turkiye","area_sqkm":"586.484993912094","shore_status":"ONSHORE"}},{"type":"Feature","id":"mps_mapping_block.6c371fe7-3890-419a-8426-c732907a9e9a","geometry":{"type":"Polygon","coordinates":[[[34.7499,40.37421],[34.7499,40.24921],[34.62409,40.24921],[34.49929,40.24921],[34.49929,40.37421],[34.49929,40.49921],[34.62409,40.49921],[34.7499,40.49921],[34.7499,40.37421]]]},"properties":{"name":"H33A","status":"OPEN","country":"Turkiye","area_sqkm":"590.823548585594","shore_status":"ONSHORE"}},{"type":"Feature","id":"mps_mapping_block.10ad12e2-04da-4e59-80e2-4ee63b4c7aca","geometry":{"type":"Polygon","coordinates":[[[36.24948,38.37342],[36.24948,38.24921],[36.12468,38.24921],[35.99989,38.24921],[35.99989,38.37342],[35.99989,38.49921],[36.12468,38.49921],[36.24948,38.49921],[36.24948,38.37342]]]},"properties":{"name":"L36A","status":"OPEN","country":"Turkiye","area_sqkm":"605.255501634605","shore_status":"ONSHORE"}},{"type":"Feature","id":"mps_mapping_block.4cea1994-5895-47a4-8a1c-a8143371f739","geometry":{"type":"Polygon","coordinates":[[[35.74928,40.87342],[35.74928,40.74921],[35.62448,40.74921],[35.49969,40.74921],[35.49969,40.87342],[35.49969,40.99921],[35.62448,40.99921],[35.74928,40.99921],[35.74928,40.87342]]]},"properties":{"name":"G35A","status":"OPEN","country":"Turkiye","area_sqkm":"584.114303804718","shore_status":"ONSHORE"}},{"type":"Feature","id":"mps_mapping_block.3ab2961f-dfaa-491a-b56d-cd2bd994aa2c","geometry":{"type":"Polygon","coordinates":[[[35.49969,40.87342],[35.49969,40.74921],[35.37489,40.74921],[35.24908,40.74921],[35.24908,40.87342],[35.24908,40.99921],[35.37489,40.99921],[35.49969,40.99921],[35.49969,40.87342]]]},"properties":{"name":"G34B","status":"OPEN","country":"Turkiye","area_sqkm":"586.484993912041","shore_status":"ONSHORE"}},{"type":"Feature","id":"mps_mapping_block.b9d1572c-9ea8-41d8-b73a-45c50551d6bf","geometry":{"type":"Polygon","coordinates":[[[36.24948,41.37421],[36.24948,41.24921],[36.12468,41.24921],[35.99989,41.24921],[35.99989,41.37421],[35.99989,41.49921],[36.12468,41.49921],[36.24948,41.49921],[36.24948,41.37421]]]},"properties":{"name":"F36A","status":"OPEN","country":"Turkiye","area_sqkm":"579.736374872711","shore_status":"BOTH"}},{"type":"Feature","id":"mps_mapping_block.09998a4e-8358-4523-ae74-ea4f113cf27f","geometry":{"type":"Polygon","coordinates":[[[33.74951,38.87342],[33.74951,38.74921],[33.62471,38.74921],[33.49992,38.74921],[33.49992,38.87342],[33.49992,38.99921],[33.62471,38.99921],[33.74951,38.99921],[33.74951,38.87342]]]},"properties":{"name":"K31A","status":"OPEN","country":"Turkiye","area_sqkm":"601.121112913734","shore_status":"ONSHORE"}},{"type":"Feature","id":"mps_mapping_block.19c7cdc6-fab5-4305-a86c-ea6247ea130a","geometry":{"type":"Polygon","coordinates":[[[34.55607,43.25],[34.75,43.2876],[35.0,43.33606],[35.0,43.25],[35.0,43.0],[34.75,43.0],[34.5,43.0],[34.25,43.0],[34.0,43.0],[34.0,43.18775],[34.00004,43.18775],[34.22927,43.18422],[34.25,43.1884],[34.5,43.23872],[34.55512,43.24981],[34.55607,43.25]]]},"properties":{"name":"B32, B33","status":"CURRENT","country":"Turkiye","area_sqkm":"2202.84812738278","shore_status":"OFFSHORE"}},{"type":"Feature","id":"mps_mapping_block.0ccc67ae-3f2b-4e05-b444-3097534b983b","geometry":{"type":"Polygon","coordinates":[[[33.5,42.5],[33.5,42.75],[33.75,42.75],[33.75,42.5],[33.5,42.5]]]},"properties":{"name":"C30, C31, D30, D31","status":"CURRENT","country":"Turkiye","area_sqkm":"569.555666574234","shore_status":"OFFSHORE"}},{"type":"Feature","id":"mps_mapping_block.681be465-a621-4c84-963d-4fb7fd23a9eb","geometry":{"type":"Polygon","coordinates":[[[33.61508,45.68307],[33.61508,45.73307],[33.74841,45.73308],[33.74841,45.68308],[33.61508,45.68307]]]},"properties":{"name":"CMF NE 00026","status":"CURRENT","country":"Russian Federation","area_sqkm":"57.7009739385962","shore_status":"ONSHORE"}},{"type":"Feature","id":"mps_mapping_block.ea5b3c50-591f-4d22-aa01-c6509813c337","geometry":{"type":"Polygon","coordinates":[[[35.99989,40.87342],[35.99989,40.74921],[35.87408,40.74921],[35.74928,40.74921],[35.74928,40.87342],[35.74928,40.99921],[35.87408,40.99921],[35.99989,40.99921],[35.99989,40.87342]]]},"properties":{"name":"G35B","status":"OPEN","country":"Turkiye","area_sqkm":"586.477973112099","shore_status":"ONSHORE"}},{"type":"Feature","id":"mps_mapping_block.21b27c4f-c035-4872-b3bf-de0caccd0664","geometry":{"type":"Polygon","coordinates":[[[32.0,42.0],[32.0,42.25],[32.0,42.5],[32.0,42.75],[32.0,43.0],[32.25,43.0],[32.5,43.0],[32.75,43.0],[33.0,43.0],[33.0,42.75],[33.0,42.5],[33.0,42.25],[33.0,42.13125],[32.95197,42.11217],[32.89837,42.09665],[32.81655,42.06174],[32.79927,42.06068],[32.75,42.05912],[32.74355,42.05891],[32.69242,42.04657],[32.64763,42.04164],[32.61025,42.03352],[32.563,42.02436],[32.5,42.01671],[32.49035,42.01554],[32.45539,42.0],[32.25,42.0],[32.0,42.0]]]},"properties":{"name":"C28, C29, D28, D29","status":"CURRENT","country":"Turkiye","area_sqkm":"8841.54535824497","shore_status":"OFFSHORE"}},{"type":"Feature","id":"mps_mapping_block.25c5a43a-0518-42b8-bcce-90dce754313a","geometry":{"type":"Polygon","coordinates":[[[33.49992,39.12421],[33.49992,38.99921],[33.3741,38.99921],[33.24931,38.99921],[33.24931,39.12421],[33.24931,39.24921],[33.3741,39.24921],[33.49992,39.24921],[33.49992,39.12421]]]},"properties":{"name":"J30C","status":"OPEN","country":"Turkiye","area_sqkm":"601.468919464874","shore_status":"ONSHORE"}},{"type":"Feature","id":"mps_mapping_block.eca5a8c6-18e2-403a-8b50-be0a6c485f13","geometry":{"type":"Polygon","coordinates":[[[33.9991,37.62421],[33.9991,37.49921],[33.8743,37.49921],[33.74951,37.49921],[33.74951,37.62421],[33.74951,37.74921],[33.8743,37.74921],[33.9991,37.74921],[33.9991,37.62421]]]},"properties":{"name":"M31C","status":"OPEN","country":"Turkiye","area_sqkm":"611.38275204985","shore_status":"ONSHORE"}},{"type":"Feature","id":"mps_mapping_block.0824b004-d1c4-4b83-a6ea-10a96e0671ff","geometry":{"type":"Polygon","coordinates":[[[34.2497,40.37421],[34.2497,40.24921],[34.12491,40.24921],[33.9991,40.24921],[33.9991,40.37421],[33.9991,40.49921],[34.12491,40.49921],[34.2497,40.49921],[34.2497,40.37421]]]},"properties":{"name":"H32A","status":"OPEN","country":"Turkiye","area_sqkm":"590.814118269806","shore_status":"ONSHORE"}},{"type":"Feature","id":"mps_mapping_block.221c2d54-9ba6-428d-b465-5f7af61b6981","geometry":{"type":"Polygon","coordinates":[[[33.9991,37.87421],[33.9991,37.74921],[33.8743,37.74921],[33.74951,37.74921],[33.74951,37.87421],[33.74951,37.99921],[33.8743,37.99921],[33.9991,37.99921],[33.9991,37.87421]]]},"properties":{"name":"M31B","status":"OPEN","country":"Turkiye","area_sqkm":"609.347989370079","shore_status":"ONSHORE"}},{"type":"Feature","id":"mps_mapping_block.0bdcea68-3773-45ee-a815-afd4eb34dc0c","geometry":{"type":"Polygon","coordinates":[[[36.24948,39.62421],[36.24948,39.49842],[36.12468,39.49842],[35.99989,39.49842],[35.99989,39.62421],[35.99989,39.74842],[36.12468,39.74842],[36.24948,39.74842],[36.24948,39.62421]]]},"properties":{"name":"I36D","status":"OPEN","country":"Turkiye","area_sqkm":"594.833167652611","shore_status":"ONSHORE"}},{"type":"Feature","id":"mps_mapping_block.1025ca37-c21e-4044-bc0a-0afd0d0223cd","geometry":{"type":"Polygon","coordinates":[[[35.74928,40.62342],[35.74928,40.49921],[35.62448,40.49921],[35.49969,40.49921],[35.49969,40.62342],[35.49969,40.74921],[35.62448,40.74921],[35.74928,40.74921],[35.74928,40.62342]]]},"properties":{"name":"G35D","status":"OPEN","country":"Turkiye","area_sqkm":"586.280496208755","shore_status":"ONSHORE"}},{"type":"Feature","id":"mps_mapping_block.b5350a85-3cc6-4d13-82bd-41d04ee8b9a5","geometry":{"type":"Polygon","coordinates":[[[35.24908,41.12421],[35.24908,40.99921],[35.12429,40.99921],[34.99949,40.99921],[34.99949,41.12421],[34.99949,41.24921],[35.12429,41.24921],[35.24908,41.24921],[35.24908,41.12421]]]},"properties":{"name":"F34D","status":"OPEN","country":"Turkiye","area_sqkm":"581.932117670868","shore_status":"ONSHORE"}},{"type":"Feature","id":"mps_mapping_block.be7a7c59-bd39-4c7b-b517-ce6cb0b5cb0a","geometry":{"type":"Polygon","coordinates":[[[35.49969,40.12421],[35.49969,39.99842],[35.37489,39.99842],[35.24908,39.99842],[35.24908,40.12421],[35.24908,40.24921],[35.37489,40.24921],[35.49969,40.24921],[35.49969,40.12421]]]},"properties":{"name":"H34C","status":"OPEN","country":"Turkiye","area_sqkm":"594.859999449753","shore_status":"ONSHORE"}},{"type":"Feature","id":"mps_mapping_block.57ccd4d8-9509-4e3e-b1ab-9701bdad0a8a","geometry":{"type":"Polygon","coordinates":[[[35.5,42.25],[35.5,42.5],[35.75,42.5],[35.75,42.25],[35.5,42.25]]]},"properties":{"name":"C34, C35, D34, D35","status":"CURRENT","country":"Turkiye","area_sqkm":"571.804088982529","shore_status":"OFFSHORE"}},{"type":"Feature","id":"mps_mapping_block.09b4155c-4c9f-4f99-9b47-d5ad14386693","geometry":{"type":"Polygon","coordinates":[[[33.74951,40.62342],[33.74951,40.49921],[33.62471,40.49921],[33.49992,40.49921],[33.49992,40.62342],[33.49992,40.74921],[33.62471,40.74921],[33.74951,40.74921],[33.74951,40.62342]]]},"properties":{"name":"G31D","status":"OPEN","country":"Turkiye","area_sqkm":"586.278147263222","shore_status":"ONSHORE"}},{"type":"Feature","id":"mps_mapping_block.be96ed21-4670-4098-8e1b-9bf01cc6ed87","geometry":{"type":"Polygon","coordinates":[[[35.74928,40.12421],[35.74928,39.99842],[35.62448,39.99842],[35.49969,39.99842],[35.49969,40.12421],[35.49969,40.24921],[35.62448,40.24921],[35.74928,40.24921],[35.74928,40.12421]]]},"properties":{"name":"H35D","status":"OPEN","country":"Turkiye","area_sqkm":"592.45545581382","shore_status":"ONSHORE"}},{"type":"Feature","id":"mps_mapping_block.bf86f79c-6873-4381-adaa-136ee319312c","geometry":{"type":"Polygon","coordinates":[[[34.7499,40.62342],[34.7499,40.49921],[34.62409,40.49921],[34.49929,40.49921],[34.49929,40.62342],[34.49929,40.74921],[34.62409,40.74921],[34.7499,40.74921],[34.7499,40.62342]]]},"properties":{"name":"G33D","status":"OPEN","country":"Turkiye","area_sqkm":"588.659978063416","shore_status":"ONSHORE"}},{"type":"Feature","id":"mps_mapping_block.bfc9dc87-ac3a-400c-8be3-700ad6af5a6d","geometry":{"type":"Polygon","coordinates":[[[35.99989,38.37342],[35.99989,38.24921],[35.87408,38.24921],[35.74928,38.24921],[35.74928,38.37342],[35.74928,38.49921],[35.87408,38.49921],[35.99989,38.49921],[35.99989,38.37342]]]},"properties":{"name":"L35B","status":"OPEN","country":"Turkiye","area_sqkm":"607.70959049334","shore_status":"ONSHORE"}},{"type":"Feature","id":"mps_mapping_block.4ca53314-50ef-44d2-8226-46c2c4cf94a2","geometry":{"type":"Polygon","coordinates":[[[35.18512,42.25],[35.25,42.25],[35.25,42.23596],[35.24666,42.23665],[35.20223,42.23877],[35.18512,42.25]]]},"properties":{"name":"C34, C35, D34, D35","status":"CURRENT","country":"Turkiye","area_sqkm":"6.30783113538075","shore_status":"OFFSHORE"}},{"type":"Feature","id":"mps_mapping_block.cb2c6a5f-cdba-412e-b979-7e116ef2b9b8","geometry":{"type":"Polygon","coordinates":[[[33.75,43.0],[33.75,43.19551],[33.75037,43.19551],[34.0,43.18775],[34.0,43.0],[33.75,43.0]]]},"properties":{"name":"B30, B31","status":"CURRENT","country":"Turkiye","area_sqkm":"433.315577282253","shore_status":"OFFSHORE"}},{"type":"Feature","id":"mps_mapping_block.5c5eef8f-1a92-46d7-a8f8-fc5472888b07","geometry":{"type":"Polygon","coordinates":[[[35.0,43.25],[35.0,43.33606],[35.25,43.38453],[35.25,43.25],[35.0,43.25]]]},"properties":{"name":"B34, B35","status":"CURRENT","country":"Turkiye","area_sqkm":"248.561255114899","shore_status":"OFFSHORE"}},{"type":"Feature","id":"mps_mapping_block.b75500dd-12f3-4c65-9c3b-6034fd7a1352","geometry":{"type":"Polygon","coordinates":[[[33.74951,39.62421],[33.74951,39.49842],[33.62471,39.49842],[33.49992,39.49842],[33.49992,39.62421],[33.49992,39.74842],[33.62471,39.74842],[33.74951,39.74842],[33.74951,39.62421]]]},"properties":{"name":"I31D","status":"OPEN","country":"Turkiye","area_sqkm":"594.835550883812","shore_status":"ONSHORE"}},{"type":"Feature","id":"mps_mapping_block.54508caf-a50d-42c6-a887-131e3d1e13f5","geometry":{"type":"Polygon","coordinates":[[[34.25,42.75],[34.25,43.0],[34.5,43.0],[34.5,42.75],[34.25,42.75]]]},"properties":{"name":"C32, C33, D32, D33","status":"CURRENT","country":"Turkiye","area_sqkm":"567.29616063092","shore_status":"OFFSHORE"}},{"type":"Feature","id":"mps_mapping_block.c06fc4b6-3b6e-4352-a6ef-6717d386c1b3","geometry":{"type":"Polygon","coordinates":[[[34.0,42.18009],[34.0,42.25],[34.0,42.5],[34.0,42.75],[34.0,43.0],[34.25,43.0],[34.5,43.0],[34.75,43.0],[35.0,43.0],[35.0,42.75],[35.0,42.5],[35.0,42.29641],[34.95079,42.29801],[34.90847,42.29202],[34.88096,42.29096],[34.86439,42.28496],[34.84429,42.2825],[34.8256,42.27333],[34.81008,42.26909],[34.78751,42.25993],[34.77318,42.25],[34.76001,42.24088],[34.75,42.23113],[34.74625,42.22748],[34.72933,42.20844],[34.70711,42.17987],[34.68877,42.14496],[34.63869,42.14672],[34.54595,42.17282],[34.5,42.17363],[34.44544,42.17458],[34.37597,42.16083],[34.31672,42.14602],[34.29133,42.14849],[34.25,42.1569],[34.17002,42.17317],[34.12735,42.17635],[34.07516,42.18023],[34.00251,42.18023],[34.0,42.18009]]]},"properties":{"name":"C32, C33, D32, D33","status":"CURRENT","country":"Turkiye","area_sqkm":"7330.92865766551","shore_status":"OFFSHORE"}},{"type":"Feature","id":"mps_mapping_block.b95d3b25-9beb-453d-a249-8c7f504c5026","geometry":{"type":"Polygon","coordinates":[[[33.74951,41.37421],[33.74951,41.24921],[33.62471,41.24921],[33.49992,41.24921],[33.49992,41.37421],[33.49992,41.49921],[33.62471,41.49921],[33.74951,41.49921],[33.74951,41.37421]]]},"properties":{"name":"F31A","status":"OPEN","country":"Turkiye","area_sqkm":"579.738697617653","shore_status":"ONSHORE"}},{"type":"Feature","id":"mps_mapping_block.b98bd1db-9e2e-4461-98a9-a67689c22225","geometry":{"type":"Polygon","coordinates":[[[34.99949,38.12421],[34.99949,37.99921],[34.8747,37.99921],[34.7499,37.99921],[34.7499,38.12421],[34.7499,38.24921],[34.8747,38.24921],[34.99949,38.24921],[34.99949,38.12421]]]},"properties":{"name":"L33C","status":"OPEN","country":"Turkiye","area_sqkm":"607.311252276649","shore_status":"ONSHORE"}},{"type":"Feature","id":"mps_mapping_block.b9aa6946-f54a-4599-a078-2a05a7b5a3a7","geometry":{"type":"Polygon","coordinates":[[[35.74928,38.12421],[35.74928,37.99921],[35.62448,37.99921],[35.49969,37.99921],[35.49969,38.12421],[35.49969,38.24921],[35.62448,38.24921],[35.74928,38.24921],[35.74928,38.12421]]]},"properties":{"name":"L35D","status":"OPEN","country":"Turkiye","area_sqkm":"607.311252276619","shore_status":"ONSHORE"}},{"type":"Feature","id":"mps_mapping_block.09d0688e-81c5-487a-aff4-e859a8e4ed8c","geometry":{"type":"Polygon","coordinates":[[[34.99949,40.37421],[34.99949,40.24921],[34.8747,40.24921],[34.7499,40.24921],[34.7499,40.37421],[34.7499,40.49921],[34.8747,40.49921],[34.99949,40.49921],[34.99949,40.37421]]]},"properties":{"name":"H33B","status":"OPEN","country":"Turkiye","area_sqkm":"588.435321119728","shore_status":"ONSHORE"}},{"type":"Feature","id":"mps_mapping_block.0a6542ed-d1ce-4a8b-a1d0-a0f7703ad59b","geometry":{"type":"Polygon","coordinates":[[[34.49929,41.62421],[34.49929,41.49921],[34.3745,41.49921],[34.2497,41.49921],[34.2497,41.62421],[34.2497,41.74842],[34.3745,41.74842],[34.49929,41.74842],[34.49929,41.62421]]]},"properties":{"name":"E32C","status":"OPEN","country":"Turkiye","area_sqkm":"575.724036657959","shore_status":"ONSHORE"}},{"type":"Feature","id":"mps_mapping_block.3c461036-1f3d-4438-a818-fa949a710608","geometry":{"type":"Polygon","coordinates":[[[35.5,42.00002],[35.5,42.25],[35.75,42.25],[35.75,42.0],[35.5,42.00002]]]},"properties":{"name":"C34, C35, D34, D35","status":"CURRENT","country":"Turkiye","area_sqkm":"574.017574091492","shore_status":"OFFSHORE"}},{"type":"Feature","id":"mps_mapping_block.3c7dc329-b5e1-4db3-a13a-c4c31c471532","geometry":{"type":"Polygon","coordinates":[[[34.5,42.25],[34.5,42.5],[34.75,42.5],[34.75,42.25],[34.5,42.25]]]},"properties":{"name":"C32, C33, D32, D33","status":"CURRENT","country":"Turkiye","area_sqkm":"571.804088982529","shore_status":"OFFSHORE"}},{"type":"Feature","id":"mps_mapping_block.34dc0b1c-1cf8-4d12-8741-87e43dfe458b","geometry":{"type":"Polygon","coordinates":[[[34.0,42.25],[34.0,42.5],[34.25,42.5],[34.25,42.25],[34.0,42.25]]]},"properties":{"name":"C32, C33, D32, D33","status":"CURRENT","country":"Turkiye","area_sqkm":"571.804088982529","shore_status":"OFFSHORE"}},{"type":"Feature","id":"mps_mapping_block.700ae403-5de5-478e-9fa6-45cfecf87e10","geometry":{"type":"Polygon","coordinates":[[[36.0,42.0],[36.0,42.25],[36.0,42.5],[36.0,42.75],[36.0,43.0],[36.25,43.0],[36.5,43.0],[36.75,43.0],[37.0,43.0],[37.0,42.75],[37.0,42.5],[37.0,42.25],[37.0,42.0],[36.75,42.0],[36.5,42.0],[36.25,42.0],[36.0,42.0]]]},"properties":{"name":"C36, C37, D36, D37","status":"CURRENT","country":"Turkiye","area_sqkm":"9130.78922149402","shore_status":"OFFSHORE"}},{"type":"Feature","id":"mps_mapping_block.0adbdf2b-9e44-44e8-9a0a-a08cc9e6f9b3","geometry":{"type":"Polygon","coordinates":[[[33.13187,45.55484],[33.15353,45.57317],[33.20353,45.56318],[33.20354,45.54984],[33.13187,45.55484]]]},"properties":{"name":"ZADORNENSKE","status":"CURRENT","country":"Ukraine","area_sqkm":"9.06197645534668","shore_status":"ONSHORE"}},{"type":"Feature","id":"mps_mapping_block.160bcd41-eda3-4faa-a50e-e8a1234ce650","geometry":{"type":"Polygon","coordinates":[[[34.2497,37.62421],[34.2497,37.49921],[34.12491,37.49921],[33.9991,37.49921],[33.9991,37.62421],[33.9991,37.74921],[34.12491,37.74921],[34.2497,37.74921],[34.2497,37.62421]]]},"properties":{"name":"M32D","status":"OPEN","country":"Turkiye","area_sqkm":"613.856775746666","shore_status":"ONSHORE"}},{"type":"Feature","id":"mps_mapping_block.069ee8bd-0fbd-49e8-bfc0-00c8df63e99f","geometry":{"type":"Polygon","coordinates":[[[33.74951,37.87421],[33.74951,37.74921],[33.62471,37.74921],[33.49992,37.74921],[33.49992,37.87421],[33.49992,37.99921],[33.62471,37.99921],[33.74951,37.99921],[33.74951,37.87421]]]},"properties":{"name":"M31A","status":"OPEN","country":"Turkiye","area_sqkm":"609.347989370079","shore_status":"ONSHORE"}},{"type":"Feature","id":"mps_mapping_block.1c8d4c5f-6600-4571-8403-c16e4fc1f3f2","geometry":{"type":"Polygon","coordinates":[[[35.77023,45.38821],[35.77357,45.39321],[35.78857,45.40154],[35.8019,45.40321],[35.77801,45.38654],[35.77023,45.38821]]]},"properties":{"name":"SEMENOVSKOE","status":"CURRENT","country":"Ukraine","area_sqkm":"1.58316526568222","shore_status":"BOTH"}},{"type":"Feature","id":"mps_mapping_block.1fe77f5a-d301-4459-b04a-54b375a86dd6","geometry":{"type":"Polygon","coordinates":[[[35.25,42.23596],[35.25,42.25],[35.5,42.25],[35.5,42.00002],[35.48082,42.00002],[35.47553,42.05398],[35.46777,42.07549],[35.44697,42.1104],[35.41629,42.14672],[35.37609,42.18411],[35.34012,42.20139],[35.30873,42.22043],[35.27911,42.22995],[35.25,42.23596]]]},"properties":{"name":"","status":"OPEN","country":"Turkiye","area_sqkm":"204.949989783218","shore_status":"OFFSHORE"}},{"type":"Feature","id":"mps_mapping_block.edadb0ba-637d-419d-918a-5e95d63f4ca6","geometry":{"type":"Polygon","coordinates":[[[33.24931,38.62342],[33.24931,38.49921],[33.12452,38.49921],[32.99972,38.49921],[32.99972,38.62342],[32.99972,38.74921],[33.12452,38.74921],[33.24931,38.74921],[33.24931,38.62342]]]},"properties":{"name":"K30D","status":"OPEN","country":"Turkiye","area_sqkm":"603.195346373314","shore_status":"ONSHORE"}},{"type":"Feature","id":"mps_mapping_block.23a0d7e2-1773-456f-8221-6575e3fd70d7","geometry":{"type":"Polygon","coordinates":[[[34.7499,39.37421],[34.7499,39.24921],[34.62409,39.24921],[34.49929,39.24921],[34.49929,39.37421],[34.49929,39.49842],[34.62409,39.49842],[34.7499,39.49842],[34.7499,39.37421]]]},"properties":{"name":"J33A","status":"OPEN","country":"Turkiye","area_sqkm":"597.465125585381","shore_status":"ONSHORE"}},{"type":"Feature","id":"mps_mapping_block.2c7a8867-5ff4-408f-9320-4aa35c871c83","geometry":{"type":"Polygon","coordinates":[[[35.25,43.25],[35.25,43.38453],[35.4974,43.43249],[35.5,43.4325],[35.5,43.25],[35.25,43.25]]]},"properties":{"name":"B34, B35","status":"CURRENT","country":"Turkiye","area_sqkm":"357.629915398122","shore_status":"OFFSHORE"}},{"type":"Feature","id":"mps_mapping_block.297d836b-feb6-4090-8c03-8f55998b516d","geometry":{"type":"Polygon","coordinates":[[[33.24931,41.87421],[33.24931,41.74842],[33.12452,41.74842],[32.99972,41.74842],[32.99972,41.87421],[32.99972,41.99842],[33.12452,41.99842],[33.24931,41.99842],[33.24931,41.87421]]]},"properties":{"name":"E30A","status":"OPEN","country":"Turkiye","area_sqkm":"575.34132676812","shore_status":"BOTH"}},{"type":"Feature","id":"mps_mapping_block.4345d636-47e4-48e5-97e1-ec9c9f46b04d","geometry":{"type":"Polygon","coordinates":[[[34.25,42.1569],[34.25,42.25],[34.5,42.25],[34.5,42.17363],[34.44544,42.17458],[34.37597,42.16083],[34.31672,42.14602],[34.29133,42.14849],[34.25,42.1569]]]},"properties":{"name":"C32, C33, D32, D33","status":"CURRENT","country":"Turkiye","area_sqkm":"203.837037061192","shore_status":"OFFSHORE"}},{"type":"Feature","id":"mps_mapping_block.1147989b-25fe-4ea6-b382-9108bf447f55","geometry":{"type":"Polygon","coordinates":[[[34.25,43.0],[34.25,43.1884],[34.5,43.23872],[34.5,43.0],[34.25,43.0]]]},"properties":{"name":"B32, B33","status":"CURRENT","country":"Turkiye","area_sqkm":"482.815469376907","shore_status":"OFFSHORE"}},{"type":"Feature","id":"mps_mapping_block.08d691fe-5b49-4a3a-9863-84afee2fdfbe","geometry":{"type":"Polygon","coordinates":[[[34.5,42.5],[34.5,42.75],[34.75,42.75],[34.75,42.5],[34.5,42.5]]]},"properties":{"name":"C32, C33, D32, D33","status":"CURRENT","country":"Turkiye","area_sqkm":"569.555666574234","shore_status":"OFFSHORE"}},{"type":"Feature","id":"mps_mapping_block.29e8ae69-433b-4d87-a100-ef7ba1352469","geometry":{"type":"Polygon","coordinates":[[[34.99949,38.62342],[34.99949,38.49921],[34.8747,38.49921],[34.7499,38.49921],[34.7499,38.62342],[34.7499,38.74921],[34.8747,38.74921],[34.99949,38.74921],[34.99949,38.62342]]]},"properties":{"name":"K33C","status":"OPEN","country":"Turkiye","area_sqkm":"603.19776309848","shore_status":"ONSHORE"}},{"type":"Feature","id":"mps_mapping_block.1f23899e-311f-4acb-916d-75b990d79815","geometry":{"type":"Polygon","coordinates":[[[35.25,42.25],[35.25,42.5],[35.5,42.5],[35.5,42.25],[35.25,42.25]]]},"properties":{"name":"C34, C35, D34, D35","status":"CURRENT","country":"Turkiye","area_sqkm":"571.804088982529","shore_status":"OFFSHORE"}},{"type":"Feature","id":"mps_mapping_block.2a827688-93d0-48b9-b6c9-c1a717680963","geometry":{"type":"Polygon","coordinates":[[[33.24931,38.12421],[33.24931,37.99921],[33.12452,37.99921],[32.99972,37.99921],[32.99972,38.12421],[32.99972,38.24921],[33.12452,38.24921],[33.24931,38.24921],[33.24931,38.12421]]]},"properties":{"name":"L30D","status":"OPEN","country":"Turkiye","area_sqkm":"607.308819070633","shore_status":"ONSHORE"}},{"type":"Feature","id":"mps_mapping_block.0c28c0a9-2928-441d-940e-0ffdc55f55dd","geometry":{"type":"Polygon","coordinates":[[[34.75,42.75],[34.75,43.0],[35.0,43.0],[35.0,42.75],[34.75,42.75]]]},"properties":{"name":"C32, C33, D32, D33","status":"CURRENT","country":"Turkiye","area_sqkm":"567.29616063092","shore_status":"OFFSHORE"}},{"type":"Feature","id":"mps_mapping_block.eea85698-c617-42be-8cd8-134402ffe741","geometry":{"type":"Polygon","coordinates":[[[33.49992,37.62421],[33.49992,37.49921],[33.3741,37.49921],[33.24931,37.49921],[33.24931,37.62421],[33.24931,37.74921],[33.3741,37.74921],[33.49992,37.74921],[33.49992,37.62421]]]},"properties":{"name":"M30C","status":"OPEN","country":"Turkiye","area_sqkm":"613.866573860298","shore_status":"ONSHORE"}},{"type":"Feature","id":"mps_mapping_block.2c0f2c93-68a0-4848-9806-3e37b5e26d17","geometry":{"type":"Polygon","coordinates":[[[36.24948,40.12421],[36.24948,39.99842],[36.12468,39.99842],[35.99989,39.99842],[35.99989,40.12421],[35.99989,40.24921],[36.12468,40.24921],[36.24948,40.24921],[36.24948,40.12421]]]},"properties":{"name":"H36D","status":"OPEN","country":"Turkiye","area_sqkm":"592.45070844236","shore_status":"ONSHORE"}},{"type":"Feature","id":"mps_mapping_block.0ae20a81-cbb8-4b99-a300-18b94879ce8c","geometry":{"type":"Polygon","coordinates":[[[32.75,42.75],[32.75,43.0],[33.0,43.0],[33.0,42.75],[32.75,42.75]]]},"properties":{"name":"C28, C29, D28, D29","status":"CURRENT","country":"Turkiye","area_sqkm":"567.29616063092","shore_status":"OFFSHORE"}},{"type":"Feature","id":"mps_mapping_block.364c0ec1-c953-4816-a00c-4d40f3bbb83b","geometry":{"type":"Polygon","coordinates":[[[33.25,42.25],[33.25,42.5],[33.5,42.5],[33.5,42.25],[33.25,42.25]]]},"properties":{"name":"C30, C31, D30, D31","status":"CURRENT","country":"Turkiye","area_sqkm":"571.804088982529","shore_status":"OFFSHORE"}},{"type":"Feature","id":"mps_mapping_block.5739b9fd-5f44-469b-b3eb-10c61e09500e","geometry":{"type":"Polygon","coordinates":[[[33.25,42.20485],[33.25,42.25],[33.5,42.25],[33.5,42.20538],[33.38538,42.2162],[33.35187,42.21902],[33.28981,42.21267],[33.25,42.20485]]]},"properties":{"name":"C30, C31, D30, D31","status":"CURRENT","country":"Turkiye","area_sqkm":"85.7497386282063","shore_status":"OFFSHORE"}},{"type":"Feature","id":"mps_mapping_block.2ebac5a4-e464-4053-82a2-e4332db3c298","geometry":{"type":"Polygon","coordinates":[[[34.7499,38.62342],[34.7499,38.49921],[34.62409,38.49921],[34.49929,38.49921],[34.49929,38.62342],[34.49929,38.74921],[34.62409,38.74921],[34.7499,38.74921],[34.7499,38.62342]]]},"properties":{"name":"K33D","status":"OPEN","country":"Turkiye","area_sqkm":"605.645905685181","shore_status":"ONSHORE"}},{"type":"Feature","id":"mps_mapping_block.f56eaebf-dc5f-4fef-a02e-e64b755e10fd","geometry":{"type":"Polygon","coordinates":[[[35.49969,40.37421],[35.49969,40.24921],[35.37489,40.24921],[35.24908,40.24921],[35.24908,40.37421],[35.24908,40.49921],[35.37489,40.49921],[35.49969,40.49921],[35.49969,40.37421]]]},"properties":{"name":"H34B","status":"OPEN","country":"Turkiye","area_sqkm":"590.823548585587","shore_status":"ONSHORE"}},{"type":"Feature","id":"mps_mapping_block.07292f45-774f-4126-acc0-90cadf6df7b4","geometry":{"type":"Polygon","coordinates":[[[35.74928,38.87342],[35.74928,38.74921],[35.62448,38.74921],[35.49969,38.74921],[35.49969,38.87342],[35.49969,38.99921],[35.62448,38.99921],[35.74928,38.99921],[35.74928,38.87342]]]},"properties":{"name":"K35A","status":"OPEN","country":"Turkiye","area_sqkm":"601.123521328384","shore_status":"ONSHORE"}},{"type":"Feature","id":"mps_mapping_block.323d012a-4245-43b9-8170-cc6a02a9f778","geometry":{"type":"Polygon","coordinates":[[[33.74951,41.87421],[33.74951,41.74842],[33.62471,41.74842],[33.49992,41.74842],[33.49992,41.87421],[33.49992,41.99842],[33.62471,41.99842],[33.74951,41.99842],[33.74951,41.87421]]]},"properties":{"name":"E31A","status":"OPEN","country":"Turkiye","area_sqkm":"575.34132676812","shore_status":"BOTH"}},{"type":"Feature","id":"mps_mapping_block.346c425c-8bb5-4adc-9952-2481528a4500","geometry":{"type":"Polygon","coordinates":[[[35.24908,39.62421],[35.24908,39.49842],[35.12429,39.49842],[34.99949,39.49842],[34.99949,39.62421],[34.99949,39.74842],[35.12429,39.74842],[35.24908,39.74842],[35.24908,39.62421]]]},"properties":{"name":"I34D","status":"OPEN","country":"Turkiye","area_sqkm":"594.833167652611","shore_status":"ONSHORE"}},{"type":"Feature","id":"mps_mapping_block.363b4b47-b416-4d28-b177-e44e4ec51fc0","geometry":{"type":"Polygon","coordinates":[[[35.49969,41.62421],[35.49969,41.49921],[35.37489,41.49921],[35.24908,41.49921],[35.24908,41.62421],[35.24908,41.74842],[35.37489,41.74842],[35.49969,41.74842],[35.49969,41.62421]]]},"properties":{"name":"E34C","status":"OPEN","country":"Turkiye","area_sqkm":"578.06298992144","shore_status":"BOTH"}},{"type":"Feature","id":"mps_mapping_block.3b3d3522-854c-45a6-b6c2-848ce19f93e1","geometry":{"type":"Polygon","coordinates":[[[33.74951,39.12421],[33.74951,38.99921],[33.62471,38.99921],[33.49992,38.99921],[33.49992,39.12421],[33.49992,39.24921],[33.62471,39.24921],[33.74951,39.24921],[33.74951,39.12421]]]},"properties":{"name":"J31D","status":"OPEN","country":"Turkiye","area_sqkm":"599.035261088913","shore_status":"ONSHORE"}},{"type":"Feature","id":"mps_mapping_block.4132bbec-8acd-44d7-a90c-99ae9057a714","geometry":{"type":"Polygon","coordinates":[[[34.2497,38.12421],[34.2497,37.99921],[34.12491,37.99921],[33.9991,37.99921],[33.9991,38.12421],[33.9991,38.24921],[34.12491,38.24921],[34.2497,38.24921],[34.2497,38.12421]]]},"properties":{"name":"L32D","status":"OPEN","country":"Turkiye","area_sqkm":"609.766357125214","shore_status":"ONSHORE"}},{"type":"Feature","id":"mps_mapping_block.f0570bc1-9d9d-40cc-8831-fb05c702316c","geometry":{"type":"Polygon","coordinates":[[[35.24908,41.87421],[35.24908,41.74842],[35.12429,41.74842],[34.99949,41.74842],[34.99949,41.87421],[34.99949,41.99842],[35.12429,41.99842],[35.24908,41.99842],[35.24908,41.87421]]]},"properties":{"name":"E34A","status":"OPEN","country":"Turkiye","area_sqkm":"575.339021641472","shore_status":"BOTH"}},{"type":"Feature","id":"mps_mapping_block.4636d0b1-61bc-4a3f-b420-3d268952e210","geometry":{"type":"Polygon","coordinates":[[[33.49992,40.62342],[33.49992,40.49921],[33.3741,40.49921],[33.24931,40.49921],[33.24931,40.62342],[33.24931,40.74921],[33.3741,40.74921],[33.49992,40.74921],[33.49992,40.62342]]]},"properties":{"name":"G30C","status":"OPEN","country":"Turkiye","area_sqkm":"588.659978063362","shore_status":"ONSHORE"}},{"type":"Feature","id":"mps_mapping_block.47925b8c-0482-450b-ba7c-ea97849b747a","geometry":{"type":"Polygon","coordinates":[[[33.74951,41.62421],[33.74951,41.49921],[33.62471,41.49921],[33.49992,41.49921],[33.49992,41.62421],[33.49992,41.74842],[33.62471,41.74842],[33.74951,41.74842],[33.74951,41.62421]]]},"properties":{"name":"E31D","status":"OPEN","country":"Turkiye","area_sqkm":"575.724036657959","shore_status":"ONSHORE"}},{"type":"Feature","id":"mps_mapping_block.31c6b466-b048-4603-9ed4-eed36f5e886d","geometry":{"type":"Polygon","coordinates":[[[35.0,42.75],[35.0,43.0],[35.25,43.0],[35.25,42.75],[35.0,42.75]]]},"properties":{"name":"C34, C35, D34, D35","status":"CURRENT","country":"Turkiye","area_sqkm":"567.29616063092","shore_status":"OFFSHORE"}},{"type":"Feature","id":"mps_mapping_block.4bf497e5-1ba2-418e-8753-d918119aa360","geometry":{"type":"Polygon","coordinates":[[[36.24948,38.62342],[36.24948,38.49921],[36.12468,38.49921],[35.99989,38.49921],[35.99989,38.62342],[35.99989,38.74921],[36.12468,38.74921],[36.24948,38.74921],[36.24948,38.62342]]]},"properties":{"name":"K36D","status":"OPEN","country":"Turkiye","area_sqkm":"603.192929648155","shore_status":"ONSHORE"}},{"type":"Feature","id":"mps_mapping_block.35f93476-9314-451c-ac79-ce543f259f17","geometry":{"type":"Polygon","coordinates":[[[36.0,43.25],[36.0,43.43481],[36.18401,43.43566],[36.25,43.4093],[36.25,43.25],[36.0,43.25]]]},"properties":{"name":"B36, B37","status":"CURRENT","country":"Turkiye","area_sqkm":"409.549746920555","shore_status":"OFFSHORE"}},{"type":"Feature","id":"mps_mapping_block.4db98bf1-2555-4f77-b73b-dfafce696edc","geometry":{"type":"Polygon","coordinates":[[[34.49929,37.62421],[34.49929,37.49921],[34.3745,37.49921],[34.2497,37.49921],[34.2497,37.62421],[34.2497,37.74921],[34.3745,37.74921],[34.49929,37.74921],[34.49929,37.62421]]]},"properties":{"name":"M32C","status":"OPEN","country":"Turkiye","area_sqkm":"611.38275204985","shore_status":"ONSHORE"}},{"type":"Feature","id":"mps_mapping_block.c14bbed8-cccc-405e-aee4-8685fe0a690f","geometry":{"type":"Polygon","coordinates":[[[35.99989,39.87421],[35.99989,39.74842],[35.87408,39.74842],[35.74928,39.74842],[35.74928,39.87421],[35.74928,39.99842],[35.87408,39.99842],[35.99989,39.99842],[35.99989,39.87421]]]},"properties":{"name":"I35B","status":"OPEN","country":"Turkiye","area_sqkm":"595.115949578644","shore_status":"ONSHORE"}},{"type":"Feature","id":"mps_mapping_block.4e20dc44-9507-4137-833b-b558058f4e70","geometry":{"type":"Polygon","coordinates":[[[34.7499,38.37342],[34.7499,38.24921],[34.62409,38.24921],[34.49929,38.24921],[34.49929,38.37342],[34.49929,38.49921],[34.62409,38.49921],[34.7499,38.49921],[34.7499,38.37342]]]},"properties":{"name":"L33A","status":"OPEN","country":"Turkiye","area_sqkm":"607.716865460365","shore_status":"ONSHORE"}},{"type":"Feature","id":"mps_mapping_block.51a0f6f9-f97d-4f62-b6ec-e7828ea23b72","geometry":{"type":"Polygon","coordinates":[[[35.24908,42.12421],[35.24908,41.99842],[35.12429,41.99842],[34.99949,41.99842],[34.99949,42.12421],[34.99949,42.24921],[35.12429,42.24921],[35.24908,42.24921],[35.24908,42.12421]]]},"properties":{"name":"D34","status":"OPEN","country":"Turkiye","area_sqkm":"574.930980803909","shore_status":"BOTH"}},{"type":"Feature","id":"mps_mapping_block.5226363b-5628-40bc-b404-2e0e1d84bec8","geometry":{"type":"Polygon","coordinates":[[[33.75,43.19551],[33.75037,43.19551],[34.0,43.18775],[34.0,43.0],[33.75,43.0],[33.5,43.0],[33.25,43.0],[33.0,43.0],[33.0,43.25],[33.25,43.2323],[33.25172,43.23218],[33.5,43.20686],[33.50069,43.20679],[33.60226,43.19551],[33.75,43.19551]]]},"properties":{"name":"B30, B31","status":"CURRENT","country":"Turkiye","area_sqkm":"1922.07652087551","shore_status":"OFFSHORE"}},{"type":"Feature","id":"mps_mapping_block.523f0f50-58af-4836-ac2e-b3e1db9fad5c","geometry":{"type":"Polygon","coordinates":[[[34.7499,37.87421],[34.7499,37.74921],[34.62409,37.74921],[34.49929,37.74921],[34.49929,37.87421],[34.49929,37.99921],[34.62409,37.99921],[34.7499,37.99921],[34.7499,37.87421]]]},"properties":{"name":"M33A","status":"OPEN","country":"Turkiye","area_sqkm":"611.823544667793","shore_status":"ONSHORE"}},{"type":"Feature","id":"mps_mapping_block.54f56e36-d5a6-41ac-a8b5-16ce7bf4bf36","geometry":{"type":"Polygon","coordinates":[[[33.24931,40.87342],[33.24931,40.74921],[33.12452,40.74921],[32.99972,40.74921],[32.99972,40.87342],[32.99972,40.99921],[33.12452,40.99921],[33.24931,40.99921],[33.24931,40.87342]]]},"properties":{"name":"G30A","status":"OPEN","country":"Turkiye","area_sqkm":"584.111963538071","shore_status":"ONSHORE"}},{"type":"Feature","id":"mps_mapping_block.57c0280b-8e01-41b4-9831-f6ad75b64c09","geometry":{"type":"Polygon","coordinates":[[[33.74951,39.37421],[33.74951,39.24921],[33.62471,39.24921],[33.49992,39.24921],[33.49992,39.37421],[33.49992,39.49842],[33.62471,39.49842],[33.74951,39.49842],[33.74951,39.37421]]]},"properties":{"name":"J31A","status":"OPEN","country":"Turkiye","area_sqkm":"595.04766735054","shore_status":"ONSHORE"}},{"type":"Feature","id":"mps_mapping_block.1e45ca45-3f5d-42a9-8896-3f84ae0b0238","geometry":{"type":"Polygon","coordinates":[[[34.75,43.0],[34.75,43.25],[35.0,43.25],[35.0,43.0],[34.75,43.0]]]},"properties":{"name":"B32, B33","status":"CURRENT","country":"Turkiye","area_sqkm":"565.02561007373","shore_status":"OFFSHORE"}},{"type":"Feature","id":"mps_mapping_block.5979102c-365a-48db-9409-e5b44f69bcac","geometry":{"type":"Polygon","coordinates":[[[34.99949,40.12421],[34.99949,39.99842],[34.8747,39.99842],[34.7499,39.99842],[34.7499,40.12421],[34.7499,40.24921],[34.8747,40.24921],[34.99949,40.24921],[34.99949,40.12421]]]},"properties":{"name":"H33C","status":"OPEN","country":"Turkiye","area_sqkm":"592.455455813812","shore_status":"ONSHORE"}},{"type":"Feature","id":"mps_mapping_block.5fa7dc99-55eb-452d-a0f4-a5cbc7006748","geometry":{"type":"Polygon","coordinates":[[[35.49969,37.87421],[35.49969,37.74921],[35.37489,37.74921],[35.24908,37.74921],[35.24908,37.87421],[35.24908,37.99921],[35.37489,37.99921],[35.49969,37.99921],[35.49969,37.87421]]]},"properties":{"name":"M34B","status":"OPEN","country":"Turkiye","area_sqkm":"611.82354466777","shore_status":"ONSHORE"}},{"type":"Feature","id":"mps_mapping_block.60b1d656-7113-4a99-9b84-a68710afe436","geometry":{"type":"Polygon","coordinates":[[[33.49992,42.12421],[33.49992,41.99842],[33.3741,41.99842],[33.24931,41.99842],[33.24931,42.12421],[33.24931,42.24921],[33.3741,42.24921],[33.49992,42.24921],[33.49992,42.12421]]]},"properties":{"name":"D30C","status":"OPEN","country":"Turkiye","area_sqkm":"577.269024976784","shore_status":"BOTH"}},{"type":"Feature","id":"mps_mapping_block.61847730-f8bc-41bf-911d-d9055fc62f52","geometry":{"type":"Polygon","coordinates":[[[34.2497,39.37421],[34.2497,39.24921],[34.12491,39.24921],[33.9991,39.24921],[33.9991,39.37421],[33.9991,39.49842],[34.12491,39.49842],[34.2497,39.49842],[34.2497,39.37421]]]},"properties":{"name":"J32A","status":"OPEN","country":"Turkiye","area_sqkm":"597.455589260933","shore_status":"ONSHORE"}},{"type":"Feature","id":"mps_mapping_block.48a5f726-116f-40f4-8592-1d65d35a11f0","geometry":{"type":"Polygon","coordinates":[[[35.5,42.5],[35.5,42.75],[35.75,42.75],[35.75,42.5],[35.5,42.5]]]},"properties":{"name":"C34, C35, D34, D35","status":"CURRENT","country":"Turkiye","area_sqkm":"569.555666574234","shore_status":"OFFSHORE"}},{"type":"Feature","id":"mps_mapping_block.6673cba5-777a-4600-b3cf-d668e42d5ec9","geometry":{"type":"Polygon","coordinates":[[[35.24908,40.87342],[35.24908,40.74921],[35.12429,40.74921],[34.99949,40.74921],[34.99949,40.87342],[34.99949,40.99921],[35.12429,40.99921],[35.24908,40.99921],[35.24908,40.87342]]]},"properties":{"name":"G34A","status":"OPEN","country":"Turkiye","area_sqkm":"584.109623271423","shore_status":"ONSHORE"}},{"type":"Feature","id":"mps_mapping_block.67173bbf-5c2e-494c-899e-b244f4e3b194","geometry":{"type":"Polygon","coordinates":[[[36.24948,41.62421],[36.24948,41.49921],[36.12468,41.49921],[35.99989,41.49921],[35.99989,41.62421],[35.99989,41.74842],[36.12468,41.74842],[36.24948,41.74842],[36.24948,41.62421]]]},"properties":{"name":"E36D","status":"OPEN","country":"Turkiye","area_sqkm":"575.72172999791","shore_status":"BOTH"}},{"type":"Feature","id":"mps_mapping_block.67fe89f4-8b17-4df9-91a5-d731a038f3e0","geometry":{"type":"Polygon","coordinates":[[[34.99949,40.62342],[34.99949,40.49921],[34.8747,40.49921],[34.7499,40.49921],[34.7499,40.62342],[34.7499,40.74921],[34.8747,40.74921],[34.99949,40.74921],[34.99949,40.62342]]]},"properties":{"name":"G33C","status":"OPEN","country":"Turkiye","area_sqkm":"586.280496208771","shore_status":"ONSHORE"}},{"type":"Feature","id":"mps_mapping_block.6942a4f1-512a-4c19-af3a-6e49ec151107","geometry":{"type":"Polygon","coordinates":[[[35.99989,41.12421],[35.99989,40.99921],[35.87408,40.99921],[35.74928,40.99921],[35.74928,41.12421],[35.74928,41.24921],[35.87408,41.24921],[35.99989,41.24921],[35.99989,41.12421]]]},"properties":{"name":"F35C","status":"OPEN","country":"Turkiye","area_sqkm":"584.291638502129","shore_status":"ONSHORE"}},{"type":"Feature","id":"mps_mapping_block.696c685f-5a0d-4266-a151-24c90ed4e77b","geometry":{"type":"Polygon","coordinates":[[[33.9991,39.62421],[33.9991,39.49842],[33.8743,39.49842],[33.74951,39.49842],[33.74951,39.62421],[33.74951,39.74842],[33.8743,39.74842],[33.9991,39.74842],[33.9991,39.62421]]]},"properties":{"name":"I31C","status":"OPEN","country":"Turkiye","area_sqkm":"594.835550883812","shore_status":"ONSHORE"}},{"type":"Feature","id":"mps_mapping_block.6df7696a-bea6-4356-a618-489de5559194","geometry":{"type":"Polygon","coordinates":[[[34.49929,39.87421],[34.49929,39.74842],[34.3745,39.74842],[34.2497,39.74842],[34.2497,39.87421],[34.2497,39.99842],[34.3745,39.99842],[34.49929,39.99842],[34.49929,39.87421]]]},"properties":{"name":"I32B","status":"OPEN","country":"Turkiye","area_sqkm":"592.715091989555","shore_status":"ONSHORE"}},{"type":"Feature","id":"mps_mapping_block.6e74b514-f2b6-4ad0-941e-ccf2cd00d920","geometry":{"type":"Polygon","coordinates":[[[36.24948,40.37421],[36.24948,40.24921],[36.12468,40.24921],[35.99989,40.24921],[35.99989,40.37421],[35.99989,40.49921],[36.12468,40.49921],[36.24948,40.49921],[36.24948,40.37421]]]},"properties":{"name":"H36A","status":"OPEN","country":"Turkiye","area_sqkm":"588.430605961822","shore_status":"ONSHORE"}},{"type":"Feature","id":"mps_mapping_block.701d07be-dba7-49fe-a413-a5ba2d2fbefa","geometry":{"type":"Polygon","coordinates":[[[34.49929,41.12421],[34.49929,40.99921],[34.3745,40.99921],[34.2497,40.99921],[34.2497,41.12421],[34.2497,41.24921],[34.3745,41.24921],[34.49929,41.24921],[34.49929,41.12421]]]},"properties":{"name":"F32C","status":"OPEN","country":"Turkiye","area_sqkm":"581.934449213181","shore_status":"ONSHORE"}},{"type":"Feature","id":"mps_mapping_block.71497bd8-3f0f-4542-9866-9df695135499","geometry":{"type":"Polygon","coordinates":[[[34.99949,42.12421],[34.99949,41.99842],[34.8747,41.99842],[34.7499,41.99842],[34.7499,42.12421],[34.7499,42.24921],[34.8747,42.24921],[34.99949,42.24921],[34.99949,42.12421]]]},"properties":{"name":"D33C","status":"OPEN","country":"Turkiye","area_sqkm":"574.935587787506","shore_status":"BOTH"}},{"type":"Feature","id":"mps_mapping_block.5b39821a-dd6a-4ad9-b4dd-6a3b16ca7c54","geometry":{"type":"Polygon","coordinates":[[[33.0,42.75],[33.0,43.0],[33.25,43.0],[33.25,42.75],[33.0,42.75]]]},"properties":{"name":"C30, C31, D30, D31","status":"CURRENT","country":"Turkiye","area_sqkm":"567.29616063092","shore_status":"OFFSHORE"}},{"type":"Feature","id":"mps_mapping_block.c223a077-76d4-40e4-b76f-db4828f94c52","geometry":{"type":"Polygon","coordinates":[[[34.49929,39.37421],[34.49929,39.24921],[34.3745,39.24921],[34.2497,39.24921],[34.2497,39.37421],[34.2497,39.49842],[34.3745,39.49842],[34.49929,39.49842],[34.49929,39.37421]]]},"properties":{"name":"J32B","status":"OPEN","country":"Turkiye","area_sqkm":"595.04766735054","shore_status":"ONSHORE"}},{"type":"Feature","id":"mps_mapping_block.731dd21c-ff0c-4c74-930c-42028b515ea5","geometry":{"type":"Polygon","coordinates":[[[33.24931,39.87421],[33.24931,39.74842],[33.12452,39.74842],[32.99972,39.74842],[32.99972,39.87421],[32.99972,39.99842],[33.12452,39.99842],[33.24931,39.99842],[33.24931,39.87421]]]},"properties":{"name":"I30A","status":"OPEN","country":"Turkiye","area_sqkm":"592.715091989555","shore_status":"ONSHORE"}},{"type":"Feature","id":"mps_mapping_block.f2643e1e-5320-41f4-ae44-d001e5c90773","geometry":{"type":"Polygon","coordinates":[[[34.2497,40.87342],[34.2497,40.74921],[34.12491,40.74921],[33.9991,40.74921],[33.9991,40.87342],[33.9991,40.99921],[34.12491,40.99921],[34.2497,40.99921],[34.2497,40.87342]]]},"properties":{"name":"G32A","status":"OPEN","country":"Turkiye","area_sqkm":"586.475632845459","shore_status":"ONSHORE"}},{"type":"Feature","id":"mps_mapping_block.73610445-87c3-42ca-89bc-e3d382ce6e32","geometry":{"type":"Polygon","coordinates":[[[33.49992,39.37421],[33.49992,39.24921],[33.3741,39.24921],[33.24931,39.24921],[33.24931,39.37421],[33.24931,39.49842],[33.3741,39.49842],[33.49992,39.49842],[33.49992,39.37421]]]},"properties":{"name":"J30B","status":"OPEN","country":"Turkiye","area_sqkm":"597.465125585327","shore_status":"ONSHORE"}},{"type":"Feature","id":"mps_mapping_block.204b6d60-f131-4093-817f-02fc7bbc140c","geometry":{"type":"Polygon","coordinates":[[[32.75,42.05912],[32.75,42.25],[33.0,42.25],[33.0,42.13125],[32.95197,42.11217],[32.89837,42.09665],[32.81655,42.06174],[32.79927,42.06068],[32.75,42.05912]]]},"properties":{"name":"C28, C29, D28, D29","status":"CURRENT","country":"Turkiye","area_sqkm":"372.470237568141","shore_status":"OFFSHORE"}},{"type":"Feature","id":"mps_mapping_block.7636adb4-a667-4621-9c85-3f078eef904e","geometry":{"type":"Polygon","coordinates":[[[35.49969,39.87421],[35.49969,39.74842],[35.37489,39.74842],[35.24908,39.74842],[35.24908,39.87421],[35.24908,39.99842],[35.37489,39.99842],[35.49969,39.99842],[35.49969,39.87421]]]},"properties":{"name":"I34B","status":"OPEN","country":"Turkiye","area_sqkm":"595.123073785156","shore_status":"ONSHORE"}},{"type":"Feature","id":"mps_mapping_block.774254ae-dffd-47e8-83e1-c0127db76345","geometry":{"type":"Polygon","coordinates":[[[34.49929,38.37342],[34.49929,38.24921],[34.3745,38.24921],[34.2497,38.24921],[34.2497,38.37342],[34.2497,38.49921],[34.3745,38.49921],[34.49929,38.49921],[34.49929,38.37342]]]},"properties":{"name":"L32B","status":"OPEN","country":"Turkiye","area_sqkm":"605.257926623604","shore_status":"ONSHORE"}},{"type":"Feature","id":"mps_mapping_block.7835c896-c570-48aa-b91c-ee423a769250","geometry":{"type":"Polygon","coordinates":[[[35.24908,40.62342],[35.24908,40.49921],[35.12429,40.49921],[34.99949,40.49921],[34.99949,40.62342],[34.99949,40.74921],[35.12429,40.74921],[35.24908,40.74921],[35.24908,40.62342]]]},"properties":{"name":"G34D","status":"OPEN","country":"Turkiye","area_sqkm":"586.275798317658","shore_status":"ONSHORE"}},{"type":"Feature","id":"mps_mapping_block.78383ed6-ca68-4a3d-8da9-c55409e6027a","geometry":{"type":"Polygon","coordinates":[[[35.25,42.23596],[35.24666,42.23665],[35.20223,42.23877],[35.18512,42.25],[35.1786,42.25428],[35.13805,42.27227],[35.11689,42.27826],[35.06999,42.28884],[35.0051,42.29625],[35.0,42.29641],[35.0,42.5],[35.0,42.75],[35.0,43.0],[35.25,43.0],[35.5,43.0],[35.75,43.0],[36.0,43.0],[36.0,42.75],[36.0,42.5],[36.0,42.25],[36.0,42.0],[35.75,42.0],[35.5,42.00002],[35.48082,42.00002],[35.47553,42.05398],[35.46777,42.07549],[35.44697,42.1104],[35.41629,42.14672],[35.37609,42.18411],[35.34012,42.20139],[35.30873,42.22043],[35.27911,42.22995],[35.25,42.23596]]]},"properties":{"name":"C34, C35, D34, D35","status":"CURRENT","country":"Turkiye","area_sqkm":"8142.19204681524","shore_status":"OFFSHORE"}},{"type":"Feature","id":"mps_mapping_block.796e72e1-b00c-4391-97e1-64a00581585c","geometry":{"type":"Polygon","coordinates":[[[34.49929,40.62342],[34.49929,40.49921],[34.3745,40.49921],[34.2497,40.49921],[34.2497,40.62342],[34.2497,40.74921],[34.3745,40.74921],[34.49929,40.74921],[34.49929,40.62342]]]},"properties":{"name":"G32C","status":"OPEN","country":"Turkiye","area_sqkm":"586.278147263222","shore_status":"ONSHORE"}},{"type":"Feature","id":"mps_mapping_block.7a67a353-1708-47a9-b4f7-d05130026a9a","geometry":{"type":"Polygon","coordinates":[[[35.74928,39.37421],[35.74928,39.24921],[35.62448,39.24921],[35.49969,39.24921],[35.49969,39.37421],[35.49969,39.49842],[35.62448,39.49842],[35.74928,39.49842],[35.74928,39.37421]]]},"properties":{"name":"J35A","status":"OPEN","country":"Turkiye","area_sqkm":"595.050051431641","shore_status":"ONSHORE"}},{"type":"Feature","id":"mps_mapping_block.7a819d11-de0a-463f-ab13-58a8a6c95153","geometry":{"type":"Polygon","coordinates":[[[33.24931,37.37421],[33.24931,37.24921],[33.12452,37.24921],[32.99972,37.24921],[32.99972,37.37421],[32.99972,37.49921],[33.12452,37.49921],[33.24931,37.49921],[33.24931,37.37421]]]},"properties":{"name":"N30A","status":"OPEN","country":"Turkiye","area_sqkm":"613.383678775497","shore_status":"ONSHORE"}},{"type":"Feature","id":"mps_mapping_block.7b0cfa8e-d425-48e1-a0e4-9ad5859697b4","geometry":{"type":"Polygon","coordinates":[[[34.99949,41.62421],[34.99949,41.49921],[34.8747,41.49921],[34.7499,41.49921],[34.7499,41.62421],[34.7499,41.74842],[34.8747,41.74842],[34.99949,41.74842],[34.99949,41.62421]]]},"properties":{"name":"E33C","status":"OPEN","country":"Turkiye","area_sqkm":"575.726343318016","shore_status":"ONSHORE"}},{"type":"Feature","id":"mps_mapping_block.f11f464c-ba9b-4c30-8841-e3f60124236d","geometry":{"type":"Polygon","coordinates":[[[36.24948,37.62421],[36.24948,37.49921],[36.12468,37.49921],[35.99989,37.49921],[35.99989,37.62421],[35.99989,37.74921],[36.12468,37.74921],[36.24948,37.74921],[36.24948,37.62421]]]},"properties":{"name":"M36D","status":"OPEN","country":"Turkiye","area_sqkm":"611.380302521416","shore_status":"ONSHORE"}},{"type":"Feature","id":"mps_mapping_block.7db5e672-d222-47fa-b05d-215d24b2e9fc","geometry":{"type":"Polygon","coordinates":[[[34.99949,38.37342],[34.99949,38.24921],[34.8747,38.24921],[34.7499,38.24921],[34.7499,38.37342],[34.7499,38.49921],[34.8747,38.49921],[34.99949,38.49921],[34.99949,38.37342]]]},"properties":{"name":"L33B","status":"OPEN","country":"Turkiye","area_sqkm":"605.26035161261","shore_status":"ONSHORE"}},{"type":"Feature","id":"mps_mapping_block.813ec388-0073-4b9c-a199-1cf22c2f3e8a","geometry":{"type":"Polygon","coordinates":[[[34.49929,39.12421],[34.49929,38.99921],[34.3745,38.99921],[34.2497,38.99921],[34.2497,39.12421],[34.2497,39.24921],[34.3745,39.24921],[34.49929,39.24921],[34.49929,39.12421]]]},"properties":{"name":"J32C","status":"OPEN","country":"Turkiye","area_sqkm":"599.035261088913","shore_status":"ONSHORE"}},{"type":"Feature","id":"mps_mapping_block.f14e5795-9e30-464e-8a53-93402f7523b1","geometry":{"type":"Polygon","coordinates":[[[34.7499,41.37421],[34.7499,41.24921],[34.62409,41.24921],[34.49929,41.24921],[34.49929,41.37421],[34.49929,41.49921],[34.62409,41.49921],[34.7499,41.49921],[34.7499,41.37421]]]},"properties":{"name":"F33A","status":"OPEN","country":"Turkiye","area_sqkm":"582.093960984398","shore_status":"ONSHORE"}},{"type":"Feature","id":"mps_mapping_block.824bf524-b22b-40f7-8ef1-778a8786e407","geometry":{"type":"Polygon","coordinates":[[[35.99989,39.12421],[35.99989,38.99921],[35.87408,38.99921],[35.74928,38.99921],[35.74928,39.12421],[35.74928,39.24921],[35.87408,39.24921],[35.99989,39.24921],[35.99989,39.12421]]]},"properties":{"name":"J35C","status":"OPEN","country":"Turkiye","area_sqkm":"601.461719292175","shore_status":"ONSHORE"}},{"type":"Feature","id":"mps_mapping_block.85a11ec0-c5f8-4495-8b13-600ea6499afd","geometry":{"type":"Polygon","coordinates":[[[33.9991,39.37421],[33.9991,39.24921],[33.8743,39.24921],[33.74951,39.24921],[33.74951,39.37421],[33.74951,39.49842],[33.8743,39.49842],[33.9991,39.49842],[33.9991,39.37421]]]},"properties":{"name":"J31B","status":"OPEN","country":"Turkiye","area_sqkm":"595.04766735054","shore_status":"ONSHORE"}},{"type":"Feature","id":"mps_mapping_block.86227c19-7429-44e9-975f-b9254d43b1e8","geometry":{"type":"Polygon","coordinates":[[[35.24908,38.62342],[35.24908,38.49921],[35.12429,38.49921],[34.99949,38.49921],[34.99949,38.62342],[34.99949,38.74921],[35.12429,38.74921],[35.24908,38.74921],[35.24908,38.62342]]]},"properties":{"name":"K34D","status":"OPEN","country":"Turkiye","area_sqkm":"603.192929648155","shore_status":"ONSHORE"}},{"type":"Feature","id":"mps_mapping_block.87b59585-5003-4e3f-a91a-c0619afa6885","geometry":{"type":"Polygon","coordinates":[[[35.74928,40.37421],[35.74928,40.24921],[35.62448,40.24921],[35.49969,40.24921],[35.49969,40.37421],[35.49969,40.49921],[35.62448,40.49921],[35.74928,40.49921],[35.74928,40.37421]]]},"properties":{"name":"H35A","status":"OPEN","country":"Turkiye","area_sqkm":"588.435321119713","shore_status":"ONSHORE"}},{"type":"Feature","id":"mps_mapping_block.890f8046-dfae-4a35-b130-dafd0731dbc9","geometry":{"type":"Polygon","coordinates":[[[35.49969,41.37421],[35.49969,41.24921],[35.37489,41.24921],[35.24908,41.24921],[35.24908,41.37421],[35.24908,41.49921],[35.37489,41.49921],[35.49969,41.49921],[35.49969,41.37421]]]},"properties":{"name":"F34B","status":"OPEN","country":"Turkiye","area_sqkm":"582.093960984398","shore_status":"ONSHORE"}},{"type":"Feature","id":"mps_mapping_block.8a04db3f-9792-43a9-85e8-1623ff342ddc","geometry":{"type":"Polygon","coordinates":[[[33.9991,39.12421],[33.9991,38.99921],[33.8743,38.99921],[33.74951,38.99921],[33.74951,39.12421],[33.74951,39.24921],[33.8743,39.24921],[33.9991,39.24921],[33.9991,39.12421]]]},"properties":{"name":"J31C","status":"OPEN","country":"Turkiye","area_sqkm":"599.035261088913","shore_status":"ONSHORE"}},{"type":"Feature","id":"mps_mapping_block.8a1620c3-a426-4a92-b423-33ef7cee692c","geometry":{"type":"Polygon","coordinates":[[[35.49969,38.12421],[35.49969,37.99921],[35.37489,37.99921],[35.24908,37.99921],[35.24908,38.12421],[35.24908,38.24921],[35.37489,38.24921],[35.49969,38.24921],[35.49969,38.12421]]]},"properties":{"name":"L34C","status":"OPEN","country":"Turkiye","area_sqkm":"609.776089949204","shore_status":"ONSHORE"}},{"type":"Feature","id":"mps_mapping_block.8a6aa2f4-9589-436d-b6c4-f39569de1e0c","geometry":{"type":"Polygon","coordinates":[[[33.9991,37.37421],[33.9991,37.24921],[33.8743,37.24921],[33.74951,37.24921],[33.74951,37.37421],[33.74951,37.49921],[33.8743,37.49921],[33.9991,37.49921],[33.9991,37.37421]]]},"properties":{"name":"N31B","status":"OPEN","country":"Turkiye","area_sqkm":"613.383678775497","shore_status":"ONSHORE"}},{"type":"Feature","id":"mps_mapping_block.8ad785dc-d546-4abf-944b-20d4125e2b7b","geometry":{"type":"Polygon","coordinates":[[[34.2497,39.12421],[34.2497,38.99921],[34.12491,38.99921],[33.9991,38.99921],[33.9991,39.12421],[33.9991,39.24921],[34.12491,39.24921],[34.2497,39.24921],[34.2497,39.12421]]]},"properties":{"name":"J32D","status":"OPEN","country":"Turkiye","area_sqkm":"601.459319234611","shore_status":"ONSHORE"}},{"type":"Feature","id":"mps_mapping_block.8c96b170-7e44-4539-af6e-ea04f8fd7465","geometry":{"type":"Polygon","coordinates":[[[35.24908,37.87421],[35.24908,37.74921],[35.12429,37.74921],[34.99949,37.74921],[34.99949,37.87421],[34.99949,37.99921],[35.12429,37.99921],[35.24908,37.99921],[35.24908,37.87421]]]},"properties":{"name":"M34A","status":"OPEN","country":"Turkiye","area_sqkm":"609.345547994019","shore_status":"ONSHORE"}},{"type":"Feature","id":"mps_mapping_block.16c1072b-c002-41ab-9996-936e3fa310ce","geometry":{"type":"Polygon","coordinates":[[[35.77011,45.3881],[35.77344,45.3931],[35.78844,45.40143],[35.80178,45.4031],[35.77789,45.38643],[35.77011,45.3881]]]},"properties":{"name":"CMF NE 00020","status":"CURRENT","country":"Russian Federation","area_sqkm":"1.58329751549506","shore_status":"BOTH"}},{"type":"Feature","id":"mps_mapping_block.27b47c0f-d339-4228-bee0-3d2e22078b61","geometry":{"type":"Polygon","coordinates":[[[34.09842,45.66641],[34.10675,45.76641],[34.34842,45.75142],[34.34842,45.68308],[34.09842,45.66641]]]},"properties":{"name":"CMF NE 00021","status":"CURRENT","country":"Russian Federation","area_sqkm":"179.01796894146","shore_status":"ONSHORE"}},{"type":"Feature","id":"mps_mapping_block.10f03821-5e07-4681-9711-b765e66f1699","geometry":{"type":"Polygon","coordinates":[[[36.5,42.0],[36.75,42.0],[37.0,42.0],[37.0,41.75],[37.0,41.51289],[36.99969,41.51301],[36.96971,41.52359],[36.9087,41.54158],[36.87168,41.54334],[36.83006,41.55286],[36.77505,41.56309],[36.75,41.56885],[36.7352,41.57226],[36.67948,41.5839],[36.62905,41.58143],[36.56875,41.57155],[36.5423,41.55745],[36.5162,41.55427],[36.5,41.54774],[36.49258,41.54475],[36.44673,41.51513],[36.42945,41.52289],[36.40336,41.52853],[36.40124,41.57014],[36.39137,41.6114],[36.3762,41.67065],[36.35575,41.71684],[36.3272,41.75],[36.32295,41.75493],[36.29932,41.78138],[36.26864,41.8177],[36.25,41.82846],[36.24114,41.83357],[36.21257,41.84909],[36.19,41.85931],[36.17378,41.86743],[36.15474,41.8773],[36.13675,41.88717],[36.11912,41.8967],[36.10396,41.9034],[36.08068,41.91398],[36.06234,41.92068],[36.0299,41.92808],[36.00098,41.93126],[36.0,42.0],[36.25,42.0],[36.5,42.0]]]},"properties":{"name":"E36, E37","status":"CURRENT","country":"Turkiye","area_sqkm":"3087.64232946568","shore_status":"OFFSHORE"}},{"type":"Feature","id":"mps_mapping_block.8fa9fdc0-7e81-41c0-9000-c410544b21cf","geometry":{"type":"Polygon","coordinates":[[[35.24908,40.12421],[35.24908,39.99842],[35.12429,39.99842],[34.99949,39.99842],[34.99949,40.12421],[34.99949,40.24921],[35.12429,40.24921],[35.24908,40.24921],[35.24908,40.12421]]]},"properties":{"name":"H34D","status":"OPEN","country":"Turkiye","area_sqkm":"592.45070844236","shore_status":"ONSHORE"}},{"type":"Feature","id":"mps_mapping_block.9003c6f7-6167-4373-a9ab-a74c90a7d11a","geometry":{"type":"Polygon","coordinates":[[[35.99989,39.37421],[35.99989,39.24921],[35.87408,39.24921],[35.74928,39.24921],[35.74928,39.37421],[35.74928,39.49842],[35.87408,39.49842],[35.99989,39.49842],[35.99989,39.37421]]]},"properties":{"name":"J35B","status":"OPEN","country":"Turkiye","area_sqkm":"597.457973342049","shore_status":"ONSHORE"}},{"type":"Feature","id":"mps_mapping_block.914ae072-4819-419f-bad1-769e1b1b4661","geometry":{"type":"Polygon","coordinates":[[[35.24908,40.37421],[35.24908,40.24921],[35.12429,40.24921],[34.99949,40.24921],[34.99949,40.37421],[34.99949,40.49921],[35.12429,40.49921],[35.24908,40.49921],[35.24908,40.37421]]]},"properties":{"name":"H34A","status":"OPEN","country":"Turkiye","area_sqkm":"588.430605961822","shore_status":"ONSHORE"}},{"type":"Feature","id":"mps_mapping_block.921e8a07-42ed-48f2-8139-ae431bf8e1dd","geometry":{"type":"Polygon","coordinates":[[[35.99989,37.62421],[35.99989,37.49921],[35.87408,37.49921],[35.74928,37.49921],[35.74928,37.62421],[35.74928,37.74921],[35.87408,37.74921],[35.99989,37.74921],[35.99989,37.62421]]]},"properties":{"name":"M35C","status":"OPEN","country":"Turkiye","area_sqkm":"613.859225275047","shore_status":"ONSHORE"}},{"type":"Feature","id":"mps_mapping_block.93675867-57f6-4ce8-a1b2-42d17b4983bf","geometry":{"type":"Polygon","coordinates":[[[35.24908,41.62421],[35.24908,41.49921],[35.12429,41.49921],[34.99949,41.49921],[34.99949,41.62421],[34.99949,41.74842],[35.12429,41.74842],[35.24908,41.74842],[35.24908,41.62421]]]},"properties":{"name":"E34D","status":"OPEN","country":"Turkiye","area_sqkm":"575.72172999791","shore_status":"ONSHORE"}},{"type":"Feature","id":"mps_mapping_block.93c6a696-ba2f-4f40-9b50-0efb8426bf38","geometry":{"type":"Polygon","coordinates":[[[35.74928,41.12421],[35.74928,40.99921],[35.62448,40.99921],[35.49969,40.99921],[35.49969,41.12421],[35.49969,41.24921],[35.62448,41.24921],[35.74928,41.24921],[35.74928,41.12421]]]},"properties":{"name":"F35D","status":"OPEN","country":"Turkiye","area_sqkm":"581.936780755524","shore_status":"ONSHORE"}},{"type":"Feature","id":"mps_mapping_block.5ce5f75c-bc00-4cf9-a456-f47e7ff9142f","geometry":{"type":"Polygon","coordinates":[[[33.25,42.75],[33.25,43.0],[33.5,43.0],[33.5,42.75],[33.25,42.75]]]},"properties":{"name":"C30, C31, D30, D31","status":"CURRENT","country":"Turkiye","area_sqkm":"567.29616063092","shore_status":"OFFSHORE"}},{"type":"Feature","id":"mps_mapping_block.97a5aa6c-d2b3-425a-b387-f56fad75964c","geometry":{"type":"Polygon","coordinates":[[[34.49929,39.62421],[34.49929,39.49842],[34.3745,39.49842],[34.2497,39.49842],[34.2497,39.62421],[34.2497,39.74842],[34.3745,39.74842],[34.49929,39.74842],[34.49929,39.62421]]]},"properties":{"name":"I32C","status":"OPEN","country":"Turkiye","area_sqkm":"594.835550883812","shore_status":"ONSHORE"}},{"type":"Feature","id":"mps_mapping_block.97e2f8ad-eb94-4dd4-8a41-4b85d6bf04bc","geometry":{"type":"Polygon","coordinates":[[[35.74928,39.12421],[35.74928,38.99921],[35.62448,38.99921],[35.49969,38.99921],[35.49969,39.12421],[35.49969,39.24921],[35.62448,39.24921],[35.74928,39.24921],[35.74928,39.12421]]]},"properties":{"name":"J35D","status":"OPEN","country":"Turkiye","area_sqkm":"599.037661146477","shore_status":"ONSHORE"}},{"type":"Feature","id":"mps_mapping_block.98211e51-05e7-44b6-ad02-362f07684a75","geometry":{"type":"Polygon","coordinates":[[[34.49929,40.37421],[34.49929,40.24921],[34.3745,40.24921],[34.2497,40.24921],[34.2497,40.37421],[34.2497,40.49921],[34.3745,40.49921],[34.49929,40.49921],[34.49929,40.37421]]]},"properties":{"name":"H32B","status":"OPEN","country":"Turkiye","area_sqkm":"588.432963540756","shore_status":"ONSHORE"}},{"type":"Feature","id":"mps_mapping_block.9af0386d-fb49-468d-8baf-cae58bb72b92","geometry":{"type":"Polygon","coordinates":[[[33.49992,41.87421],[33.49992,41.74842],[33.3741,41.74842],[33.24931,41.74842],[33.24931,41.87421],[33.24931,41.99842],[33.3741,41.99842],[33.49992,41.99842],[33.49992,41.87421]]]},"properties":{"name":"E30B","status":"OPEN","country":"Turkiye","area_sqkm":"577.678725198891","shore_status":"BOTH"}},{"type":"Feature","id":"mps_mapping_block.9ace6a57-76d1-4e18-b7ac-0d10332eface","geometry":{"type":"Polygon","coordinates":[[[33.24931,40.37421],[33.24931,40.24921],[33.12452,40.24921],[32.99972,40.24921],[32.99972,40.37421],[32.99972,40.49921],[33.12452,40.49921],[33.24931,40.49921],[33.24931,40.37421]]]},"properties":{"name":"H30A","status":"OPEN","country":"Turkiye","area_sqkm":"588.432963540756","shore_status":"ONSHORE"}},{"type":"Feature","id":"mps_mapping_block.9cff3c9d-4f1e-40d8-a1e0-aa68b5232660","geometry":{"type":"Polygon","coordinates":[[[33.74951,38.37342],[33.74951,38.24921],[33.62471,38.24921],[33.49992,38.24921],[33.49992,38.37342],[33.49992,38.49921],[33.62471,38.49921],[33.74951,38.49921],[33.74951,38.37342]]]},"properties":{"name":"L31A","status":"OPEN","country":"Turkiye","area_sqkm":"605.257926623604","shore_status":"ONSHORE"}},{"type":"Feature","id":"mps_mapping_block.9ddf6648-3bba-4442-9480-217cd036aec5","geometry":{"type":"Polygon","coordinates":[[[34.99949,41.37421],[34.99949,41.24921],[34.8747,41.24921],[34.7499,41.24921],[34.7499,41.37421],[34.7499,41.49921],[34.8747,41.49921],[34.99949,41.49921],[34.99949,41.37421]]]},"properties":{"name":"F33B","status":"OPEN","country":"Turkiye","area_sqkm":"579.74102036261","shore_status":"ONSHORE"}},{"type":"Feature","id":"mps_mapping_block.9df358d2-6d04-450b-8275-28a980208dc2","geometry":{"type":"Polygon","coordinates":[[[35.74928,41.62421],[35.74928,41.49921],[35.62448,41.49921],[35.49969,41.49921],[35.49969,41.62421],[35.49969,41.74842],[35.62448,41.74842],[35.74928,41.74842],[35.74928,41.62421]]]},"properties":{"name":"E35D","status":"OPEN","country":"Turkiye","area_sqkm":"575.726343317986","shore_status":"BOTH"}},{"type":"Feature","id":"mps_mapping_block.9fbf91dd-ae45-414b-a5cc-dccd748a5dda","geometry":{"type":"Polygon","coordinates":[[[34.99949,37.37421],[34.99949,37.24921],[34.8747,37.24921],[34.7499,37.24921],[34.7499,37.37421],[34.7499,37.49921],[34.8747,37.49921],[34.99949,37.49921],[34.99949,37.37421]]]},"properties":{"name":"N33B","status":"OPEN","country":"Turkiye","area_sqkm":"613.386136320763","shore_status":"ONSHORE"}},{"type":"Feature","id":"mps_mapping_block.a335f057-ba9e-4668-84be-6822a1720cf0","geometry":{"type":"Polygon","coordinates":[[[34.7499,39.87421],[34.7499,39.74842],[34.62409,39.74842],[34.49929,39.74842],[34.49929,39.87421],[34.49929,39.99842],[34.62409,39.99842],[34.7499,39.99842],[34.7499,39.87421]]]},"properties":{"name":"I33A","status":"OPEN","country":"Turkiye","area_sqkm":"595.123073785149","shore_status":"ONSHORE"}},{"type":"Feature","id":"mps_mapping_block.a37540b7-ced3-4290-add0-6bd45ca09af0","geometry":{"type":"Polygon","coordinates":[[[34.49929,41.37421],[34.49929,41.24921],[34.3745,41.24921],[34.2497,41.24921],[34.2497,41.37421],[34.2497,41.49921],[34.3745,41.49921],[34.49929,41.49921],[34.49929,41.37421]]]},"properties":{"name":"F32B","status":"OPEN","country":"Turkiye","area_sqkm":"579.738697617653","shore_status":"ONSHORE"}},{"type":"Feature","id":"mps_mapping_block.a41a7d67-530c-41a5-8169-4713c38d78b8","geometry":{"type":"Polygon","coordinates":[[[34.99949,39.37421],[34.99949,39.24921],[34.8747,39.24921],[34.7499,39.24921],[34.7499,39.37421],[34.7499,39.49842],[34.8747,39.49842],[34.99949,39.49842],[34.99949,39.37421]]]},"properties":{"name":"J33B","status":"OPEN","country":"Turkiye","area_sqkm":"595.050051431633","shore_status":"ONSHORE"}},{"type":"Feature","id":"mps_mapping_block.a7d475cd-37cc-449e-8de5-c31b5b9f8f96","geometry":{"type":"Polygon","coordinates":[[[34.75,42.23113],[34.75,42.25],[34.77318,42.25],[34.76001,42.24088],[34.75,42.23113]]]},"properties":{"name":"","status":"OPEN","country":"Turkiye","area_sqkm":"1.8339529376564","shore_status":"OFFSHORE"}},{"type":"Feature","id":"mps_mapping_block.a99ce5fd-da75-4109-b61d-d505e4c736c1","geometry":{"type":"Polygon","coordinates":[[[34.49929,38.12421],[34.49929,37.99921],[34.3745,37.99921],[34.2497,37.99921],[34.2497,38.12421],[34.2497,38.24921],[34.3745,38.24921],[34.49929,38.24921],[34.49929,38.12421]]]},"properties":{"name":"L32C","status":"OPEN","country":"Turkiye","area_sqkm":"607.308819070633","shore_status":"ONSHORE"}},{"type":"Feature","id":"mps_mapping_block.ab233164-0ca8-4ff8-ac81-f93747976234","geometry":{"type":"Polygon","coordinates":[[[36.24948,39.37421],[36.24948,39.24921],[36.12468,39.24921],[35.99989,39.24921],[35.99989,39.37421],[35.99989,39.49842],[36.12468,39.49842],[36.24948,39.49842],[36.24948,39.37421]]]},"properties":{"name":"J36A","status":"OPEN","country":"Turkiye","area_sqkm":"595.045283269417","shore_status":"ONSHORE"}},{"type":"Feature","id":"mps_mapping_block.bde7127d-1e75-449b-b19b-3647b4cc3a8e","geometry":{"type":"Polygon","coordinates":[[[35.74928,39.87421],[35.74928,39.74842],[35.62448,39.74842],[35.49969,39.74842],[35.49969,39.87421],[35.49969,39.99842],[35.62448,39.99842],[35.74928,39.99842],[35.74928,39.87421]]]},"properties":{"name":"I35A","status":"OPEN","country":"Turkiye","area_sqkm":"592.717466725052","shore_status":"ONSHORE"}},{"type":"Feature","id":"mps_mapping_block.ac433940-4ed3-4e50-b0a7-a075829639b4","geometry":{"type":"Polygon","coordinates":[[[36.24948,39.87421],[36.24948,39.74842],[36.12468,39.74842],[35.99989,39.74842],[35.99989,39.87421],[35.99989,39.99842],[36.12468,39.99842],[36.24948,39.99842],[36.24948,39.87421]]]},"properties":{"name":"I36A","status":"OPEN","country":"Turkiye","area_sqkm":"592.712717254074","shore_status":"ONSHORE"}},{"type":"Feature","id":"mps_mapping_block.ac81c044-15f4-49c4-87d2-76f2190aeb9f","geometry":{"type":"Polygon","coordinates":[[[35.99989,38.62342],[35.99989,38.49921],[35.87408,38.49921],[35.74928,38.49921],[35.74928,38.62342],[35.74928,38.74921],[35.87408,38.74921],[35.99989,38.74921],[35.99989,38.62342]]]},"properties":{"name":"K35C","status":"OPEN","country":"Turkiye","area_sqkm":"605.638655509697","shore_status":"ONSHORE"}},{"type":"Feature","id":"mps_mapping_block.ae43eaee-a6de-4738-aaf8-e4d26666b5d0","geometry":{"type":"Polygon","coordinates":[[[36.24948,41.12421],[36.24948,40.99921],[36.12468,40.99921],[35.99989,40.99921],[35.99989,41.12421],[35.99989,41.24921],[36.12468,41.24921],[36.24948,41.24921],[36.24948,41.12421]]]},"properties":{"name":"F36D","status":"OPEN","country":"Turkiye","area_sqkm":"581.932117670868","shore_status":"ONSHORE"}},{"type":"Feature","id":"mps_mapping_block.b2a50c4b-b558-4415-86cb-3904af5a3282","geometry":{"type":"Polygon","coordinates":[[[33.49992,41.62421],[33.49992,41.49921],[33.3741,41.49921],[33.24931,41.49921],[33.24931,41.62421],[33.24931,41.74842],[33.3741,41.74842],[33.49992,41.74842],[33.49992,41.62421]]]},"properties":{"name":"E30C","status":"OPEN","country":"Turkiye","area_sqkm":"578.062989921417","shore_status":"ONSHORE"}},{"type":"Feature","id":"mps_mapping_block.e98683cb-4bb3-453c-ae5b-62700b4f2362","geometry":{"type":"Polygon","coordinates":[[[34.99949,41.12421],[34.99949,40.99921],[34.8747,40.99921],[34.7499,40.99921],[34.7499,41.12421],[34.7499,41.24921],[34.8747,41.24921],[34.99949,41.24921],[34.99949,41.12421]]]},"properties":{"name":"F33C","status":"OPEN","country":"Turkiye","area_sqkm":"581.936780755516","shore_status":"ONSHORE"}},{"type":"Feature","id":"mps_mapping_block.c6e49128-34bd-43ad-81a7-a5e0d016bf9f","geometry":{"type":"Polygon","coordinates":[[[34.7499,40.12421],[34.7499,39.99842],[34.62409,39.99842],[34.49929,39.99842],[34.49929,40.12421],[34.49929,40.24921],[34.62409,40.24921],[34.7499,40.24921],[34.7499,40.12421]]]},"properties":{"name":"H33D","status":"OPEN","country":"Turkiye","area_sqkm":"594.859999449783","shore_status":"ONSHORE"}},{"type":"Feature","id":"mps_mapping_block.c877f11a-8344-4c8a-bc20-73245d78a9f4","geometry":{"type":"Polygon","coordinates":[[[33.9991,40.12421],[33.9991,39.99842],[33.8743,39.99842],[33.74951,39.99842],[33.74951,40.12421],[33.74951,40.24921],[33.8743,40.24921],[33.9991,40.24921],[33.9991,40.12421]]]},"properties":{"name":"H31C","status":"OPEN","country":"Turkiye","area_sqkm":"592.453082128098","shore_status":"ONSHORE"}},{"type":"Feature","id":"mps_mapping_block.c9928488-0ef8-46d6-b6a2-0a3fb41c0578","geometry":{"type":"Polygon","coordinates":[[[34.2497,38.87342],[34.2497,38.74921],[34.12491,38.74921],[33.9991,38.74921],[33.9991,38.87342],[33.9991,38.99921],[34.12491,38.99921],[34.2497,38.99921],[34.2497,38.87342]]]},"properties":{"name":"K32A","status":"OPEN","country":"Turkiye","area_sqkm":"603.553611699585","shore_status":"ONSHORE"}},{"type":"Feature","id":"mps_mapping_block.e7b43d87-4b2d-439d-bad0-e5bd9a1dff5c","geometry":{"type":"Polygon","coordinates":[[[33.74951,37.62421],[33.74951,37.49921],[33.62471,37.49921],[33.49992,37.49921],[33.49992,37.62421],[33.49992,37.74921],[33.62471,37.74921],[33.74951,37.74921],[33.74951,37.62421]]]},"properties":{"name":"M31D","status":"OPEN","country":"Turkiye","area_sqkm":"611.38275204985","shore_status":"ONSHORE"}},{"type":"Feature","id":"mps_mapping_block.cc7023be-eded-44af-935d-cfb64e3f8b54","geometry":{"type":"Polygon","coordinates":[[[35.49969,37.62421],[35.49969,37.49921],[35.37489,37.49921],[35.24908,37.49921],[35.24908,37.62421],[35.24908,37.74921],[35.37489,37.74921],[35.49969,37.74921],[35.49969,37.62421]]]},"properties":{"name":"M34C","status":"OPEN","country":"Turkiye","area_sqkm":"613.866573860275","shore_status":"ONSHORE"}},{"type":"Feature","id":"mps_mapping_block.cc93ead8-e64d-4b3c-9195-ef1a55268f34","geometry":{"type":"Polygon","coordinates":[[[33.24931,39.62421],[33.24931,39.49842],[33.12452,39.49842],[32.99972,39.49842],[32.99972,39.62421],[32.99972,39.74842],[33.12452,39.74842],[33.24931,39.74842],[33.24931,39.62421]]]},"properties":{"name":"I30D","status":"OPEN","country":"Turkiye","area_sqkm":"594.835550883812","shore_status":"ONSHORE"}},{"type":"Feature","id":"mps_mapping_block.cd49d4d8-56b7-4127-af6b-ec5f34da0309","geometry":{"type":"Polygon","coordinates":[[[34.7499,41.62421],[34.7499,41.49921],[34.62409,41.49921],[34.49929,41.49921],[34.49929,41.62421],[34.49929,41.74842],[34.62409,41.74842],[34.7499,41.74842],[34.7499,41.62421]]]},"properties":{"name":"E33D","status":"OPEN","country":"Turkiye","area_sqkm":"578.062989921478","shore_status":"ONSHORE"}},{"type":"Feature","id":"mps_mapping_block.52416f3a-ddc4-4534-8d7b-b849fea712e4","geometry":{"type":"Polygon","coordinates":[[[33.0,42.13125],[33.0,42.25],[33.0,42.5],[33.0,42.75],[33.0,43.0],[33.25,43.0],[33.5,43.0],[33.75,43.0],[34.0,43.0],[34.0,42.75],[34.0,42.5],[34.0,42.25],[34.0,42.18009],[33.90871,42.17529],[33.84135,42.17282],[33.75,42.179],[33.74755,42.17917],[33.622,42.18869],[33.50492,42.20491],[33.5,42.20538],[33.38538,42.2162],[33.35187,42.21902],[33.28981,42.21267],[33.25,42.20485],[33.24855,42.20456],[33.14134,42.16965],[33.02779,42.13156],[33.00346,42.13262],[33.0,42.13125]]]},"properties":{"name":"C30, C31, D30, D31","status":"CURRENT","country":"Turkiye","area_sqkm":"7423.03886577993","shore_status":"OFFSHORE"}},{"type":"Feature","id":"mps_mapping_block.cf4bd855-e45c-420a-8fc2-0db7f6ec4215","geometry":{"type":"Polygon","coordinates":[[[34.2497,39.62421],[34.2497,39.49842],[34.12491,39.49842],[33.9991,39.49842],[33.9991,39.62421],[33.9991,39.74842],[34.12491,39.74842],[34.2497,39.74842],[34.2497,39.62421]]]},"properties":{"name":"I32D","status":"OPEN","country":"Turkiye","area_sqkm":"597.242614418236","shore_status":"ONSHORE"}},{"type":"Feature","id":"mps_mapping_block.d0245d84-777e-444b-a83a-c4ab6d0f5d69","geometry":{"type":"Polygon","coordinates":[[[35.82634,45.44154],[35.82634,45.44793],[35.82246,45.44821],[35.81801,45.45626],[35.82218,45.46293],[35.83023,45.46904],[35.84968,45.47349],[35.8669,45.47043],[35.87301,45.46599],[35.86968,45.4596],[35.85996,45.45376],[35.84662,45.45015],[35.84884,45.44071],[35.82634,45.44154]]]},"properties":{"name":"AQTAS LAKE DEPOSIT","status":"CURRENT","country":"Ukraine","area_sqkm":"9.78057033013376","shore_status":"BOTH"}},{"type":"Feature","id":"mps_mapping_block.d125e260-fe74-4ae2-8a03-c24dc4695e56","geometry":{"type":"Polygon","coordinates":[[[35.49969,40.62342],[35.49969,40.49921],[35.37489,40.49921],[35.24908,40.49921],[35.24908,40.62342],[35.24908,40.74921],[35.37489,40.74921],[35.49969,40.74921],[35.49969,40.62342]]]},"properties":{"name":"G34C","status":"OPEN","country":"Turkiye","area_sqkm":"588.659978063416","shore_status":"ONSHORE"}},{"type":"Feature","id":"mps_mapping_block.e7f5f0ac-3fca-4fc1-803d-7c40361c8576","geometry":{"type":"Polygon","coordinates":[[[35.74928,39.62421],[35.74928,39.49842],[35.62448,39.49842],[35.49969,39.49842],[35.49969,39.62421],[35.49969,39.74842],[35.62448,39.74842],[35.74928,39.74842],[35.74928,39.62421]]]},"properties":{"name":"I35D","status":"OPEN","country":"Turkiye","area_sqkm":"594.837934115021","shore_status":"ONSHORE"}},{"type":"Feature","id":"mps_mapping_block.d367f530-8080-4a5a-b7ec-f4198ff83504","geometry":{"type":"Polygon","coordinates":[[[34.7499,37.62421],[34.7499,37.49921],[34.62409,37.49921],[34.49929,37.49921],[34.49929,37.62421],[34.49929,37.74921],[34.62409,37.74921],[34.7499,37.74921],[34.7499,37.62421]]]},"properties":{"name":"M33D","status":"OPEN","country":"Turkiye","area_sqkm":"613.866573860344","shore_status":"ONSHORE"}},{"type":"Feature","id":"mps_mapping_block.e8fb29dc-25e8-47d3-8edd-837f847bec20","geometry":{"type":"Polygon","coordinates":[[[33.9991,41.62421],[33.9991,41.49921],[33.8743,41.49921],[33.74951,41.49921],[33.74951,41.62421],[33.74951,41.74842],[33.8743,41.74842],[33.9991,41.74842],[33.9991,41.62421]]]},"properties":{"name":"E31C","status":"OPEN","country":"Turkiye","area_sqkm":"575.724036657959","shore_status":"ONSHORE"}},{"type":"Feature","id":"mps_mapping_block.d5108133-39e6-421a-a7b4-55869c1c15f8","geometry":{"type":"Polygon","coordinates":[[[34.2497,40.62342],[34.2497,40.49921],[34.12491,40.49921],[33.9991,40.49921],[33.9991,40.62342],[33.9991,40.74921],[34.12491,40.74921],[34.2497,40.74921],[34.2497,40.62342]]]},"properties":{"name":"G32D","status":"OPEN","country":"Turkiye","area_sqkm":"588.650582281105","shore_status":"ONSHORE"}},{"type":"Feature","id":"mps_mapping_block.d530d3bb-d891-4626-b123-6aaf7a2db50a","geometry":{"type":"Polygon","coordinates":[[[33.24931,41.62421],[33.24931,41.49921],[33.12452,41.49921],[32.99972,41.49921],[32.99972,41.62421],[32.99972,41.74842],[33.12452,41.74842],[33.24931,41.74842],[33.24931,41.62421]]]},"properties":{"name":"E30D","status":"OPEN","country":"Turkiye","area_sqkm":"575.724036657959","shore_status":"ONSHORE"}},{"type":"Feature","id":"mps_mapping_block.d532bc9f-e181-4211-acfa-25bab946153c","geometry":{"type":"Polygon","coordinates":[[[35.74928,41.37421],[35.74928,41.24921],[35.62448,41.24921],[35.49969,41.24921],[35.49969,41.37421],[35.49969,41.49921],[35.62448,41.49921],[35.74928,41.49921],[35.74928,41.37421]]]},"properties":{"name":"F35A","status":"OPEN","country":"Turkiye","area_sqkm":"579.741020362587","shore_status":"ONSHORE"}},{"type":"Feature","id":"mps_mapping_block.d6d87c86-98ca-49a2-8970-3a02d525c1f2","geometry":{"type":"Polygon","coordinates":[[[34.49929,38.62342],[34.49929,38.49921],[34.3745,38.49921],[34.2497,38.49921],[34.2497,38.62342],[34.2497,38.74921],[34.3745,38.74921],[34.49929,38.74921],[34.49929,38.62342]]]},"properties":{"name":"K32C","status":"OPEN","country":"Turkiye","area_sqkm":"603.195346373314","shore_status":"ONSHORE"}},{"type":"Feature","id":"mps_mapping_block.d77c8518-5fce-432e-87f5-e77ebce01d42","geometry":{"type":"Polygon","coordinates":[[[35.99989,38.87342],[35.99989,38.74921],[35.87408,38.74921],[35.74928,38.74921],[35.74928,38.87342],[35.74928,38.99921],[35.87408,38.99921],[35.99989,38.99921],[35.99989,38.87342]]]},"properties":{"name":"K35B","status":"OPEN","country":"Turkiye","area_sqkm":"603.556020114235","shore_status":"ONSHORE"}},{"type":"Feature","id":"mps_mapping_block.d789581a-f9e6-4c03-b094-82778492ec2f","geometry":{"type":"Polygon","coordinates":[[[35.74928,37.62421],[35.74928,37.49921],[35.62448,37.49921],[35.49969,37.49921],[35.49969,37.62421],[35.49969,37.74921],[35.62448,37.74921],[35.74928,37.74921],[35.74928,37.62421]]]},"properties":{"name":"M35D","status":"OPEN","country":"Turkiye","area_sqkm":"611.385201578255","shore_status":"ONSHORE"}},{"type":"Feature","id":"mps_mapping_block.d7f2b377-7aad-488e-adf0-e36316e90977","geometry":{"type":"Polygon","coordinates":[[[35.99989,40.12421],[35.99989,39.99842],[35.87408,39.99842],[35.74928,39.99842],[35.74928,40.12421],[35.74928,40.24921],[35.87408,40.24921],[35.99989,40.24921],[35.99989,40.12421]]]},"properties":{"name":"H35C","status":"OPEN","country":"Turkiye","area_sqkm":"594.852878392586","shore_status":"ONSHORE"}},{"type":"Feature","id":"mps_mapping_block.d8e78eee-54c0-40d6-9203-5560045616bd","geometry":{"type":"Polygon","coordinates":[[[36.24948,38.87342],[36.24948,38.74921],[36.12468,38.74921],[35.99989,38.74921],[35.99989,38.87342],[35.99989,38.99921],[36.12468,38.99921],[36.24948,38.99921],[36.24948,38.87342]]]},"properties":{"name":"K36A","status":"OPEN","country":"Turkiye","area_sqkm":"601.118704499115","shore_status":"ONSHORE"}},{"type":"Feature","id":"mps_mapping_block.d979a557-932b-4697-a2ff-7ccb0876815e","geometry":{"type":"Polygon","coordinates":[[[34.7499,39.62421],[34.7499,39.49842],[34.62409,39.49842],[34.49929,39.49842],[34.49929,39.62421],[34.49929,39.74842],[34.62409,39.74842],[34.7499,39.74842],[34.7499,39.62421]]]},"properties":{"name":"I33D","status":"OPEN","country":"Turkiye","area_sqkm":"597.252147343147","shore_status":"ONSHORE"}},{"type":"Feature","id":"mps_mapping_block.daafbf50-b766-40a7-9537-5110308ee3c2","geometry":{"type":"Polygon","coordinates":[[[35.99989,41.37421],[35.99989,41.24921],[35.87408,41.24921],[35.74928,41.24921],[35.74928,41.37421],[35.74928,41.49921],[35.87408,41.49921],[35.99989,41.49921],[35.99989,41.37421]]]},"properties":{"name":"F35B","status":"OPEN","country":"Turkiye","area_sqkm":"582.086992749565","shore_status":"ONSHORE"}},{"type":"Feature","id":"mps_mapping_block.db2f012b-7f14-47c8-a434-e41a308a0251","geometry":{"type":"Polygon","coordinates":[[[33.9991,41.87421],[33.9991,41.74842],[33.8743,41.74842],[33.74951,41.74842],[33.74951,41.87421],[33.74951,41.99842],[33.8743,41.99842],[33.9991,41.99842],[33.9991,41.87421]]]},"properties":{"name":"E31B","status":"OPEN","country":"Turkiye","area_sqkm":"575.34132676812","shore_status":"BOTH"}},{"type":"Feature","id":"mps_mapping_block.db5fe9b5-5adf-4377-be34-f8121b614c6c","geometry":{"type":"Polygon","coordinates":[[[33.9991,39.87421],[33.9991,39.74842],[33.8743,39.74842],[33.74951,39.74842],[33.74951,39.87421],[33.74951,39.99842],[33.8743,39.99842],[33.9991,39.99842],[33.9991,39.87421]]]},"properties":{"name":"I31B","status":"OPEN","country":"Turkiye","area_sqkm":"592.715091989555","shore_status":"ONSHORE"}},{"type":"Feature","id":"mps_mapping_block.dc58bd39-548a-467f-971e-93551f015a68","geometry":{"type":"Polygon","coordinates":[[[35.53039,45.17281],[35.53234,45.17698],[35.54595,45.18004],[35.55539,45.17892],[35.54234,45.17281],[35.53039,45.17281]]]},"properties":{"name":"CMF NE 00002","status":"CURRENT","country":"Russian Federation","area_sqkm":"0.914049272166967","shore_status":"ONSHORE"}},{"type":"Feature","id":"mps_mapping_block.dc64d268-c8ae-460b-b702-a7042bd84dfa","geometry":{"type":"Polygon","coordinates":[[[34.2497,40.12421],[34.2497,39.99842],[34.12491,39.99842],[33.9991,39.99842],[33.9991,40.12421],[33.9991,40.24921],[34.12491,40.24921],[34.2497,40.24921],[34.2497,40.12421]]]},"properties":{"name":"H32D","status":"OPEN","country":"Turkiye","area_sqkm":"594.850504706841","shore_status":"ONSHORE"}},{"type":"Feature","id":"mps_mapping_block.dcdd778f-cc94-45be-967b-e5d0e1a11755","geometry":{"type":"Polygon","coordinates":[[[34.99949,39.12421],[34.99949,38.99921],[34.8747,38.99921],[34.7499,38.99921],[34.7499,39.12421],[34.7499,39.24921],[34.8747,39.24921],[34.99949,39.24921],[34.99949,39.12421]]]},"properties":{"name":"J33C","status":"OPEN","country":"Turkiye","area_sqkm":"599.037661146492","shore_status":"ONSHORE"}},{"type":"Feature","id":"mps_mapping_block.df3ad1d5-6bff-46d6-aa52-0f3614fc2d25","geometry":{"type":"Polygon","coordinates":[[[34.7499,38.12421],[34.7499,37.99921],[34.62409,37.99921],[34.49929,37.99921],[34.49929,38.12421],[34.49929,38.24921],[34.62409,38.24921],[34.7499,38.24921],[34.7499,38.12421]]]},"properties":{"name":"L33D","status":"OPEN","country":"Turkiye","area_sqkm":"609.776089949173","shore_status":"ONSHORE"}},{"type":"Feature","id":"mps_mapping_block.e0ade062-38a2-4d92-be90-e8e8f7a276ca","geometry":{"type":"Polygon","coordinates":[[[34.99949,38.87342],[34.99949,38.74921],[34.8747,38.74921],[34.7499,38.74921],[34.7499,38.87342],[34.7499,38.99921],[34.8747,38.99921],[34.99949,38.99921],[34.99949,38.87342]]]},"properties":{"name":"K33B","status":"OPEN","country":"Turkiye","area_sqkm":"601.1235213284","shore_status":"ONSHORE"}},{"type":"Feature","id":"mps_mapping_block.e4b47871-f465-40cb-843d-bf1730521425","geometry":{"type":"Polygon","coordinates":[[[34.49929,40.87342],[34.49929,40.74921],[34.3745,40.74921],[34.2497,40.74921],[34.2497,40.87342],[34.2497,40.99921],[34.3745,40.99921],[34.49929,40.99921],[34.49929,40.87342]]]},"properties":{"name":"G32B","status":"OPEN","country":"Turkiye","area_sqkm":"584.111963538071","shore_status":"ONSHORE"}},{"type":"Feature","id":"mps_mapping_block.eebbbc75-1417-47fe-b72d-5f93ddd62053","geometry":{"type":"Polygon","coordinates":[[[33.9991,40.62342],[33.9991,40.49921],[33.8743,40.49921],[33.74951,40.49921],[33.74951,40.62342],[33.74951,40.74921],[33.8743,40.74921],[33.9991,40.74921],[33.9991,40.62342]]]},"properties":{"name":"G31C","status":"OPEN","country":"Turkiye","area_sqkm":"586.278147263222","shore_status":"ONSHORE"}},{"type":"Feature","id":"mps_mapping_block.e781f6ef-63db-4ef1-8966-bb8b5972eb24","geometry":{"type":"Polygon","coordinates":[[[35.99989,40.37421],[35.99989,40.24921],[35.87408,40.24921],[35.74928,40.24921],[35.74928,40.37421],[35.74928,40.49921],[35.87408,40.49921],[35.99989,40.49921],[35.99989,40.37421]]]},"properties":{"name":"H35B","status":"OPEN","country":"Turkiye","area_sqkm":"590.816475848755","shore_status":"ONSHORE"}},{"type":"Feature","id":"mps_mapping_block.f5a523f8-aefc-4f7e-baf6-8e64368b1432","geometry":{"type":"Polygon","coordinates":[[[35.99989,40.62342],[35.99989,40.49921],[35.87408,40.49921],[35.74928,40.49921],[35.74928,40.62342],[35.74928,40.74921],[35.87408,40.74921],[35.99989,40.74921],[35.99989,40.62342]]]},"properties":{"name":"G35C","status":"OPEN","country":"Turkiye","area_sqkm":"588.6529312267","shore_status":"ONSHORE"}},{"type":"Feature","id":"mps_mapping_block.f73c6451-08fb-4c67-8e5f-f4033fd3757a","geometry":{"type":"Polygon","coordinates":[[[33.24931,37.62421],[33.24931,37.49921],[33.12452,37.49921],[32.99972,37.49921],[32.99972,37.62421],[32.99972,37.74921],[33.12452,37.74921],[33.24931,37.74921],[33.24931,37.62421]]]},"properties":{"name":"M30D","status":"OPEN","country":"Turkiye","area_sqkm":"611.38275204985","shore_status":"ONSHORE"}},{"type":"Feature","id":"mps_mapping_block.f77531eb-d626-427e-9eae-fd2a886dc31b","geometry":{"type":"Polygon","coordinates":[[[34.49929,41.87421],[34.49929,41.74842],[34.3745,41.74842],[34.2497,41.74842],[34.2497,41.87421],[34.2497,41.99842],[34.3745,41.99842],[34.49929,41.99842],[34.49929,41.87421]]]},"properties":{"name":"E32B","status":"OPEN","country":"Turkiye","area_sqkm":"575.34132676812","shore_status":"BOTH"}},{"type":"Feature","id":"mps_mapping_block.f798e9dc-6e94-4d4a-94ce-854cd0c549be","geometry":{"type":"Polygon","coordinates":[[[33.24931,37.87421],[33.24931,37.74921],[33.12452,37.74921],[32.99972,37.74921],[32.99972,37.87421],[32.99972,37.99921],[33.12452,37.99921],[33.24931,37.99921],[33.24931,37.87421]]]},"properties":{"name":"M30A","status":"OPEN","country":"Turkiye","area_sqkm":"609.347989370079","shore_status":"ONSHORE"}},{"type":"Feature","id":"mps_mapping_block.f7b892e4-1ba9-451e-b6d6-1134aa34da94","geometry":{"type":"Polygon","coordinates":[[[33.49992,40.37421],[33.49992,40.24921],[33.3741,40.24921],[33.24931,40.24921],[33.24931,40.37421],[33.24931,40.49921],[33.3741,40.49921],[33.49992,40.49921],[33.49992,40.37421]]]},"properties":{"name":"H30B","status":"OPEN","country":"Turkiye","area_sqkm":"590.823548585564","shore_status":"ONSHORE"}},{"type":"Feature","id":"mps_mapping_block.f8f5a2f4-d014-4376-be9a-2683033b6be1","geometry":{"type":"Polygon","coordinates":[[[34.2497,38.62342],[34.2497,38.49921],[34.12491,38.49921],[33.9991,38.49921],[33.9991,38.62342],[33.9991,38.74921],[34.12491,38.74921],[34.2497,38.74921],[34.2497,38.62342]]]},"properties":{"name":"K32D","status":"OPEN","country":"Turkiye","area_sqkm":"605.636238784523","shore_status":"ONSHORE"}},{"type":"Feature","id":"mps_mapping_block.f99ce063-aa1c-4367-b668-80b16c9da03c","geometry":{"type":"Polygon","coordinates":[[[34.99949,40.87342],[34.99949,40.74921],[34.8747,40.74921],[34.7499,40.74921],[34.7499,40.87342],[34.7499,40.99921],[34.8747,40.99921],[34.99949,40.99921],[34.99949,40.87342]]]},"properties":{"name":"G33B","status":"OPEN","country":"Turkiye","area_sqkm":"584.114303804741","shore_status":"ONSHORE"}},{"type":"Feature","id":"mps_mapping_block.fbb57b95-8d86-432c-b68b-d4da247c73b9","geometry":{"type":"Polygon","coordinates":[[[36.24948,40.87342],[36.24948,40.74921],[36.12468,40.74921],[35.99989,40.74921],[35.99989,40.87342],[35.99989,40.99921],[36.12468,40.99921],[36.24948,40.99921],[36.24948,40.87342]]]},"properties":{"name":"G36A","status":"OPEN","country":"Turkiye","area_sqkm":"584.109623271423","shore_status":"ONSHORE"}},{"type":"Feature","id":"mps_mapping_block.fc654411-0ac1-4a19-bd82-373d9ff6a8fb","geometry":{"type":"Polygon","coordinates":[[[33.49992,41.37421],[33.49992,41.24921],[33.3741,41.24921],[33.24931,41.24921],[33.24931,41.37421],[33.24931,41.49921],[33.3741,41.49921],[33.49992,41.49921],[33.49992,41.37421]]]},"properties":{"name":"F30B","status":"OPEN","country":"Turkiye","area_sqkm":"582.093960984344","shore_status":"ONSHORE"}},{"type":"Feature","id":"mps_mapping_block.fd4ee992-102c-450f-ab17-b504b1a954c7","geometry":{"type":"Polygon","coordinates":[[[34.49929,37.87421],[34.49929,37.74921],[34.3745,37.74921],[34.2497,37.74921],[34.2497,37.87421],[34.2497,37.99921],[34.3745,37.99921],[34.49929,37.99921],[34.49929,37.87421]]]},"properties":{"name":"M32B","status":"OPEN","country":"Turkiye","area_sqkm":"609.347989370079","shore_status":"ONSHORE"}},{"type":"Feature","id":"mps_mapping_block.fde2b5c7-7142-403b-8587-0774fd56141c","geometry":{"type":"Polygon","coordinates":[[[33.9991,41.12421],[33.9991,40.99921],[33.8743,40.99921],[33.74951,40.99921],[33.74951,41.12421],[33.74951,41.24921],[33.8743,41.24921],[33.9991,41.24921],[33.9991,41.12421]]]},"properties":{"name":"F31C","status":"OPEN","country":"Turkiye","area_sqkm":"581.934449213181","shore_status":"ONSHORE"}},{"type":"Feature","id":"mps_mapping_block.ff0b2a11-53d1-4a58-8e77-66b71b6214e0","geometry":{"type":"Polygon","coordinates":[[[34.7499,39.12421],[34.7499,38.99921],[34.62409,38.99921],[34.49929,38.99921],[34.49929,39.12421],[34.49929,39.24921],[34.62409,39.24921],[34.7499,39.24921],[34.7499,39.12421]]]},"properties":{"name":"J33D","status":"OPEN","country":"Turkiye","area_sqkm":"601.468919464882","shore_status":"ONSHORE"}},{"type":"Feature","id":"mps_mapping_block.66fb372c-1d40-4b68-82df-bbfdfc8926da","geometry":{"type":"Polygon","coordinates":[[[32.75,42.5],[32.75,42.75],[33.0,42.75],[33.0,42.5],[32.75,42.5]]]},"properties":{"name":"C28, C29, D28, D29","status":"CURRENT","country":"Turkiye","area_sqkm":"569.555666574234","shore_status":"OFFSHORE"}},{"type":"Feature","id":"mps_mapping_block.0e80c054-833b-4583-8452-0edbc8b196df","geometry":{"type":"Polygon","coordinates":[[[36.0,42.75],[36.0,43.0],[36.25,43.0],[36.25,42.75],[36.0,42.75]]]},"properties":{"name":"C36, C37, D36, D37","status":"CURRENT","country":"Turkiye","area_sqkm":"567.29616063092","shore_status":"OFFSHORE"}},{"type":"Feature","id":"mps_mapping_block.978f0286-fd15-4a5e-bce3-1baaa9c142a8","geometry":{"type":"Polygon","coordinates":[[[35.25,43.0],[35.25,43.25],[35.5,43.25],[35.5,43.0],[35.25,43.0]]]},"properties":{"name":"B34, B35","status":"CURRENT","country":"Turkiye","area_sqkm":"565.02561007373","shore_status":"OFFSHORE"}},{"type":"Feature","id":"mps_mapping_block.42cdb025-d28c-41ff-abf0-46a95e5a6a08","geometry":{"type":"Polygon","coordinates":[[[35.0,42.5],[35.0,42.75],[35.25,42.75],[35.25,42.5],[35.0,42.5]]]},"properties":{"name":"C34, C35, D34, D35","status":"CURRENT","country":"Turkiye","area_sqkm":"569.555666574234","shore_status":"OFFSHORE"}},{"type":"Feature","id":"mps_mapping_block.3f110af1-2f3d-43da-81ff-ab810b3fee66","geometry":{"type":"Polygon","coordinates":[[[35.25,42.5],[35.25,42.75],[35.5,42.75],[35.5,42.5],[35.25,42.5]]]},"properties":{"name":"C34, C35, D34, D35","status":"CURRENT","country":"Turkiye","area_sqkm":"569.555666574234","shore_status":"OFFSHORE"}},{"type":"Feature","id":"mps_mapping_block.3f70cc1e-ec86-4318-b686-32cb1cc0821b","geometry":{"type":"Polygon","coordinates":[[[35.0,43.0],[35.0,43.25],[35.25,43.25],[35.25,43.0],[35.0,43.0]]]},"properties":{"name":"B34, B35","status":"CURRENT","country":"Turkiye","area_sqkm":"565.02561007373","shore_status":"OFFSHORE"}},{"type":"Feature","id":"mps_mapping_block.431fcb02-b91f-4c34-a48c-983075550c5a","geometry":{"type":"Polygon","coordinates":[[[33.5,42.20538],[33.5,42.25],[33.75,42.25],[33.75,42.179],[33.74755,42.17917],[33.622,42.18869],[33.50492,42.20491],[33.5,42.20538]]]},"properties":{"name":"C30, C31, D30, D31","status":"CURRENT","country":"Turkiye","area_sqkm":"136.894750754869","shore_status":"OFFSHORE"}},{"type":"Feature","id":"mps_mapping_block.2ca59d0f-68de-4ecc-8008-9c3c0fda71a3","geometry":{"type":"Polygon","coordinates":[[[34.75,42.25],[34.75,42.5],[35.0,42.5],[35.0,42.29641],[34.95079,42.29801],[34.90847,42.29202],[34.88096,42.29096],[34.86439,42.28496],[34.84429,42.2825],[34.8256,42.27333],[34.81008,42.26909],[34.78751,42.25993],[34.77318,42.25],[34.75,42.25]]]},"properties":{"name":"C32, C33, D32, D33","status":"CURRENT","country":"Turkiye","area_sqkm":"499.272311185169","shore_status":"OFFSHORE"}},{"type":"Feature","id":"mps_mapping_block.2df533fd-29ec-41e1-ad91-fa012d6d15db","geometry":{"type":"Polygon","coordinates":[[[36.13069,44.78337],[36.21569,44.81254],[36.3318,44.84976],[36.3518,44.81949],[36.24847,44.68281],[36.24847,44.62448],[35.99986,44.60476],[36.16513,44.78309],[36.13069,44.78337]]]},"properties":{"name":"SHCHM 16111 HP","status":"CURRENT","country":"Russian Federation","area_sqkm":"337.423564071688","shore_status":"OFFSHORE"}},{"type":"Feature","id":"mps_mapping_block.56633063-5d5f-4257-a650-8149d7e954f7","geometry":{"type":"Polygon","coordinates":[[[32.75,43.0],[32.75,43.25],[33.0,43.25],[33.0,43.0],[32.75,43.0]]]},"properties":{"name":"B28, B29","status":"CURRENT","country":"Turkiye","area_sqkm":"565.02561007373","shore_status":"OFFSHORE"}},{"type":"Feature","id":"mps_mapping_block.6128d2e3-96d1-42bc-bafe-61f2ee258377","geometry":{"type":"Polygon","coordinates":[[[33.75,42.179],[33.75,42.25],[34.0,42.25],[34.0,42.18009],[33.90871,42.17529],[33.84135,42.17282],[33.75,42.179]]]},"properties":{"name":"C30, C31, D30, D31","status":"CURRENT","country":"Turkiye","area_sqkm":"169.634242675911","shore_status":"OFFSHORE"}},{"type":"Feature","id":"mps_mapping_block.6669993e-5b95-410b-b173-eb712896aa22","geometry":{"type":"Polygon","coordinates":[[[34.5,42.75],[34.5,43.0],[34.75,43.0],[34.75,42.75],[34.5,42.75]]]},"properties":{"name":"C32, C33, D32, D33","status":"CURRENT","country":"Turkiye","area_sqkm":"567.29616063092","shore_status":"OFFSHORE"}},{"type":"Feature","id":"mps_mapping_block.6b3683c7-a2e7-4072-aee3-46293f8d3a0d","geometry":{"type":"Polygon","coordinates":[[[33.6152,45.68318],[33.6152,45.73318],[33.74854,45.73318],[33.74854,45.68318],[33.6152,45.68318]]]},"properties":{"name":"TETYANIVSKE","status":"CURRENT","country":"Ukraine","area_sqkm":"57.7002743362401","shore_status":"ONSHORE"}},{"type":"Feature","id":"mps_mapping_block.6da350a3-13bb-4f84-ba73-b9c1c7d6e0e1","geometry":{"type":"Polygon","coordinates":[[[34.0,42.5],[34.0,42.75],[34.25,42.75],[34.25,42.5],[34.0,42.5]]]},"properties":{"name":"C32, C33, D32, D33","status":"CURRENT","country":"Turkiye","area_sqkm":"569.555666574234","shore_status":"OFFSHORE"}},{"type":"Feature","id":"mps_mapping_block.73cc77e6-4c46-4128-bd3a-79938439a064","geometry":{"type":"Polygon","coordinates":[[[33.75,42.5],[33.75,42.75],[34.0,42.75],[34.0,42.5],[33.75,42.5]]]},"properties":{"name":"C30, C31, D30, D31","status":"CURRENT","country":"Turkiye","area_sqkm":"569.555666574234","shore_status":"OFFSHORE"}},{"type":"Feature","id":"mps_mapping_block.754b5a7a-f92a-4ca4-ba53-cec94133c24d","geometry":{"type":"Polygon","coordinates":[[[34.5,42.17363],[34.5,42.25],[34.75,42.25],[34.75,42.23113],[34.74625,42.22748],[34.72933,42.20844],[34.70711,42.17987],[34.68877,42.14496],[34.63869,42.14672],[34.54595,42.17282],[34.5,42.17363]]]},"properties":{"name":"C32, C33, D32, D33","status":"CURRENT","country":"Turkiye","area_sqkm":"188.861584728695","shore_status":"OFFSHORE"}},{"type":"Feature","id":"mps_mapping_block.75c3c956-e5dc-4cab-be74-4f0b5dac3c0b","geometry":{"type":"Polygon","coordinates":[[[34.75,42.5],[34.75,42.75],[35.0,42.75],[35.0,42.5],[34.75,42.5]]]},"properties":{"name":"C32, C33, D32, D33","status":"CURRENT","country":"Turkiye","area_sqkm":"569.555666574234","shore_status":"OFFSHORE"}},{"type":"Feature","id":"mps_mapping_block.77f29a58-639b-4af1-b610-d698b2900203","geometry":{"type":"Polygon","coordinates":[[[33.0,42.13125],[33.0,42.25],[33.25,42.25],[33.25,42.20485],[33.24855,42.20456],[33.14134,42.16965],[33.02779,42.13156],[33.00346,42.13262],[33.0,42.13125]]]},"properties":{"name":"C30, C31, D30, D31","status":"CURRENT","country":"Turkiye","area_sqkm":"196.136470201755","shore_status":"OFFSHORE"}},{"type":"Feature","id":"mps_mapping_block.7a30c3ff-386f-409d-8126-33da15ce2ce0","geometry":{"type":"Polygon","coordinates":[[[34.75,43.25],[34.75,43.2876],[35.0,43.33606],[35.0,43.25],[34.75,43.25]]]},"properties":{"name":"B32, B33","status":"CURRENT","country":"Turkiye","area_sqkm":"139.397284891144","shore_status":"OFFSHORE"}},{"type":"Feature","id":"mps_mapping_block.88009b8e-97e6-4d24-b12a-f6b7e9fd27c4","geometry":{"type":"Polygon","coordinates":[[[36.5,43.30943],[36.64876,43.25],[36.75,43.20956],[37.0,43.10969],[37.0,43.0],[36.75,43.0],[36.5,43.0],[36.25,43.0],[36.0,43.0],[36.0,43.25],[36.0,43.43481],[36.18401,43.43566],[36.25,43.4093],[36.5,43.30943]]]},"properties":{"name":"B36, B37","status":"CURRENT","country":"Turkiye","area_sqkm":"2733.53705409626","shore_status":"OFFSHORE"}},{"type":"Feature","id":"mps_mapping_block.898081f8-8fa6-4e7c-8d4c-8b75158c5525","geometry":{"type":"Polygon","coordinates":[[[36.13081,44.78348],[36.21581,44.81265],[36.33192,44.84987],[36.36498,44.79904],[36.49331,44.82293],[36.54387,44.83321],[36.44442,44.73154],[36.43776,44.71932],[36.20942,44.66459],[36.23165,44.62459],[35.99998,44.60486],[36.16525,44.7832],[36.13081,44.78348]]]},"properties":{"name":"PLOT DEEP","status":"CURRENT","country":"Ukraine","area_sqkm":"497.807502619875","shore_status":"OFFSHORE"}},{"type":"Feature","id":"mps_mapping_block.92f74fbc-bc8b-4f0b-82b4-c1363b68d460","geometry":{"type":"Polygon","coordinates":[[[35.5,43.0],[35.5,43.25],[35.75,43.25],[35.75,43.0],[35.5,43.0]]]},"properties":{"name":"B34, B35","status":"CURRENT","country":"Turkiye","area_sqkm":"565.02561007373","shore_status":"OFFSHORE"}},{"type":"Feature","id":"mps_mapping_block.95a9b0f6-66b8-4f3b-96bf-4cf6aacbacc5","geometry":{"type":"Polygon","coordinates":[[[33.0,42.5],[33.0,42.75],[33.25,42.75],[33.25,42.5],[33.0,42.5]]]},"properties":{"name":"C30, C31, D30, D31","status":"CURRENT","country":"Turkiye","area_sqkm":"569.555666574234","shore_status":"OFFSHORE"}},{"type":"Feature","id":"mps_mapping_block.96f668c9-e4ac-46d9-9b98-d9698dd38ad6","geometry":{"type":"Polygon","coordinates":[[[33.25,43.0],[33.25,43.2323],[33.25172,43.23218],[33.5,43.20686],[33.5,43.0],[33.25,43.0]]]},"properties":{"name":"B30, B31","status":"CURRENT","country":"Turkiye","area_sqkm":"496.462642300232","shore_status":"OFFSHORE"}},{"type":"Feature","id":"mps_mapping_block.973519b7-e239-45f9-8cb2-aa348b28c8ed","geometry":{"type":"Polygon","coordinates":[[[34.5,43.0],[34.5,43.23872],[34.55512,43.24981],[34.55607,43.25],[34.75,43.25],[34.75,43.0],[34.5,43.0]]]},"properties":{"name":"B32, B33","status":"CURRENT","country":"Turkiye","area_sqkm":"562.120438750919","shore_status":"OFFSHORE"}},{"type":"Feature","id":"mps_mapping_block.a083e269-58db-47a5-b67e-d2f9145ba43d","geometry":{"type":"Polygon","coordinates":[[[36.13081,44.78348],[35.81303,44.78431],[35.91164,44.97542],[36.44109,44.97376],[36.38553,44.93737],[36.18025,44.88237],[36.21581,44.81265],[36.13081,44.78348]]]},"properties":{"name":"LUCHYTSKOHO","status":"CURRENT","country":"Ukraine","area_sqkm":"668.790339188629","shore_status":"OFFSHORE"}},{"type":"Feature","id":"mps_mapping_block.a19d01aa-a502-4fc0-9cca-f164e3214c3b","geometry":{"type":"Polygon","coordinates":[[[35.87456,45.30727],[35.87456,45.3581],[36.13178,45.3581],[36.13178,45.3331],[36.08734,45.3331],[36.08734,45.30727],[35.87456,45.30727]]]},"properties":{"name":"CMF NE 00012","status":"CURRENT","country":"Russian Federation","area_sqkm":"103.958646823249","shore_status":"ONSHORE"}},{"type":"Feature","id":"mps_mapping_block.a72a7d73-d160-4767-a541-f53a9b07ba58","geometry":{"type":"Polygon","coordinates":[[[35.69858,44.7832],[36.16525,44.7832],[34.9986,43.49984],[34.53193,43.74983],[33.91525,43.74983],[33.91525,43.9165],[34.74857,44.68318],[35.69858,44.68319],[35.69858,44.7832]]]},"properties":{"name":"PLOT PRYKERCHENSKA (10000M TO THE DEPTHS OF THE SEA SURFACE, OR HELOHICHN. BASE)","status":"CURRENT","country":"Ukraine","area_sqkm":"12651.2921437683","shore_status":"OFFSHORE"}},{"type":"Feature","id":"mps_mapping_block.a84df9f6-da18-47e5-9593-a489238268e9","geometry":{"type":"Polygon","coordinates":[[[34.75,43.2876],[34.75,43.25],[34.55607,43.25],[34.75,43.2876]]]},"properties":{"name":"B32, B33","status":"OPEN","country":"Turkiye","area_sqkm":"32.8894881974182","shore_status":"OFFSHORE"}},{"type":"Feature","id":"mps_mapping_block.d7ebea38-44f9-461a-8138-d42f43a6df05","geometry":{"type":"Polygon","coordinates":[[[33.5,42.75],[33.5,43.0],[33.75,43.0],[33.75,42.75],[33.5,42.75]]]},"properties":{"name":"C30, C31, D30, D31","status":"CURRENT","country":"Turkiye","area_sqkm":"567.29616063092","shore_status":"OFFSHORE"}},{"type":"Feature","id":"mps_mapping_block.b3ff8cf5-69c3-4b2a-9959-9845bd3f9432","geometry":{"type":"Polygon","coordinates":[[[35.52215,46.32516],[35.68465,46.32211],[35.68466,46.24155],[35.58771,46.17766],[35.58577,46.16238],[35.55966,46.16238],[35.41799,46.16932],[35.44854,46.18321],[35.42021,46.21377],[35.52215,46.32516]]]},"properties":{"name":"SECTION 1 OBITOCHNA","status":"CURRENT","country":"Ukraine","area_sqkm":"269.522062606838","shore_status":"OFFSHORE"}},{"type":"Feature","id":"mps_mapping_block.b7d32f5a-b5fe-4474-ab14-3d322b19b0ed","geometry":{"type":"Polygon","coordinates":[[[34.25,42.5],[34.25,42.75],[34.5,42.75],[34.5,42.5],[34.25,42.5]]]},"properties":{"name":"C32, C33, D32, D33","status":"CURRENT","country":"Turkiye","area_sqkm":"569.555666574234","shore_status":"OFFSHORE"}},{"type":"Feature","id":"mps_mapping_block.b8c5ee50-e1f4-4aab-bb70-5cfca32e6b64","geometry":{"type":"Polygon","coordinates":[[[35.75,42.25],[35.75,42.5],[36.0,42.5],[36.0,42.25],[35.75,42.25]]]},"properties":{"name":"C34, C35, D34, D35","status":"CURRENT","country":"Turkiye","area_sqkm":"571.804088982529","shore_status":"OFFSHORE"}},{"type":"Feature","id":"mps_mapping_block.bbbb3a3f-22ab-4ccd-8e26-f75db9163288","geometry":{"type":"Polygon","coordinates":[[[34.0,42.18009],[34.0,42.25],[34.25,42.25],[34.25,42.1569],[34.17002,42.17317],[34.12735,42.17635],[34.07516,42.18023],[34.00251,42.18023],[34.0,42.18009]]]},"properties":{"name":"C32, C33, D32, D33","status":"CURRENT","country":"Turkiye","area_sqkm":"174.304186271123","shore_status":"OFFSHORE"}},{"type":"Feature","id":"mps_mapping_block.c2b9919d-512e-4fbf-8a8b-97441a0e5aef","geometry":{"type":"Polygon","coordinates":[[[33.75,42.75],[33.75,43.0],[34.0,43.0],[34.0,42.75],[33.75,42.75]]]},"properties":{"name":"C30, C31, D30, D31","status":"CURRENT","country":"Turkiye","area_sqkm":"567.29616063092","shore_status":"OFFSHORE"}},{"type":"Feature","id":"mps_mapping_block.c3e8e4cb-6699-454f-aaaa-8bed46d5afcb","geometry":{"type":"Polygon","coordinates":[[[32.75,42.25],[32.75,42.5],[33.0,42.5],[33.0,42.25],[32.75,42.25]]]},"properties":{"name":"C28, C29, D28, D29","status":"CURRENT","country":"Turkiye","area_sqkm":"571.804088982529","shore_status":"OFFSHORE"}},{"type":"Feature","id":"mps_mapping_block.c42ecafe-fab7-4b6a-96b8-4df029cf31fe","geometry":{"type":"Polygon","coordinates":[[[35.82622,45.44143],[35.82622,45.44782],[35.82233,45.4481],[35.81789,45.45616],[35.82205,45.46282],[35.83011,45.46893],[35.84955,45.47338],[35.86678,45.47032],[35.87289,45.46588],[35.86955,45.45949],[35.85983,45.45366],[35.8465,45.45005],[35.84872,45.4406],[35.82622,45.44143]]]},"properties":{"name":"CMF NE 00027","status":"CURRENT","country":"Russian Federation","area_sqkm":"9.78042528389797","shore_status":"BOTH"}},{"type":"Feature","id":"mps_mapping_block.c657f84b-4414-4d5e-8c42-6e6eb67ff554","geometry":{"type":"Polygon","coordinates":[[[36.0,42.0],[36.25,42.0],[36.25,41.82846],[36.24114,41.83357],[36.21257,41.84909],[36.19,41.85931],[36.17378,41.86743],[36.15474,41.8773],[36.13675,41.88717],[36.11912,41.8967],[36.10396,41.9034],[36.08068,41.91398],[36.06234,41.92068],[36.0299,41.92808],[36.00098,41.93126],[36.0,42.0]]]},"properties":{"name":"E36, E37","status":"CURRENT","country":"Turkiye","area_sqkm":"254.965791744226","shore_status":"OFFSHORE"}},{"type":"Feature","id":"mps_mapping_block.c847b5a6-4cf5-4479-abd5-3a71b932688a","geometry":{"type":"Polygon","coordinates":[[[33.0,42.25],[33.0,42.5],[33.25,42.5],[33.25,42.25],[33.0,42.25]]]},"properties":{"name":"C30, C31, D30, D31","status":"CURRENT","country":"Turkiye","area_sqkm":"571.804088982529","shore_status":"OFFSHORE"}},{"type":"Feature","id":"mps_mapping_block.d531c908-253e-4e60-a32f-978a8341b791","geometry":{"type":"Polygon","coordinates":[[[35.75,42.5],[35.75,42.75],[36.0,42.75],[36.0,42.5],[35.75,42.5]]]},"properties":{"name":"C34, C35, D34, D35","status":"CURRENT","country":"Turkiye","area_sqkm":"569.555666574234","shore_status":"OFFSHORE"}},{"type":"Feature","id":"mps_mapping_block.e0d7f337-0807-4654-a43e-b3177e4c76ee","geometry":{"type":"Polygon","coordinates":[[[34.0,43.0],[34.0,43.18775],[34.00004,43.18775],[34.22927,43.18422],[34.25,43.1884],[34.25,43.0],[34.0,43.0]]]},"properties":{"name":"B32, B33","status":"CURRENT","country":"Turkiye","area_sqkm":"420.599825203326","shore_status":"OFFSHORE"}},{"type":"Feature","id":"mps_mapping_block.e53dea56-60dc-4461-ba2a-f37deb41d3d1","geometry":{"type":"Polygon","coordinates":[[[35.75,43.25],[35.75,43.43366],[36.0,43.43481],[36.0,43.25],[35.75,43.25]]]},"properties":{"name":"B34, B35","status":"CURRENT","country":"Turkiye","area_sqkm":"414.925766447189","shore_status":"OFFSHORE"}},{"type":"Feature","id":"mps_mapping_block.e7fc7889-1f52-4756-ac67-8a2fbdf8bc47","geometry":{"type":"Polygon","coordinates":[[[34.25,42.25],[34.25,42.5],[34.5,42.5],[34.5,42.25],[34.25,42.25]]]},"properties":{"name":"C32, C33, D32, D33","status":"CURRENT","country":"Turkiye","area_sqkm":"571.804088982529","shore_status":"OFFSHORE"}},{"type":"Feature","id":"mps_mapping_block.f70dbc08-2806-41a3-8e1f-f5f505ba820c","geometry":{"type":"Polygon","coordinates":[[[35.44854,46.18321],[35.26521,46.09988],[35.23187,46.13321],[35.41521,46.21655],[35.44854,46.18321]]]},"properties":{"name":"THE STRUCTURE OF THE WEST BIRUCHIY","status":"CURRENT","country":"Ukraine","area_sqkm":"76.3207502482567","shore_status":"OFFSHORE"}},{"type":"Feature","id":"mps_mapping_block.ec559c3c-4f1e-4c10-a3e2-79013c396039","geometry":{"type":"Polygon","coordinates":[[[33.0,43.0],[33.0,43.25],[33.25,43.2323],[33.25,43.0],[33.0,43.0]]]},"properties":{"name":"B30, B31","status":"CURRENT","country":"Turkiye","area_sqkm":"545.068534975418","shore_status":"OFFSHORE"}},{"type":"Feature","id":"mps_mapping_block.ef1c3242-4550-4f15-b90f-bc5b600241f0","geometry":{"type":"Polygon","coordinates":[[[34.90688,45.86154],[34.97688,45.86987],[35.04355,45.8732],[35.03688,45.83987],[34.94855,45.80653],[34.88521,45.8082],[34.90688,45.86154]]]},"properties":{"name":"STRILKOVE GAS DEPOSIT","status":"CURRENT","country":"Ukraine","area_sqkm":"62.4309248128834","shore_status":"BOTH"}},{"type":"Feature","id":"mps_mapping_block.fde676ab-ef68-45bf-86ec-e1100a5a83ea","geometry":{"type":"Polygon","coordinates":[[[34.0,42.75],[34.0,43.0],[34.25,43.0],[34.25,42.75],[34.0,42.75]]]},"properties":{"name":"C32, C33, D32, D33","status":"CURRENT","country":"Turkiye","area_sqkm":"567.29616063092","shore_status":"OFFSHORE"}},{"type":"Feature","id":"mps_mapping_block.f560985c-cd61-4b52-b21a-9db9eefd66c4","geometry":{"type":"Polygon","coordinates":[[[36.0,42.0],[36.0,42.25],[36.25,42.25],[36.25,42.0],[36.0,42.0]]]},"properties":{"name":"C36, C37, D36, D37","status":"CURRENT","country":"Turkiye","area_sqkm":"574.041389185822","shore_status":"OFFSHORE"}},{"type":"Feature","id":"mps_mapping_block.f5c2cc8f-0d08-406c-a4bb-c93e74a475e4","geometry":{"type":"Polygon","coordinates":[[[36.09663,45.26154],[35.87274,45.26209],[35.87163,45.30821],[36.09774,45.30932],[36.09663,45.26154]]]},"properties":{"name":"SLYUSARIVSKA  PLOT \u21162 (EXCEPT)","status":"CURRENT","country":"Ukraine","area_sqkm":"82.3212412564073","shore_status":"ONSHORE"}},{"type":"Feature","id":"mps_mapping_block.fb7a8e60-f914-4c95-904d-f099260be0be","geometry":{"type":"Polygon","coordinates":[[[33.5,42.25],[33.5,42.5],[33.75,42.5],[33.75,42.25],[33.5,42.25]]]},"properties":{"name":"C30, C31, D30, D31","status":"CURRENT","country":"Turkiye","area_sqkm":"571.804088982529","shore_status":"OFFSHORE"}},{"type":"Feature","id":"mps_mapping_block.fbb582d7-2419-4ac2-bf9d-d0ba9943d2e9","geometry":{"type":"Polygon","coordinates":[[[35.5,43.25],[35.5,43.4325],[35.75,43.43366],[35.75,43.25],[35.5,43.25]]]},"properties":{"name":"B34, B35","status":"CURRENT","country":"Turkiye","area_sqkm":"412.326963884872","shore_status":"OFFSHORE"}},{"type":"Feature","id":"mps_mapping_block.fbfcaa6a-850b-47d7-8704-e13a5d594ef2","geometry":{"type":"Polygon","coordinates":[[[33.25,42.5],[33.25,42.75],[33.5,42.75],[33.5,42.5],[33.25,42.5]]]},"properties":{"name":"C30, C31, D30, D31","status":"CURRENT","country":"Turkiye","area_sqkm":"569.555666574234","shore_status":"OFFSHORE"}},{"type":"Feature","id":"mps_mapping_block.e34f5adf-e915-428c-9690-d2f2e12badfe","geometry":{"type":"Polygon","coordinates":[[[33.09615,50.86241],[33.10949,50.86436],[33.12337,50.86658],[33.14504,50.85908],[33.14726,50.84908],[33.12004,50.83964],[33.09976,50.83602],[33.08032,50.84102],[33.08504,50.85186],[33.09615,50.86241]]]},"properties":{"name":"SKOROHODIVSKE","status":"CURRENT","country":"Ukraine","area_sqkm":"10.7044340252521","shore_status":"ONSHORE"}},{"type":"Feature","id":"mps_mapping_block.123375ca-d0da-480c-be1f-d47b8ccfa913","geometry":{"type":"Polygon","coordinates":[[[35.62009,50.22105],[36.02955,50.09689],[35.92788,50.03244],[35.83816,50.07994],[35.78093,50.06605],[35.60676,50.15549],[35.55648,50.14577],[35.46065,50.17855],[35.46481,50.22133],[35.62009,50.22105]]]},"properties":{"name":"LESKIVSKO-MYAHKIVSKA","status":"CURRENT","country":"Ukraine","area_sqkm":"335.010242296645","shore_status":"ONSHORE"}},{"type":"Feature","id":"mps_mapping_block.6a1a0246-d46d-4a2b-b9f0-e5e8380a98db","geometry":{"type":"Polygon","coordinates":[[[33.08838,50.67491],[33.12838,50.68991],[33.18505,50.67491],[33.21672,50.64991],[33.19172,50.63158],[33.14838,50.64658],[33.14838,50.64991],[33.13338,50.64991],[33.08838,50.67491]]]},"properties":{"name":"VOLOSHKIVSKE","status":"CURRENT","country":"Ukraine","area_sqkm":"28.8954595142395","shore_status":"ONSHORE"}},{"type":"Feature","id":"mps_mapping_block.763f76d0-7390-466f-ae20-9a2e3a32939d","geometry":{"type":"Polygon","coordinates":[[[34.69678,49.08602],[34.70817,49.08547],[34.71567,49.07824],[34.76623,49.08547],[34.76845,49.07991],[34.7054,49.06491],[34.69123,49.06797],[34.69678,49.08602]]]},"properties":{"name":"TARTU","status":"CURRENT","country":"Ukraine","area_sqkm":"6.76793070397019","shore_status":"ONSHORE"}},{"type":"Feature","id":"mps_mapping_block.6007c086-2c0b-4588-924c-69f16ec2f67a","geometry":{"type":"Polygon","coordinates":[[[35.37398,50.25827],[35.4862,50.25772],[35.48592,50.22188],[35.3737,50.22216],[35.37342,50.17632],[35.29926,50.17632],[35.29926,50.16604],[35.26509,50.16604],[35.26509,50.24938],[35.37398,50.24966],[35.37398,50.25827]]]},"properties":{"name":"NOVOSOFIYIVSKA","status":"CURRENT","country":"Ukraine","area_sqkm":"97.9201502799671","shore_status":"ONSHORE"}},{"type":"Feature","id":"mps_mapping_block.820d1259-33b8-4ad5-9be6-bd67df06fbb9","geometry":{"type":"Polygon","coordinates":[[[35.2212,50.1966],[35.26509,50.23605],[35.26481,50.16577],[35.29926,50.16577],[35.29926,50.17604],[35.37342,50.17605],[35.3737,50.20244],[35.55648,50.14577],[35.53176,50.09994],[35.44843,50.0666],[35.36926,50.09577],[35.32481,50.14021],[35.29009,50.12216],[35.2212,50.1966]]]},"properties":{"name":"WEST HUTSKA","status":"CURRENT","country":"Ukraine","area_sqkm":"182.107427515646","shore_status":"ONSHORE"}},{"type":"Feature","id":"mps_mapping_block.af5e9ee7-c20b-4ac4-ab96-f6f959ad5fec","geometry":{"type":"Polygon","coordinates":[[[34.34843,49.72769],[34.41509,49.71658],[34.4651,49.59991],[34.44677,49.5738],[34.39565,49.59991],[34.34843,49.72769]]]},"properties":{"name":"MAKARTSIVSKE","status":"CURRENT","country":"Ukraine","area_sqkm":"71.917057293066","shore_status":"ONSHORE"}},{"type":"Feature","id":"mps_mapping_block.b0cf2309-e5f9-48e2-aec6-49ed684422a6","geometry":{"type":"Polygon","coordinates":[[[34.68039,49.17324],[34.694,49.17241],[34.72512,49.16963],[34.72456,49.16602],[34.68678,49.14852],[34.66373,49.16463],[34.64928,49.17269],[34.68039,49.17324]]]},"properties":{"name":"MOLCHANOV DEPOSIT","status":"CURRENT","country":"Ukraine","area_sqkm":"7.89493793529463","shore_status":"ONSHORE"}},{"type":"Feature","id":"mps_mapping_block.1ce967af-56d2-46e9-bc2e-cf55da5c452d","geometry":{"type":"Polygon","coordinates":[[[35.0815,49.30047],[35.16262,49.28936],[35.09373,49.20742],[35.00401,49.19631],[34.98151,49.24575],[35.00234,49.28853],[35.01845,49.28436],[35.03123,49.28408],[35.03984,49.28797],[35.04317,49.29714],[35.06345,49.30714],[35.07817,49.30992],[35.0815,49.30047]]]},"properties":{"name":"ROZUMIVSKO-MAZHARIVSKA","status":"CURRENT","country":"Ukraine","area_sqkm":"102.502355892278","shore_status":"ONSHORE"}},{"type":"Feature","id":"mps_mapping_block.1be59d2f-c96e-4038-be3e-3e5be2daf3fe","geometry":{"type":"Polygon","coordinates":[[[35.08815,49.8227],[34.93399,49.71492],[34.71121,49.73048],[34.68704,49.86381],[34.86343,49.94326],[35.08815,49.8227]]]},"properties":{"name":"FLORIVSKO-JUBILEE","status":"CURRENT","country":"Ukraine","area_sqkm":"472.400672478266","shore_status":"ONSHORE"}},{"type":"Feature","id":"mps_mapping_block.c70e374c-388b-418b-8069-69af67bbfc0b","geometry":{"type":"Polygon","coordinates":[[[33.28394,50.69408],[33.32477,50.6913],[33.34838,50.69214],[33.37394,50.67825],[33.35033,50.65991],[33.31227,50.65686],[33.28394,50.69408]]]},"properties":{"name":"YARMOLYNTSIVSKE","status":"CURRENT","country":"Ukraine","area_sqkm":"16.7975749485435","shore_status":"ONSHORE"}},{"type":"Feature","id":"mps_mapping_block.e7966558-55ef-4d0b-9ef4-13e1708fe421","geometry":{"type":"Polygon","coordinates":[[[33.23949,50.84158],[33.19893,50.86186],[33.16837,50.87825],[33.18865,50.8888],[33.20782,50.86797],[33.2456,50.84686],[33.23949,50.84158]]]},"properties":{"name":"ROMASHIVSKE","status":"CURRENT","country":"Ukraine","area_sqkm":"6.71043507871532","shore_status":"ONSHORE"}},{"type":"Feature","id":"mps_mapping_block.fd097222-b9dc-44c8-b356-711753f39996","geometry":{"type":"Polygon","coordinates":[[[34.0259,50.44659],[34.07201,50.46464],[34.10284,50.43631],[34.05729,50.41575],[34.0259,50.44659]]]},"properties":{"name":"RYMARIVSKE","status":"CURRENT","country":"Ukraine","area_sqkm":"15.4607724464569","shore_status":"ONSHORE"}},{"type":"Feature","id":"mps_mapping_block.2201e08b-5c2e-4278-83ad-1249d8a3e5c2","geometry":{"type":"Polygon","coordinates":[[[33.70618,50.20963],[33.61563,50.14324],[33.49535,50.20574],[33.54034,50.26713],[33.70618,50.20963]]]},"properties":{"name":"KLYUSHNYKIVSKA","status":"CURRENT","country":"Ukraine","area_sqkm":"104.879775064163","shore_status":"ONSHORE"}},{"type":"Feature","id":"mps_mapping_block.5e151309-9cf9-4876-aba1-7dd150ccc9ad","geometry":{"type":"Polygon","coordinates":[[[35.28315,49.93076],[35.35954,49.96104],[35.40677,49.90826],[35.35677,49.88965],[35.35399,49.91382],[35.29121,49.92243],[35.28315,49.93076]]]},"properties":{"name":"VODYANIVSKA","status":"CURRENT","country":"Ukraine","area_sqkm":"30.6592263557408","shore_status":"ONSHORE"}},{"type":"Feature","id":"mps_mapping_block.49c654a7-a589-40c7-a796-e0b14f7a12d8","geometry":{"type":"Polygon","coordinates":[[[35.04651,49.04019],[35.03735,49.03658],[35.02485,49.03741],[35.01623,49.04241],[35.0154,49.04797],[35.01957,49.0513],[35.03096,49.05075],[35.04346,49.0463],[35.04651,49.04019]]]},"properties":{"name":"NOVOSELOVSKOE","status":"CURRENT","country":"Ukraine","area_sqkm":"2.69071117018771","shore_status":"ONSHORE"}},{"type":"Feature","id":"mps_mapping_block.14b09885-16f9-43f0-8957-691139e8a6cd","geometry":{"type":"Polygon","coordinates":[[[33.49422,50.49908],[33.53756,50.48603],[33.55089,50.47186],[33.54339,50.46852],[33.61062,50.45936],[33.63256,50.45158],[33.6509,50.43686],[33.65395,50.4238],[33.61756,50.41408],[33.56339,50.42075],[33.53978,50.43575],[33.52117,50.45825],[33.50784,50.46297],[33.48784,50.48019],[33.4845,50.49602],[33.49422,50.49908]]]},"properties":{"name":"GLINSKO-ROZBYSHIVSKE","status":"CURRENT","country":"Ukraine","area_sqkm":"48.9578675039549","shore_status":"ONSHORE"}},{"type":"Feature","id":"mps_mapping_block.3311ea40-7b4a-43fc-9c62-6b453ee141de","geometry":{"type":"Polygon","coordinates":[[[33.15951,50.18768],[33.1484,50.19435],[33.1234,50.16907],[33.05534,50.2024],[33.09006,50.22768],[33.0984,50.2499],[33.15117,50.23602],[33.17479,50.22907],[33.15951,50.18768]]]},"properties":{"name":"VORONKIVSKO-GROUP STRUCTURES SELYUHIVSKA","status":"CURRENT","country":"Ukraine","area_sqkm":"41.9299078845663","shore_status":"ONSHORE"}},{"type":"Feature","id":"mps_mapping_block.47d026f5-07de-471f-a977-96a05699d2f6","geometry":{"type":"Polygon","coordinates":[[[35.25677,49.64854],[35.2865,49.60159],[35.27928,49.58937],[35.26816,49.5977],[35.25733,49.62215],[35.25677,49.64854]]]},"properties":{"name":"NOVOUKRAINSKIY","status":"CURRENT","country":"Ukraine","area_sqkm":"5.80727710133487","shore_status":"ONSHORE"}},{"type":"Feature","id":"mps_mapping_block.ec12ce44-d8be-4bfc-bef0-f6a508799216","geometry":{"type":"Polygon","coordinates":[[[34.41536,49.97186],[34.49675,49.96936],[34.54676,49.93492],[34.45537,49.92436],[34.40453,49.9402],[34.40481,49.95186],[34.41536,49.97186]]]},"properties":{"name":"SOLOHIVSKE","status":"CURRENT","country":"Ukraine","area_sqkm":"37.283289595965","shore_status":"ONSHORE"}},{"type":"Feature","id":"mps_mapping_block.ecaa9310-4a9d-44c2-901e-ad6fe0c3303a","geometry":{"type":"Polygon","coordinates":[[[33.14505,50.49991],[33.272,50.49602],[33.26812,50.36408],[33.16145,50.35157],[33.16617,50.3963],[33.15395,50.41769],[33.14505,50.49991]]]},"properties":{"name":"SVYRYDIVSKE","status":"CURRENT","country":"Ukraine","area_sqkm":"127.148094650381","shore_status":"ONSHORE"}},{"type":"Feature","id":"mps_mapping_block.2aa0018a-d2ac-4b0f-8e4b-a1e7e267e7f2","geometry":{"type":"Polygon","coordinates":[[[35.43763,49.24184],[35.45762,49.21631],[35.51476,49.21816],[35.61889,49.16336],[35.80515,49.14518],[35.70763,49.10881],[35.78958,49.04048],[35.69986,48.98853],[35.36235,49.18353],[35.42123,49.23992],[35.43763,49.24184]]]},"properties":{"name":"PIVDENNO-KOBZIVSKA","status":"OPEN","country":"Ukraine","area_sqkm":"368.04861268532","shore_status":"ONSHORE"}},{"type":"Feature","id":"mps_mapping_block.50d2738c-04ed-4a8e-bbd4-2d75794dcc8f","geometry":{"type":"Polygon","coordinates":[[[34.14452,50.22353],[34.12924,50.16103],[34.02952,50.18908],[34.0748,50.24714],[34.14452,50.22353]]]},"properties":{"name":"LYUTENSKO-BUDYSCHANSKA","status":"CURRENT","country":"Ukraine","area_sqkm":"46.7652574702625","shore_status":"ONSHORE"}},{"type":"Feature","id":"mps_mapping_block.12c5f11e-cdcd-4fb5-9a08-538fa2ff5c03","geometry":{"type":"Polygon","coordinates":[[[35.73178,49.46937],[35.77345,49.45549],[35.77151,49.44632],[35.72345,49.46104],[35.73178,49.46937]]]},"properties":{"name":"KOTLYARIVSKE","status":"CURRENT","country":"Ukraine","area_sqkm":"3.75761877103102","shore_status":"ONSHORE"}},{"type":"Feature","id":"mps_mapping_block.0002bc1a-7c07-424e-93dc-b849c1d034ec","geometry":{"type":"Polygon","coordinates":[[[34.17121,49.35852],[34.15649,49.38102],[34.1601,49.38657],[34.16594,49.38713],[34.22594,49.35657],[34.22233,49.33824],[34.19566,49.34102],[34.17121,49.35852]]]},"properties":{"name":"ZACHEPILOVSKY","status":"CURRENT","country":"Ukraine","area_sqkm":"13.3219546876383","shore_status":"ONSHORE"}},{"type":"Feature","id":"mps_mapping_block.3b92b9dc-3ecf-41a3-8a6c-9d76c7cb0cc1","geometry":{"type":"Polygon","coordinates":[[[34.18674,50.28992],[34.14452,50.22353],[34.0748,50.24714],[34.12702,50.31381],[34.18674,50.28992]]]},"properties":{"name":"SOUTH ZINKOVSKAYA","status":"CURRENT","country":"Ukraine","area_sqkm":"43.0440166680412","shore_status":"ONSHORE"}},{"type":"Feature","id":"mps_mapping_block.06aa1d50-fd4c-4438-b2b5-1d9a84bb199e","geometry":{"type":"Polygon","coordinates":[[[35.20289,49.4227],[35.20178,49.36103],[35.10011,49.36353],[35.10372,49.42492],[35.20289,49.4227]]]},"properties":{"name":"NORTH FEDOROVSKOE","status":"CURRENT","country":"Ukraine","area_sqkm":"49.9290315206712","shore_status":"ONSHORE"}},{"type":"Feature","id":"mps_mapping_block.288bc0d5-dd90-4162-9917-8b930e6aa316","geometry":{"type":"Polygon","coordinates":[[[35.5476,50.01216],[35.71066,50.00383],[35.81455,49.96827],[35.80621,49.96272],[35.79733,49.96577],[35.76788,49.95133],[35.66955,49.9741],[35.5726,49.9691],[35.5476,50.01216]]]},"properties":{"name":"YULIYIVSKE DEPOSIT (EXCEPT ZOLOCHIVSKIY BLOCK)","status":"CURRENT","country":"Ukraine","area_sqkm":"66.4975412566824","shore_status":"ONSHORE"}},{"type":"Feature","id":"mps_mapping_block.1677a438-0ec6-4e3b-874e-0e25888ebd38","geometry":{"type":"Polygon","coordinates":[[[33.43561,50.53158],[33.46089,50.53408],[33.48339,50.52547],[33.48561,50.51491],[33.47811,50.51297],[33.46395,50.51519],[33.4345,50.52269],[33.43561,50.53158]]]},"properties":{"name":"VASILEVSKY DEPOSIT","status":"CURRENT","country":"Ukraine","area_sqkm":"5.62520230221367","shore_status":"ONSHORE"}},{"type":"Feature","id":"mps_mapping_block.01995832-ed96-4dcc-9f0d-99242f838129","geometry":{"type":"Polygon","coordinates":[[[35.03401,49.02936],[35.04818,49.03547],[35.09429,49.03742],[35.10346,49.02825],[35.07818,49.01658],[35.04012,49.02269],[35.03401,49.02936]]]},"properties":{"name":"EAST DEPOSIT NOVOSELOVSKOE","status":"CURRENT","country":"Ukraine","area_sqkm":"7.86986500703907","shore_status":"ONSHORE"}},{"type":"Feature","id":"mps_mapping_block.1da9b695-11fe-4d1d-8a58-7714fc4b5bcf","geometry":{"type":"Polygon","coordinates":[[[35.93178,49.83327],[35.94844,49.86661],[36.18178,49.81661],[36.18178,49.78327],[35.93178,49.83327]]]},"properties":{"name":"OSTROVERHIVSKE","status":"CURRENT","country":"Ukraine","area_sqkm":"67.791299952845","shore_status":"ONSHORE"}},{"type":"Feature","id":"mps_mapping_block.2727e423-5c02-4e2b-975d-f2462c0b3441","geometry":{"type":"Polygon","coordinates":[[[33.69561,50.67103],[33.7545,50.66853],[33.7795,50.64992],[33.80395,50.64798],[33.7845,50.59464],[33.72061,50.60825],[33.69728,50.61409],[33.69561,50.67103]]]},"properties":{"name":"STOLYARIVSKA","status":"CURRENT","country":"Ukraine","area_sqkm":"46.8108693805383","shore_status":"ONSHORE"}},{"type":"Feature","id":"mps_mapping_block.27ff31bd-e969-41ae-9da0-bb4036e65cf1","geometry":{"type":"Polygon","coordinates":[[[33.7795,50.65103],[33.75394,50.66992],[33.74839,50.69075],[33.79783,50.6877],[33.81033,50.66048],[33.80561,50.64825],[33.7795,50.65103]]]},"properties":{"name":"SOUTH DEPOSIT PANASIVSKE","status":"CURRENT","country":"Ukraine","area_sqkm":"14.1013085302348","shore_status":"ONSHORE"}},{"type":"Feature","id":"mps_mapping_block.3a3a7e1c-faa1-44d5-8584-339bab2efca6","geometry":{"type":"Polygon","coordinates":[[[34.68177,49.57492],[34.68177,49.62214],[34.83177,49.62214],[34.83177,49.57492],[34.68177,49.57492]]]},"properties":{"name":"EAST DEPOSIT POLTAVA","status":"CURRENT","country":"Ukraine","area_sqkm":"56.9533165179966","shore_status":"ONSHORE"}},{"type":"Feature","id":"mps_mapping_block.4c924028-4a1b-4eb1-9e9a-fac43f690ed2","geometry":{"type":"Polygon","coordinates":[[[35.7943,48.92048],[35.96014,48.98131],[35.9768,48.95965],[35.9968,48.94076],[36.03542,48.91993],[35.9607,48.81881],[35.7943,48.92048]]]},"properties":{"name":"SOUTH ORILSKA","status":"CURRENT","country":"Ukraine","area_sqkm":"155.90986691963","shore_status":"ONSHORE"}},{"type":"Feature","id":"mps_mapping_block.5cf33fbd-296d-454a-ac45-99c535481c08","geometry":{"type":"Polygon","coordinates":[[[34.97564,50.09215],[35.01731,50.08993],[35.04787,50.08437],[35.08231,50.0416],[34.99954,50.00771],[34.94481,50.02604],[34.95203,50.05437],[34.93537,50.05437],[34.9387,50.06132],[34.96703,50.07409],[34.95759,50.09576],[34.97564,50.09215]]]},"properties":{"name":"KOLONTAYIVSKA","status":"CURRENT","country":"Ukraine","area_sqkm":"64.135979384203","shore_status":"ONSHORE"}},{"type":"Feature","id":"mps_mapping_block.86790486-fc19-4ee8-9873-401951614a52","geometry":{"type":"Polygon","coordinates":[[[33.36449,50.68825],[33.36588,50.69658],[33.38588,50.70992],[33.43505,50.70353],[33.43033,50.68353],[33.40394,50.67769],[33.37672,50.68047],[33.36449,50.68825]]]},"properties":{"name":"KORZHIVSKE","status":"CURRENT","country":"Ukraine","area_sqkm":"13.2669091020204","shore_status":"ONSHORE"}},{"type":"Feature","id":"mps_mapping_block.bf42fe5e-9700-4f88-a476-515d2dfd937f","geometry":{"type":"Polygon","coordinates":[[[35.84012,49.44243],[35.77206,49.44437],[35.79567,49.48743],[35.84012,49.4891],[35.84012,49.44243]]]},"properties":{"name":"SOUTH MEDVEDIVKA","status":"CURRENT","country":"Ukraine","area_sqkm":"20.3584303337491","shore_status":"ONSHORE"}},{"type":"Feature","id":"mps_mapping_block.4b89434b-d2d2-46ad-8cd3-ade150a1e474","geometry":{"type":"Polygon","coordinates":[[[35.26232,50.05715],[35.28037,50.07299],[35.34787,50.05354],[35.40037,50.01993],[35.39426,50.01327],[35.32398,50.02604],[35.26232,50.05715]]]},"properties":{"name":"KACHALIVSKE","status":"CURRENT","country":"Ukraine","area_sqkm":"26.5015971091909","shore_status":"ONSHORE"}},{"type":"Feature","id":"mps_mapping_block.8df9a0b7-9365-41d4-b4b5-832c3b662b57","geometry":{"type":"Polygon","coordinates":[[[34.32648,49.76825],[34.40093,49.75297],[34.38871,49.72103],[34.31509,49.73325],[34.32648,49.76825]]]},"properties":{"name":"BAYRATSKE","status":"CURRENT","country":"Ukraine","area_sqkm":"21.1661848123026","shore_status":"ONSHORE"}},{"type":"Feature","id":"mps_mapping_block.961d20dc-f2fa-403a-958f-f55879f1e69a","geometry":{"type":"Polygon","coordinates":[[[35.21427,49.87215],[35.28732,49.87132],[35.28649,49.83993],[35.20288,49.84243],[35.21427,49.87215]]]},"properties":{"name":"KYSIVSKE","status":"CURRENT","country":"Ukraine","area_sqkm":"19.2251274278067","shore_status":"ONSHORE"}},{"type":"Feature","id":"mps_mapping_block.a7bb7f8a-457b-4833-a83c-6eec213fe0d5","geometry":{"type":"Polygon","coordinates":[[[35.07596,49.06492],[35.09346,49.07353],[35.14429,49.06686],[35.10012,49.0413],[35.07596,49.06492]]]},"properties":{"name":"LYCHKIVSKE","status":"CURRENT","country":"Ukraine","area_sqkm":"8.99990572370529","shore_status":"ONSHORE"}},{"type":"Feature","id":"mps_mapping_block.a9d4165d-46a8-460c-8e1f-8c36c0e37033","geometry":{"type":"Polygon","coordinates":[[[33.59924,50.0888],[33.58174,50.11658],[33.71507,50.18325],[33.81507,50.11658],[33.79146,50.07491],[33.59924,50.0888]]]},"properties":{"name":"KOMYSHNYANSKE","status":"CURRENT","country":"Ukraine","area_sqkm":"120.821691064337","shore_status":"ONSHORE"}},{"type":"Feature","id":"mps_mapping_block.ed1a28e2-a0b9-4c0e-be5d-54f254aceb04","geometry":{"type":"Polygon","coordinates":[[[34.33174,50.31659],[34.35091,50.34603],[34.30618,50.36159],[34.31563,50.37576],[34.44119,50.35381],[34.41785,50.29215],[34.33174,50.31659]]]},"properties":{"name":"KRASNOZAYARSKE","status":"CURRENT","country":"Ukraine","area_sqkm":"48.0281669794588","shore_status":"ONSHORE"}},{"type":"Feature","id":"mps_mapping_block.c28328a2-62b3-4cca-b571-9a89e8bd925d","geometry":{"type":"Polygon","coordinates":[[[34.19757,50.50881],[34.2934,50.54298],[34.34173,50.54715],[34.33729,50.5277],[34.24923,50.49492],[34.30674,50.44354],[34.27146,50.43409],[34.19757,50.50881]]]},"properties":{"name":"WEST NOVOTROITSK","status":"CURRENT","country":"Ukraine","area_sqkm":"47.3169334088335","shore_status":"ONSHORE"}},{"type":"Feature","id":"mps_mapping_block.c7ac627f-4ad0-463e-9614-8cd0fa7439c5","geometry":{"type":"Polygon","coordinates":[[[34.42761,49.17963],[34.50261,49.18963],[34.54206,49.13435],[34.47067,49.10824],[34.42761,49.17963]]]},"properties":{"name":"LYVENSKE","status":"CURRENT","country":"Ukraine","area_sqkm":"43.6480334508591","shore_status":"ONSHORE"}},{"type":"Feature","id":"mps_mapping_block.d1c2cf07-cdd5-4680-a488-e9885d483a4e","geometry":{"type":"Polygon","coordinates":[[[34.28673,50.64132],[34.34368,50.57632],[34.34173,50.54715],[34.2934,50.54298],[34.2284,50.61215],[34.10673,50.66326],[34.20256,50.67715],[34.28673,50.64132]]]},"properties":{"name":"MARCHENKIVSKA","status":"CURRENT","country":"Ukraine","area_sqkm":"93.0174661795955","shore_status":"ONSHORE"}},{"type":"Feature","id":"mps_mapping_block.5c801cdd-ad2c-4c44-b9e6-67c878f75d71","geometry":{"type":"Polygon","coordinates":[[[35.57427,49.94938],[35.58843,49.95827],[35.63982,49.94855],[35.64316,49.94021],[35.6001,49.93827],[35.57482,49.94466],[35.57427,49.94938]]]},"properties":{"name":"NARIZHNYANSKE","status":"CURRENT","country":"Ukraine","area_sqkm":"7.11562495623893","shore_status":"ONSHORE"}},{"type":"Feature","id":"mps_mapping_block.d5ebd78d-717f-43c1-b315-195b1edeee08","geometry":{"type":"Polygon","coordinates":[[[35.2101,49.88715],[35.2176,49.93215],[35.35399,49.91382],[35.35788,49.87771],[35.2101,49.88715]]]},"properties":{"name":"KRASNOKUTSKE","status":"CURRENT","country":"Ukraine","area_sqkm":"46.2429068867619","shore_status":"ONSHORE"}},{"type":"Feature","id":"mps_mapping_block.e2f9b54f-fe40-4c91-884a-a72083a0664d","geometry":{"type":"Polygon","coordinates":[[[34.08593,49.4388],[34.14149,49.40824],[34.13732,49.4013],[34.11927,49.40685],[34.08177,49.43602],[34.08593,49.4388]]]},"properties":{"name":"LYMANSKE","status":"CURRENT","country":"Ukraine","area_sqkm":"4.56249800681496","shore_status":"ONSHORE"}},{"type":"Feature","id":"mps_mapping_block.eb06b026-a90c-4aa3-a572-26364098e8da","geometry":{"type":"Polygon","coordinates":[[[35.08454,49.89465],[35.03121,49.92715],[35.0601,49.93548],[34.95954,50.00132],[34.90398,50.00604],[34.9012,50.03159],[34.93537,50.05437],[34.95203,50.05437],[34.94481,50.02604],[34.99954,50.00771],[35.0262,50.01382],[35.10399,49.94993],[35.2151,49.95271],[35.22093,49.95382],[35.26593,49.93993],[35.31232,49.94243],[35.28315,49.93076],[35.29121,49.92243],[35.2176,49.93215],[35.2101,49.88715],[35.28649,49.88187],[35.28732,49.87132],[35.21426,49.87215],[35.20288,49.84243],[35.18205,49.84493],[35.08454,49.89465]]]},"properties":{"name":"KUBASHIVSKA","status":"CURRENT","country":"Ukraine","area_sqkm":"162.172592710778","shore_status":"ONSHORE"}},{"type":"Feature","id":"mps_mapping_block.20603d70-e491-45e8-b606-b59fef147e86","geometry":{"type":"Polygon","coordinates":[[[34.58428,49.20463],[34.59956,49.20408],[34.61706,49.19324],[34.6265,49.18574],[34.62873,49.17547],[34.59345,49.18352],[34.56567,49.19935],[34.57567,49.2088],[34.58428,49.20463]]]},"properties":{"name":"NOVOMYKOLAIVSKY","status":"CURRENT","country":"Ukraine","area_sqkm":"7.78674288689709","shore_status":"ONSHORE"}},{"type":"Feature","id":"mps_mapping_block.59c475e3-e7af-4d42-baea-c7cd05136b8d","geometry":{"type":"Polygon","coordinates":[[[35.40762,49.28631],[35.5279,49.31659],[35.74151,49.28909],[35.77568,49.26048],[35.76318,49.2327],[35.45762,49.21631],[35.41651,49.26881],[35.40762,49.28631]]]},"properties":{"name":"KOBZIVSKE","status":"CURRENT","country":"Ukraine","area_sqkm":"212.114423560595","shore_status":"ONSHORE"}},{"type":"Feature","id":"mps_mapping_block.511abe73-2e94-4162-9c12-10432c128941","geometry":{"type":"Polygon","coordinates":[[[34.61508,50.23326],[34.69703,50.19159],[34.67453,50.16159],[34.66481,50.16631],[34.59814,50.20992],[34.61508,50.23326]]]},"properties":{"name":"SUHIVSKE","status":"CURRENT","country":"Ukraine","area_sqkm":"24.2510543118353","shore_status":"ONSHORE"}},{"type":"Feature","id":"mps_mapping_block.19035912-9aa2-467d-8ae9-7c11ff59fc61","geometry":{"type":"Polygon","coordinates":[[[35.12372,49.50159],[35.18733,49.51937],[35.19289,49.48881],[35.12622,49.48325],[35.12372,49.50159]]]},"properties":{"name":"VESNYANSKE","status":"CURRENT","country":"Ukraine","area_sqkm":"13.2075703791668","shore_status":"ONSHORE"}},{"type":"Feature","id":"mps_mapping_block.1b05551c-b90b-4364-bcad-ef7fde8744bf","geometry":{"type":"Polygon","coordinates":[[[33.26616,50.74047],[33.33171,50.71436],[33.32477,50.69158],[33.29783,50.69936],[33.27894,50.69297],[33.24616,50.72964],[33.26616,50.74047]]]},"properties":{"name":"ARTYUHIVSKE","status":"CURRENT","country":"Ukraine","area_sqkm":"18.0847696111889","shore_status":"ONSHORE"}},{"type":"Feature","id":"mps_mapping_block.1ea4a00a-c363-4d18-9f59-29baf84afabc","geometry":{"type":"Polygon","coordinates":[[[34.0401,49.47657],[34.05065,49.48546],[34.07788,49.46769],[34.08121,49.44991],[34.05399,49.4588],[34.0401,49.47657]]]},"properties":{"name":"LYMANSKE DEPOSIT VAULTS POTYCHANSKE","status":"CURRENT","country":"Ukraine","area_sqkm":"5.77269954377127","shore_status":"ONSHORE"}},{"type":"Feature","id":"mps_mapping_block.5723c8f2-de99-4130-b2ba-17ba7c9f5cea","geometry":{"type":"Polygon","coordinates":[[[35.70763,49.10881],[35.95041,49.19854],[36.13263,49.19271],[36.15874,49.18438],[36.1918,49.23493],[36.25763,49.21521],[36.33653,49.1066],[36.30986,49.08049],[36.04847,49.09493],[35.96374,49.11937],[35.9168,49.06104],[35.78958,49.04048],[35.70763,49.10881]]]},"properties":{"name":"SAHNOVSCHINSKY","status":"CURRENT","country":"Ukraine","area_sqkm":"495.24043981172","shore_status":"ONSHORE"}},{"type":"Feature","id":"mps_mapping_block.247bcbbd-3650-4b1e-a6a9-ca2444bea349","geometry":{"type":"Polygon","coordinates":[[[33.40339,50.37213],[33.46173,50.36436],[33.4684,50.32602],[33.35367,50.32824],[33.28034,50.3338],[33.27284,50.37602],[33.3095,50.3838],[33.30562,50.36074],[33.317,50.36047],[33.31728,50.35935],[33.32506,50.36047],[33.33284,50.34713],[33.33867,50.35158],[33.33451,50.35352],[33.33562,50.35435],[33.33951,50.35241],[33.34451,50.35602],[33.38173,50.34713],[33.39145,50.36852],[33.40339,50.37213]]]},"properties":{"name":"SKOROBOHATKIVSKE DEPOSIT (SOUTH BLOCK)","status":"CURRENT","country":"Ukraine","area_sqkm":"52.6635527996235","shore_status":"ONSHORE"}},{"type":"Feature","id":"mps_mapping_block.2525a7a5-c2ab-4d9e-93c2-57f650b7bc7c","geometry":{"type":"Polygon","coordinates":[[[35.33206,49.41603],[35.37984,49.40881],[35.40928,49.39742],[35.40873,49.37798],[35.38762,49.36103],[35.35345,49.36381],[35.33456,49.37465],[35.32956,49.38687],[35.34428,49.39215],[35.34845,49.39937],[35.33206,49.41603]]]},"properties":{"name":"LANNIVSKE","status":"CURRENT","country":"Ukraine","area_sqkm":"24.2162436725043","shore_status":"ONSHORE"}},{"type":"Feature","id":"mps_mapping_block.272e04ad-ebd6-4fe3-9ad6-5dac87ba4d99","geometry":{"type":"Polygon","coordinates":[[[35.75816,49.86466],[35.78177,49.88605],[35.93177,49.84994],[35.92983,49.8316],[36.12872,49.79244],[36.03345,49.68771],[35.80011,49.67382],[35.6465,49.75465],[35.75816,49.86466]]]},"properties":{"name":"PEHEDIVSKA","status":"CURRENT","country":"Ukraine","area_sqkm":"497.330710542658","shore_status":"ONSHORE"}},{"type":"Feature","id":"mps_mapping_block.124661ec-6e58-4622-9315-decaa210e8ff","geometry":{"type":"Polygon","coordinates":[[[33.42841,49.98991],[33.44785,49.96991],[33.46285,49.96879],[33.47647,49.95435],[33.47535,49.94268],[33.45591,49.93852],[33.44535,49.95018],[33.44896,49.95935],[33.43535,49.96796],[33.43869,49.97685],[33.41091,49.98074],[33.42841,49.98991]]]},"properties":{"name":"KYBYNTSIVSKE","status":"CURRENT","country":"Ukraine","area_sqkm":"7.96268796449232","shore_status":"ONSHORE"}},{"type":"Feature","id":"mps_mapping_block.30493443-c2dc-4940-8bf0-0eaf5f94397e","geometry":{"type":"Polygon","coordinates":[[[33.5873,50.05463],[33.61869,50.03852],[33.60369,50.03658],[33.58313,50.04658],[33.5873,50.05463]]]},"properties":{"name":"MALOSOROCHYNSKE","status":"CURRENT","country":"Ukraine","area_sqkm":"2.03175181130123","shore_status":"ONSHORE"}},{"type":"Feature","id":"mps_mapping_block.26636152-d4f2-4a9b-a664-ce4afb019294","geometry":{"type":"Polygon","coordinates":[[[33.8373,49.87685],[33.82731,49.84019],[33.80731,49.8238],[33.6673,49.82907],[33.63508,49.89213],[33.65202,49.93435],[33.8373,49.87685]]]},"properties":{"name":"BUTOVSKAYA-MIRGORODSKA","status":"CURRENT","country":"Ukraine","area_sqkm":"116.82275552882","shore_status":"ONSHORE"}},{"type":"Feature","id":"mps_mapping_block.08ece6d7-3ce4-4883-a17f-aaf4f7934827","geometry":{"type":"Polygon","coordinates":[[[34.8776,49.80687],[34.89704,49.78187],[34.82399,49.73298],[34.80538,49.73742],[34.84704,49.8152],[34.8776,49.80687]]]},"properties":{"name":"MAYORIVSKA","status":"CURRENT","country":"Ukraine","area_sqkm":"28.4992412385426","shore_status":"ONSHORE"}},{"type":"Feature","id":"mps_mapping_block.4c55920c-8127-4e59-9e33-1897c08a8f54","geometry":{"type":"Polygon","coordinates":[[[35.71289,49.48632],[35.72706,49.48799],[35.80567,49.49104],[35.81012,49.49326],[35.83067,49.49965],[35.83928,49.50132],[35.84012,49.4891],[35.79567,49.48743],[35.77762,49.45437],[35.77151,49.44382],[35.83984,49.44187],[35.83845,49.41771],[35.70734,49.45854],[35.7079,49.46771],[35.72567,49.46326],[35.72345,49.46104],[35.77151,49.44632],[35.77345,49.45549],[35.73984,49.46687],[35.7404,49.46965],[35.71206,49.47965],[35.71289,49.48632]]]},"properties":{"name":"KOTLYARIVSKO-VEDMEDIVSKA","status":"CURRENT","country":"Ukraine","area_sqkm":"29.563492007008","shore_status":"ONSHORE"}},{"type":"Feature","id":"mps_mapping_block.4f8d1129-dbfc-4cb8-a88f-3fba0b44e078","geometry":{"type":"Polygon","coordinates":[[[35.33261,49.55854],[35.31705,49.58659],[35.38122,49.59743],[35.454,49.59104],[35.5015,49.54771],[35.45622,49.52104],[35.48178,49.50409],[35.46011,49.49687],[35.42817,49.5027],[35.40483,49.5327],[35.33261,49.55854]]]},"properties":{"name":"WEST DEPOSIT KHRESTYSHCHENSKE","status":"CURRENT","country":"Ukraine","area_sqkm":"80.3265520199194","shore_status":"ONSHORE"}},{"type":"Feature","id":"mps_mapping_block.5410fdd6-eafa-47e6-ac4c-01818af86050","geometry":{"type":"Polygon","coordinates":[[[33.85117,50.59992],[33.90978,50.5552],[33.88395,50.5352],[33.83506,50.52381],[33.79478,50.54659],[33.85117,50.59992]]]},"properties":{"name":"SOUTH DEPOSIT BERESTOVSKII","status":"CURRENT","country":"Ukraine","area_sqkm":"36.6546766115551","shore_status":"ONSHORE"}},{"type":"Feature","id":"mps_mapping_block.6efa9953-5f76-4576-874a-e4c2bb495fd2","geometry":{"type":"Polygon","coordinates":[[[33.35806,50.62278],[33.35333,50.615],[33.37778,50.61139],[33.36806,50.60333],[33.35556,50.61389],[33.33833,50.61167],[33.35806,50.62278]]]},"properties":{"name":"SURMACHIVSKA BLOCK","status":"OPEN","country":"Ukraine","area_sqkm":"1.36797858352423","shore_status":"ONSHORE"}},{"type":"Feature","id":"mps_mapping_block.5a99bfb8-5254-4078-b370-93405e462ace","geometry":{"type":"Polygon","coordinates":[[[33.81645,50.47631],[33.90062,50.47492],[33.92062,50.45186],[33.88812,50.44297],[33.86895,50.43047],[33.80895,50.44797],[33.81645,50.47631]]]},"properties":{"name":"VALYUHIVSKE","status":"CURRENT","country":"Ukraine","area_sqkm":"27.6463618021932","shore_status":"ONSHORE"}},{"type":"Feature","id":"mps_mapping_block.3714a7e4-66f2-4cab-aa23-a87867990417","geometry":{"type":"Polygon","coordinates":[[[33.68533,50.58686],[33.71617,50.56325],[33.72339,50.54742],[33.6945,50.53297],[33.64006,50.56464],[33.62978,50.57992],[33.67006,50.58325],[33.68533,50.58686]]]},"properties":{"name":"LYPOVODOLYNSKYI","status":"CURRENT","country":"Ukraine","area_sqkm":"21.5801023719096","shore_status":"ONSHORE"}},{"type":"Feature","id":"mps_mapping_block.5c0d1b5d-ce60-434a-bb27-aa780103b311","geometry":{"type":"Polygon","coordinates":[[[33.77619,50.00297],[33.84008,49.96936],[33.90674,50.02769],[33.78258,50.07491],[33.91508,50.05769],[33.92341,50.07491],[33.98175,50.03325],[33.9373,50.03186],[33.92063,49.99991],[33.8873,49.95324],[33.95119,49.94575],[34.08175,49.91658],[34.08036,49.88575],[34.11481,49.88464],[34.14842,49.82102],[34.17342,49.83325],[34.16703,49.81519],[34.20537,49.79158],[34.09592,49.77491],[34.06898,49.8488],[34.01509,49.84991],[33.97064,49.88047],[33.94481,49.8313],[33.87092,49.87658],[33.82731,49.84019],[33.8373,49.87685],[33.65202,49.93435],[33.66785,49.98241],[33.70813,49.96935],[33.73036,49.97769],[33.75674,49.97074],[33.75869,49.9738],[33.84841,49.93463],[33.86091,49.94436],[33.79563,49.97213],[33.7673,49.98769],[33.77619,50.00297]]]},"properties":{"name":"MATESHIVSKO-LEHEYDIVSKA","status":"CURRENT","country":"Ukraine","area_sqkm":"380.211688109405","shore_status":"ONSHORE"}},{"type":"Feature","id":"mps_mapping_block.2886c410-f002-4705-b4a7-a7dcbd07e609","geometry":{"type":"Polygon","coordinates":[[[35.11096,49.02242],[35.1404,49.0213],[35.19568,49.00964],[35.19485,48.98853],[35.15096,48.99214],[35.1479,48.9863],[35.09846,49.00714],[35.10874,49.0138],[35.1029,49.01741],[35.11096,49.02242]]]},"properties":{"name":"PROLETARIAN DEPOSIT (IN THE DEPTH INTERVAL 1900-3000 M)","status":"CURRENT","country":"Ukraine","area_sqkm":"18.6815583023178","shore_status":"ONSHORE"}},{"type":"Feature","id":"mps_mapping_block.3e4d40ad-97b2-48af-a74f-eba0170c341c","geometry":{"type":"Polygon","coordinates":[[[33.15976,50.84658],[33.17449,50.84936],[33.20615,50.84103],[33.22282,50.82825],[33.21588,50.82214],[33.16449,50.83102],[33.15393,50.83825],[33.15976,50.84658]]]},"properties":{"name":"MATLAHIVSKE","status":"CURRENT","country":"Ukraine","area_sqkm":"8.27106808047056","shore_status":"ONSHORE"}},{"type":"Feature","id":"mps_mapping_block.5e0733e5-f3c0-4588-b9ad-db0135ca5c85","geometry":{"type":"Polygon","coordinates":[[[33.7945,50.54631],[33.80395,50.54131],[33.82089,50.51909],[33.81062,50.51631],[33.82645,50.48464],[33.79367,50.47853],[33.74645,50.5202],[33.75534,50.51631],[33.76534,50.53547],[33.78534,50.53825],[33.7945,50.54631]]]},"properties":{"name":"FRATERNAL- STRUCTURES YASNOPOLSCHYNSKA STRUCTURE RUSANIVSKA","status":"CURRENT","country":"Ukraine","area_sqkm":"23.1227197569571","shore_status":"ONSHORE"}},{"type":"Feature","id":"mps_mapping_block.42443ecb-5f0a-4a18-a9fc-8dc4f09ae986","geometry":{"type":"Polygon","coordinates":[[[33.63453,49.82768],[33.67536,49.80852],[33.76064,49.77713],[33.72592,49.74296],[33.60286,49.79685],[33.63453,49.82768]]]},"properties":{"name":"EAST MYRTIVSKO-ZATONS'KYJ","status":"CURRENT","country":"Ukraine","area_sqkm":"44.8903489383602","shore_status":"ONSHORE"}},{"type":"Feature","id":"mps_mapping_block.6118c957-b86b-4243-b823-c7616e160f39","geometry":{"type":"Polygon","coordinates":[[[33.4231,50.81325],[33.41532,50.82964],[33.43116,50.83492],[33.4456,50.83131],[33.45449,50.82575],[33.44977,50.8152],[33.4231,50.81325]]]},"properties":{"name":"EAST DEPOSIT ROHYNTSIVSKE","status":"CURRENT","country":"Ukraine","area_sqkm":"4.70478108682776","shore_status":"ONSHORE"}},{"type":"Feature","id":"mps_mapping_block.0edb521a-ec45-4670-bb0a-f1260c5d88e7","geometry":{"type":"Polygon","coordinates":[[[34.78675,50.20993],[34.80619,50.20326],[34.83953,50.16659],[34.86175,50.13882],[34.7862,50.1352],[34.74119,50.17659],[34.78897,50.19826],[34.77786,50.20493],[34.78675,50.20993]]]},"properties":{"name":"FISHING DEPOSIT","status":"CURRENT","country":"Ukraine","area_sqkm":"37.8767729451017","shore_status":"ONSHORE"}},{"type":"Feature","id":"mps_mapping_block.23f8205a-4b52-4cb0-8e83-e203c902ad25","geometry":{"type":"Polygon","coordinates":[[[34.78453,50.05965],[34.81703,50.0777],[34.83759,50.06132],[34.86453,50.05437],[34.89537,50.02493],[34.87398,50.00131],[34.82648,50.02354],[34.78453,50.05965]]]},"properties":{"name":"KOTELEVSKY (VISEAN DEPOSITS)","status":"CURRENT","country":"Ukraine","area_sqkm":"30.4876678959541","shore_status":"ONSHORE"}},{"type":"Feature","id":"mps_mapping_block.7417c82d-56de-4f39-9721-da2ef41d39e4","geometry":{"type":"Polygon","coordinates":[[[33.24254,50.8713],[33.4081,50.84214],[33.38616,50.80908],[33.23143,50.8613],[33.24254,50.8713]]]},"properties":{"name":"VELYKOBUBNIVSKE","status":"CURRENT","country":"Ukraine","area_sqkm":"32.2791236080217","shore_status":"ONSHORE"}},{"type":"Feature","id":"mps_mapping_block.75921833-7ef0-43da-a25f-fef8233a9274","geometry":{"type":"Polygon","coordinates":[[[35.01651,49.04991],[34.94984,49.06936],[34.91123,49.07464],[34.91734,49.0888],[34.9479,49.08102],[35.01123,49.0713],[35.02179,49.05714],[35.01651,49.04991]]]},"properties":{"name":"VYNOHRADIV","status":"CURRENT","country":"Ukraine","area_sqkm":"12.655566849134","shore_status":"ONSHORE"}},{"type":"Feature","id":"mps_mapping_block.1c082e5a-740b-4c63-8390-7402b313f3d2","geometry":{"type":"Polygon","coordinates":[[[33.11504,50.81936],[33.13171,50.82075],[33.16588,50.81297],[33.16254,50.79991],[33.14282,50.78519],[33.12616,50.78186],[33.1156,50.78602],[33.11088,50.80686],[33.11504,50.81936]]]},"properties":{"name":"TALALAEVSKY","status":"CURRENT","country":"Ukraine","area_sqkm":"12.1644883556187","shore_status":"ONSHORE"}},{"type":"Feature","id":"mps_mapping_block.20511ad4-2e6a-4f07-8ec8-0eced4d5f04d","geometry":{"type":"Polygon","coordinates":[[[33.70618,50.20963],[33.74535,50.1963],[33.84257,50.17436],[33.9109,50.27214],[33.93174,50.26658],[33.9584,50.25353],[34.05785,50.22547],[34.02952,50.18908],[33.96507,50.21797],[33.92202,50.16658],[33.99535,50.14436],[33.92397,50.09436],[33.81507,50.11658],[33.71507,50.18325],[33.62507,50.13824],[33.61563,50.14324],[33.70618,50.20963]]]},"properties":{"name":"SKYDANIVSKA","status":"CURRENT","country":"Ukraine","area_sqkm":"213.779391959807","shore_status":"ONSHORE"}},{"type":"Feature","id":"mps_mapping_block.77413e60-4c93-4df0-bf1e-76aca3b0ca9b","geometry":{"type":"Polygon","coordinates":[[[34.99595,49.3352],[35.04734,49.32714],[35.064,49.32103],[35.07817,49.30992],[35.06345,49.30714],[35.04317,49.29714],[35.03984,49.28797],[35.03123,49.28408],[35.01845,49.28436],[35.00234,49.28853],[34.99067,49.29686],[34.98956,49.30908],[34.99595,49.3352]]]},"properties":{"name":"ROZUMIVSKE","status":"CURRENT","country":"Ukraine","area_sqkm":"22.9837583585769","shore_status":"ONSHORE"}},{"type":"Feature","id":"mps_mapping_block.79089b90-4050-4a52-b82e-a935b8e75480","geometry":{"type":"Polygon","coordinates":[[[35.22068,49.03047],[35.26568,49.0302],[35.27679,49.0227],[35.26179,49.00908],[35.23735,49.00547],[35.22096,49.00686],[35.22068,49.03047]]]},"properties":{"name":"PERESCHEPYNSKE","status":"CURRENT","country":"Ukraine","area_sqkm":"9.24398130928066","shore_status":"ONSHORE"}},{"type":"Feature","id":"mps_mapping_block.79c09789-71d5-4bec-a867-2534e8dcc7b5","geometry":{"type":"Polygon","coordinates":[[[34.7375,49.54352],[34.74787,49.42525],[34.51669,49.43519],[34.53733,49.4763],[34.54566,49.53436],[34.7375,49.54352]]]},"properties":{"name":"VATAZHKIVSKA","status":"OPEN","country":"Ukraine","area_sqkm":"181.882898796176","shore_status":"ONSHORE"}},{"type":"Feature","id":"mps_mapping_block.c160531c-86e6-4936-8f53-9f9756798652","geometry":{"type":"Polygon","coordinates":[[[33.86895,50.43047],[33.88812,50.44297],[33.94284,50.45464],[34.00396,50.43325],[33.9434,50.41659],[33.86895,50.43047]]]},"properties":{"name":"HADIATSKA","status":"CURRENT","country":"Ukraine","area_sqkm":"22.1256411413536","shore_status":"ONSHORE"}},{"type":"Feature","id":"mps_mapping_block.0a0a040c-0891-4078-b4ce-5ac98c022eec","geometry":{"type":"Polygon","coordinates":[[[34.58428,49.20463],[34.58845,49.21824],[34.60817,49.23186],[34.61706,49.2238],[34.66011,49.21658],[34.67678,49.18963],[34.68039,49.17324],[34.64928,49.17269],[34.62873,49.17547],[34.6265,49.18574],[34.61706,49.19324],[34.59956,49.20408],[34.58428,49.20463]]]},"properties":{"name":"IGNATOVSKOYE","status":"CURRENT","country":"Ukraine","area_sqkm":"25.2575932165637","shore_status":"ONSHORE"}},{"type":"Feature","id":"mps_mapping_block.875f76a9-aa56-4396-8b4f-f3ccfde265cf","geometry":{"type":"Polygon","coordinates":[[[35.50677,49.78521],[35.53816,49.79632],[35.55788,49.78993],[35.5665,49.77799],[35.53872,49.7666],[35.50677,49.77493],[35.50677,49.78521]]]},"properties":{"name":"KOLOMAKSKY","status":"CURRENT","country":"Ukraine","area_sqkm":"9.13186031067731","shore_status":"ONSHORE"}},{"type":"Feature","id":"mps_mapping_block.9364d811-a017-45e1-81b4-660267ac08a9","geometry":{"type":"Polygon","coordinates":[[[35.40152,48.83575],[35.52902,48.84492],[35.55097,48.79464],[35.41597,48.7738],[35.40152,48.83575]]]},"properties":{"name":"POPASNAJA-SAMARA","status":"CURRENT","country":"Ukraine","area_sqkm":"62.3793580409107","shore_status":"ONSHORE"}},{"type":"Feature","id":"mps_mapping_block.94ab8873-38e6-48e3-b8c4-68eff797df73","geometry":{"type":"Polygon","coordinates":[[[34.08593,49.4388],[34.07315,49.48546],[34.20677,49.44713],[34.28482,49.44547],[34.35233,49.43658],[34.32427,49.4188],[34.37316,49.38741],[34.27705,49.34019],[34.08593,49.4388]]]},"properties":{"name":"DAVYDOV, LELYUHIVSKA","status":"CURRENT","country":"Ukraine","area_sqkm":"155.763135357562","shore_status":"ONSHORE"}},{"type":"Feature","id":"mps_mapping_block.4f811ef4-1a56-4f55-8ea6-449ab6f6cff2","geometry":{"type":"Polygon","coordinates":[[[33.67395,50.3788],[33.69256,50.37436],[33.69784,50.36325],[33.69118,50.35353],[33.67757,50.35186],[33.66145,50.36769],[33.67395,50.3788]]]},"properties":{"name":"SEREDNYAKIVSKE","status":"CURRENT","country":"Ukraine","area_sqkm":"5.02173526995182","shore_status":"ONSHORE"}},{"type":"Feature","id":"mps_mapping_block.9868fc04-ee7a-471e-b699-e8dda35c342b","geometry":{"type":"Polygon","coordinates":[[[33.70561,50.78048],[33.68977,50.75575],[33.77339,50.71659],[33.74839,50.69075],[33.632,50.70992],[33.59366,50.72825],[33.60283,50.76909],[33.65783,50.78464],[33.70561,50.78048]]]},"properties":{"name":"SKRYPALIVSKA","status":"CURRENT","country":"Ukraine","area_sqkm":"76.1865904213018","shore_status":"ONSHORE"}},{"type":"Feature","id":"mps_mapping_block.848b7b20-5815-4360-95c1-ca4f74f9a4fa","geometry":{"type":"Polygon","coordinates":[[[35.93512,49.46854],[36.00568,49.44577],[36.00207,49.41604],[35.91373,49.42132],[35.93512,49.46854]]]},"properties":{"name":"WEST DEPOSIT YEFREMIVSKYI","status":"CURRENT","country":"Ukraine","area_sqkm":"26.069381328526","shore_status":"ONSHORE"}},{"type":"Feature","id":"mps_mapping_block.9f708fec-70b8-42c9-838c-b4e826dfe56c","geometry":{"type":"Polygon","coordinates":[[[34.15176,49.74186],[34.21454,49.70575],[34.18759,49.69908],[34.13815,49.72102],[34.15176,49.74186]]]},"properties":{"name":"RODNIKOVE","status":"CURRENT","country":"Ukraine","area_sqkm":"10.9118120290289","shore_status":"ONSHORE"}},{"type":"Feature","id":"mps_mapping_block.23c48752-2793-483d-b051-79853719986d","geometry":{"type":"Polygon","coordinates":[[[34.85456,49.07158],[34.83929,49.07269],[34.82956,49.07908],[34.83706,49.08769],[34.87956,49.0963],[34.88762,49.08825],[34.86929,49.07491],[34.85456,49.07158]]]},"properties":{"name":"KREMENIVSKE","status":"CURRENT","country":"Ukraine","area_sqkm":"7.02570953963518","shore_status":"ONSHORE"}},{"type":"Feature","id":"mps_mapping_block.9fc7805c-8c90-47b1-babd-f1d792e36a9d","geometry":{"type":"Polygon","coordinates":[[[35.74621,49.93299],[35.87927,49.93272],[35.88622,49.93994],[35.92788,49.93299],[35.95677,49.92161],[35.93872,49.91022],[35.90344,49.91244],[35.8665,49.9066],[35.80511,49.91355],[35.74455,49.91688],[35.74621,49.93299]]]},"properties":{"name":"OHULTSIVSKE","status":"CURRENT","country":"Ukraine","area_sqkm":"35.1146628553017","shore_status":"ONSHORE"}},{"type":"Feature","id":"mps_mapping_block.28844ab3-17a1-49a8-b585-e1fb0068ce9d","geometry":{"type":"Polygon","coordinates":[[[34.13729,50.49076],[34.17062,50.48326],[34.20146,50.46881],[34.21007,50.44298],[34.18312,50.42853],[34.12201,50.45909],[34.13729,50.49076]]]},"properties":{"name":"TIMOFEEVSKAYA","status":"CURRENT","country":"Ukraine","area_sqkm":"25.5101174781914","shore_status":"ONSHORE"}},{"type":"Feature","id":"mps_mapping_block.a40943cc-3d2b-4b69-8ae7-3fc080b88a3c","geometry":{"type":"Polygon","coordinates":[[[33.98175,50.03325],[34.06286,49.97491],[34.05258,49.96241],[33.92063,49.99991],[33.9373,50.03186],[33.98175,50.03325]]]},"properties":{"name":"VAKULIVSKE","status":"CURRENT","country":"Ukraine","area_sqkm":"38.6699405528908","shore_status":"ONSHORE"}},{"type":"Feature","id":"mps_mapping_block.3a286cb9-5c1d-45b4-8fb0-bb4f53e12883","geometry":{"type":"Polygon","coordinates":[[[34.99844,49.66659],[34.99843,49.71103],[35.08177,49.73604],[35.21511,49.6777],[35.21788,49.66104],[35.13594,49.62631],[35.11511,49.63326],[35.06233,49.59437],[34.99844,49.66659]]]},"properties":{"name":"CHUTIVSKE","status":"CURRENT","country":"Ukraine","area_sqkm":"143.40748391622","shore_status":"ONSHORE"}},{"type":"Feature","id":"mps_mapping_block.a4789f6e-3319-48f7-97ad-d8842880c2ed","geometry":{"type":"Polygon","coordinates":[[[35.21705,49.7027],[35.284,49.65298],[35.31705,49.58659],[35.27928,49.58937],[35.2865,49.60159],[35.25677,49.64854],[35.21788,49.66104],[35.21511,49.6777],[35.20149,49.68381],[35.21705,49.7027]]]},"properties":{"name":"WEST NOVOUKRAINSKIY","status":"CURRENT","country":"Ukraine","area_sqkm":"28.6833979347844","shore_status":"ONSHORE"}},{"type":"Feature","id":"mps_mapping_block.5a4322f9-693f-473f-8953-341f3c2f7a30","geometry":{"type":"Polygon","coordinates":[[[33.94481,49.8313],[33.91592,49.77574],[33.88314,49.78047],[33.89425,49.81019],[33.8762,49.82685],[33.8562,49.83269],[33.85564,49.84241],[33.9087,49.85297],[33.94481,49.8313]]]},"properties":{"name":"DRUZHYNINSKA","status":"CURRENT","country":"Ukraine","area_sqkm":"29.3350074662672","shore_status":"ONSHORE"}},{"type":"Feature","id":"mps_mapping_block.5b69042f-4d91-4f33-8569-fc7d22822165","geometry":{"type":"Polygon","coordinates":[[[35.08315,49.91993],[35.15399,49.90743],[35.15121,49.88493],[35.08454,49.89465],[35.07399,49.91187],[35.08315,49.91993]]]},"properties":{"name":"STEPPE","status":"CURRENT","country":"Ukraine","area_sqkm":"14.1564907755129","shore_status":"ONSHORE"}},{"type":"Feature","id":"mps_mapping_block.0838e084-9c5b-4d0a-bd2e-ac2c6149c704","geometry":{"type":"Polygon","coordinates":[[[34.68175,50.24993],[34.7398,50.26909],[34.73897,50.23326],[34.68175,50.23326],[34.68175,50.24993]]]},"properties":{"name":"YASENIVSKE","status":"CURRENT","country":"Ukraine","area_sqkm":"11.9740083747712","shore_status":"ONSHORE"}},{"type":"Feature","id":"mps_mapping_block.b337ab31-3704-4389-9f9c-8e35c3ace84d","geometry":{"type":"Polygon","coordinates":[[[34.81344,49.50714],[34.87511,49.5052],[34.89483,49.51075],[34.90538,49.5027],[34.94094,49.50909],[34.95789,49.50353],[34.95789,49.4977],[34.9615,49.48714],[34.96066,49.48325],[34.88122,49.47159],[34.80261,49.47881],[34.7965,49.48353],[34.78983,49.4877],[34.80233,49.48825],[34.81872,49.47797],[34.85594,49.47464],[34.85761,49.48159],[34.84094,49.48464],[34.81511,49.49936],[34.81344,49.50714]]]},"properties":{"name":"MASHEVSKE","status":"CURRENT","country":"Ukraine","area_sqkm":"32.2428503507451","shore_status":"ONSHORE"}},{"type":"Feature","id":"mps_mapping_block.564dad91-b7f5-47c4-98d3-2e9f6a04b5bc","geometry":{"type":"Polygon","coordinates":[[[35.76788,49.95133],[35.79733,49.96577],[35.80621,49.96272],[35.81455,49.96827],[35.87816,49.94577],[35.82844,49.93855],[35.76788,49.95133]]]},"properties":{"name":"YULIYIVSKE (ZOLOCHIVSKIY BLOCK)","status":"CURRENT","country":"Ukraine","area_sqkm":"13.1751632324123","shore_status":"ONSHORE"}},{"type":"Feature","id":"mps_mapping_block.e999da80-228f-47aa-86c0-2505e191757a","geometry":{"type":"Polygon","coordinates":[[[34.12895,50.48853],[34.12951,50.47298],[34.10534,50.45825],[34.06562,50.4777],[34.07757,50.48909],[34.0859,50.4852],[34.11368,50.48881],[34.12895,50.48853]]]},"properties":{"name":"KULYCHYHYNSKE","status":"CURRENT","country":"Ukraine","area_sqkm":"9.89151563966692","shore_status":"ONSHORE"}},{"type":"Feature","id":"mps_mapping_block.d4194f18-8058-4941-a2ad-966dba26f0c7","geometry":{"type":"Polygon","coordinates":[[[35.22068,49.03047],[35.28513,49.0452],[35.29679,49.01686],[35.26179,49.00908],[35.27679,49.0227],[35.26568,49.0302],[35.22068,49.03047]]]},"properties":{"name":"NORTH PERESCHEPYNSKA","status":"CURRENT","country":"Ukraine","area_sqkm":"7.52949748142052","shore_status":"ONSHORE"}},{"type":"Feature","id":"mps_mapping_block.d47cd063-411a-4756-b59e-80500ac228f2","geometry":{"type":"Polygon","coordinates":[[[35.78204,50.04744],[35.78204,50.05216],[35.84038,50.05772],[35.91899,50.02772],[35.89621,49.99327],[35.78204,50.04744]]]},"properties":{"name":"VOLODARSKA","status":"CURRENT","country":"Ukraine","area_sqkm":"31.8654716774783","shore_status":"ONSHORE"}},{"type":"Feature","id":"mps_mapping_block.dc0e83be-4a97-4e00-b6f1-7235add6d6f8","geometry":{"type":"Polygon","coordinates":[[[33.41366,50.65825],[33.48172,50.65408],[33.48644,50.65075],[33.47116,50.62492],[33.41589,50.63825],[33.40283,50.64853],[33.41366,50.65825]]]},"properties":{"name":"PEREKOPIVSKE","status":"CURRENT","country":"Ukraine","area_sqkm":"13.8337462678189","shore_status":"ONSHORE"}},{"type":"Feature","id":"mps_mapping_block.e3d3e6be-8f53-4900-81c6-feea2dc16d2e","geometry":{"type":"Polygon","coordinates":[[[34.60817,49.23186],[34.50011,49.22269],[34.48983,49.24241],[34.48566,49.26963],[34.51816,49.29519],[34.58428,49.30269],[34.5965,49.2738],[34.63928,49.2613],[34.70928,49.22158],[34.69984,49.21658],[34.66011,49.21658],[34.61706,49.2238],[34.60817,49.23186]]]},"properties":{"name":"RUDENKOVSKOYE","status":"CURRENT","country":"Ukraine","area_sqkm":"85.9692744925117","shore_status":"ONSHORE"}},{"type":"Feature","id":"mps_mapping_block.e4045344-cc0d-4e99-8ecc-b29cf2df321d","geometry":{"type":"Polygon","coordinates":[[[35.55178,49.39632],[35.46178,49.39715],[35.46178,49.43743],[35.54789,49.43798],[35.55178,49.39632]]]},"properties":{"name":"KRASNOGRADSKY","status":"CURRENT","country":"Ukraine","area_sqkm":"29.1130546340516","shore_status":"ONSHORE"}},{"type":"Feature","id":"mps_mapping_block.0c212398-94ec-4488-8492-289233dffa18","geometry":{"type":"Polygon","coordinates":[[[35.17481,50.09021],[35.16981,50.10771],[35.17426,50.11326],[35.20454,50.10965],[35.23231,50.09021],[35.22759,50.08465],[35.17481,50.09021]]]},"properties":{"name":"KOZIYIVSKE","status":"CURRENT","country":"Ukraine","area_sqkm":"8.90984508986282","shore_status":"ONSHORE"}},{"type":"Feature","id":"mps_mapping_block.0670fd06-7610-46c1-84f3-69ec988c1ada","geometry":{"type":"Polygon","coordinates":[[[35.74345,49.39576],[35.65623,49.31882],[35.55401,49.33215],[35.53012,49.39604],[35.55178,49.39632],[35.54734,49.44465],[35.74345,49.39576]]]},"properties":{"name":"PLOT  HIGHWAYS EXCEPT WESTERN SOSNIVSKY FIELD (SPETSDOZVIL ON 08-02-2001 \u21162370)","status":"CURRENT","country":"Ukraine","area_sqkm":"107.251313080656","shore_status":"ONSHORE"}},{"type":"Feature","id":"mps_mapping_block.29e10b29-5323-4663-b4a6-30c38f0cd636","geometry":{"type":"Polygon","coordinates":[[[35.5665,49.5541],[35.6415,49.57604],[35.66039,49.53521],[35.5665,49.53382],[35.5665,49.5541]]]},"properties":{"name":"WEST DEPOSIT STAROVIRIVSKE","status":"CURRENT","country":"Ukraine","area_sqkm":"21.6530121649282","shore_status":"ONSHORE"}},{"type":"Feature","id":"mps_mapping_block.35201ee9-f4cb-477c-8a2c-59ad4b50de51","geometry":{"type":"Polygon","coordinates":[[[35.14622,49.60548],[35.18594,49.60631],[35.224,49.59326],[35.24872,49.5677],[35.23261,49.54465],[35.17205,49.58048],[35.14622,49.60548]]]},"properties":{"name":"ROZPASHNIVSKE","status":"CURRENT","country":"Ukraine","area_sqkm":"23.3064026227322","shore_status":"ONSHORE"}},{"type":"Feature","id":"mps_mapping_block.38c2e437-4db6-45ac-be36-c797acf117bc","geometry":{"type":"Polygon","coordinates":[[[35.09234,49.20464],[35.16734,49.29436],[35.22678,49.29381],[35.2729,49.27631],[35.28762,49.29298],[35.42123,49.23992],[35.29762,49.12131],[35.09234,49.20464]]]},"properties":{"name":"OKTYABRSKAYA SQUARE","status":"CURRENT","country":"Ukraine","area_sqkm":"270.098132952542","shore_status":"ONSHORE"}},{"type":"Feature","id":"mps_mapping_block.1bb66faf-d780-4656-9aa9-8fbb9c5f5af4","geometry":{"type":"Polygon","coordinates":[[[34.45011,49.26908],[34.4965,49.19935],[34.47178,49.18574],[34.4365,49.18185],[34.41122,49.20213],[34.42983,49.20158],[34.45094,49.24797],[34.41789,49.2563],[34.41039,49.27185],[34.45011,49.26908]]]},"properties":{"name":"BOYARS CHAPAYEVSK","status":"CURRENT","country":"Ukraine","area_sqkm":"29.968923379571","shore_status":"ONSHORE"}},{"type":"Feature","id":"mps_mapping_block.2f3777b3-0ed6-4669-adf3-6649b5e16f72","geometry":{"type":"Polygon","coordinates":[[[32.8845,50.35824],[32.98922,50.42963],[33.052,50.43213],[33.11506,50.41102],[33.15395,50.41769],[33.16617,50.3963],[33.16145,50.35157],[32.8845,50.35824]]]},"properties":{"name":"MEKHEDIVISKA-GOLOTVSHINSKA","status":"CURRENT","country":"Ukraine","area_sqkm":"125.83963707793","shore_status":"ONSHORE"}},{"type":"Feature","id":"mps_mapping_block.2394be5c-d773-454a-afb2-95351614e4ed","geometry":{"type":"Polygon","coordinates":[[[34.28176,49.57769],[34.3326,49.57102],[34.32149,49.52797],[34.27954,49.53297],[34.27954,49.5338],[34.26565,49.53602],[34.26899,49.53908],[34.27065,49.54269],[34.27038,49.54547],[34.27343,49.54658],[34.27426,49.55297],[34.26843,49.55408],[34.28176,49.57769]]]},"properties":{"name":"MACHUHSKE","status":"CURRENT","country":"Ukraine","area_sqkm":"19.286239149441","shore_status":"ONSHORE"}},{"type":"Feature","id":"mps_mapping_block.5fe790ad-0d3f-41d6-86d8-6e962a36baf9","geometry":{"type":"Polygon","coordinates":[[[34.75924,50.32687],[34.79119,50.30132],[34.81453,50.26743],[34.81814,50.25493],[34.80536,50.25326],[34.74341,50.27826],[34.7048,50.30576],[34.75924,50.32687]]]},"properties":{"name":"HUHRYNSKE","status":"CURRENT","country":"Ukraine","area_sqkm":"30.5163300841434","shore_status":"ONSHORE"}},{"type":"Feature","id":"mps_mapping_block.600fa8c1-9dee-47e0-9edf-1f0f1005e603","geometry":{"type":"Polygon","coordinates":[[[34.67204,49.73881],[34.74593,49.68575],[34.87788,49.67353],[34.88732,49.65159],[34.95594,49.60798],[34.91399,49.61159],[34.85927,49.57159],[34.83177,49.57492],[34.83177,49.62214],[34.68177,49.62214],[34.63593,49.64853],[34.69704,49.69159],[34.62426,49.71575],[34.63065,49.72103],[34.64482,49.74825],[34.67204,49.73881]]]},"properties":{"name":"RUNOVSCHYNSKA","status":"CURRENT","country":"Ukraine","area_sqkm":"165.38630374175","shore_status":"ONSHORE"}},{"type":"Feature","id":"mps_mapping_block.6187a52c-b19a-448e-9b26-be9ad075ec6c","geometry":{"type":"Polygon","coordinates":[[[34.57343,49.73186],[34.69704,49.69159],[34.63593,49.64853],[34.53176,49.68325],[34.57343,49.73186]]]},"properties":{"name":"ZHUKIVSKA","status":"CURRENT","country":"Ukraine","area_sqkm":"57.3646504010582","shore_status":"ONSHORE"}},{"type":"Feature","id":"mps_mapping_block.6275f799-38ab-4fc9-bc66-aa7675f88732","geometry":{"type":"Polygon","coordinates":[[[33.39145,50.36852],[33.38173,50.34713],[33.34451,50.35602],[33.33951,50.35241],[33.33562,50.35435],[33.33451,50.35352],[33.33867,50.35158],[33.33284,50.34713],[33.32506,50.36047],[33.31728,50.35935],[33.317,50.36047],[33.30562,50.36074],[33.31562,50.3838],[33.39145,50.36852]]]},"properties":{"name":"SKOROBOHATKIVSKE","status":"CURRENT","country":"Ukraine","area_sqkm":"14.3867214445794","shore_status":"ONSHORE"}},{"type":"Feature","id":"mps_mapping_block.663b5f10-7581-407d-a145-d53b832cfcd5","geometry":{"type":"Polygon","coordinates":[[[34.14506,50.53659],[34.16451,50.52826],[34.13729,50.49076],[34.12951,50.47464],[34.12895,50.48853],[34.11368,50.48881],[34.14506,50.53659]]]},"properties":{"name":"PIDLISKIVSKE","status":"CURRENT","country":"Ukraine","area_sqkm":"8.58755542263091","shore_status":"ONSHORE"}},{"type":"Feature","id":"mps_mapping_block.686f36f3-94cb-4696-a995-c5af5684e2be","geometry":{"type":"Polygon","coordinates":[[[34.20704,49.51158],[34.28982,49.50685],[34.28482,49.44547],[34.20677,49.44713],[34.20704,49.51158]]]},"properties":{"name":"HOROBTSIVSKO-VIDRADNENSKE","status":"CURRENT","country":"Ukraine","area_sqkm":"40.8486778299492","shore_status":"ONSHORE"}},{"type":"Feature","id":"mps_mapping_block.69009554-3280-41bc-ad83-9862e569e5fc","geometry":{"type":"Polygon","coordinates":[[[34.97733,49.50436],[34.99177,49.49714],[34.99094,49.4777],[35.07178,49.42186],[35.05622,49.40853],[34.78705,49.47464],[34.74566,49.49492],[34.74566,49.50269],[34.76011,49.5127],[34.78094,49.51547],[34.85705,49.51464],[34.934,49.51936],[34.97733,49.50436]]]},"properties":{"name":"YELYZAVETIVSKE DEPOSIT LIMITS EXCEPT MASHEVKA FIELD (SPETSDOZVI.\u21161980) BOUNDED BY COORDINATES","status":"CURRENT","country":"Ukraine","area_sqkm":"104.716546377105","shore_status":"ONSHORE"}},{"type":"Feature","id":"mps_mapping_block.6907aea7-248f-4f5a-ba9c-095503c6c7e7","geometry":{"type":"Polygon","coordinates":[[[35.939,49.66494],[36.11567,49.64077],[36.10373,49.61049],[36.21151,49.59577],[36.25929,49.54827],[36.17845,49.54605],[35.90151,49.59771],[35.939,49.66494]]]},"properties":{"name":"KOMSOMOLSKAYA SQUARE","status":"CURRENT","country":"Ukraine","area_sqkm":"170.875786945766","shore_status":"ONSHORE"}},{"type":"Feature","id":"mps_mapping_block.694e2802-5caf-4a49-8985-7b613146476b","geometry":{"type":"Polygon","coordinates":[[[35.24287,50.04382],[35.34621,50.01327],[35.39426,50.01327],[35.40037,50.01993],[35.47065,50.01438],[35.44843,49.98327],[35.40677,49.9416],[35.3776,49.94104],[35.35954,49.96104],[35.31232,49.94243],[35.31926,49.97604],[35.27537,49.99021],[35.22121,49.98493],[35.24287,50.04382]]]},"properties":{"name":"KLUBANIVSKO-ZUBRENKIVSKA","status":"CURRENT","country":"Ukraine","area_sqkm":"102.119195273637","shore_status":"ONSHORE"}},{"type":"Feature","id":"mps_mapping_block.6a9b4832-fcbb-4df9-9df3-2758d91d043e","geometry":{"type":"Polygon","coordinates":[[[34.12924,50.16103],[34.0498,50.13742],[34.04647,50.14436],[34.02758,50.14464],[34.00313,50.15436],[34.02952,50.18908],[34.12924,50.16103]]]},"properties":{"name":"BORKI-YUHNIVSKA","status":"CURRENT","country":"Ukraine","area_sqkm":"26.0756577448816","shore_status":"ONSHORE"}},{"type":"Feature","id":"mps_mapping_block.6ed7865b-46d0-484f-a118-7adb61db15b4","geometry":{"type":"Polygon","coordinates":[[[33.76534,50.31491],[33.73784,50.29714],[33.75618,50.22464],[33.85507,50.19741],[33.84257,50.17436],[33.74535,50.1963],[33.52923,50.3063],[33.56173,50.33297],[33.66507,50.34158],[33.76534,50.31491]]]},"properties":{"name":"SOUTH SVYSTUNKIVSKA","status":"CURRENT","country":"Ukraine","area_sqkm":"164.355070675835","shore_status":"ONSHORE"}},{"type":"Feature","id":"mps_mapping_block.714469fa-4b8c-4344-b16f-48190f73c9df","geometry":{"type":"Polygon","coordinates":[[[35.22121,49.98493],[35.2751,49.99021],[35.31926,49.97604],[35.31232,49.94243],[35.26593,49.93993],[35.22093,49.95382],[35.22121,49.98493]]]},"properties":{"name":"SAKHALIN DEPOSIT","status":"CURRENT","country":"Ukraine","area_sqkm":"31.7516177610202","shore_status":"ONSHORE"}},{"type":"Feature","id":"mps_mapping_block.78ac8040-bc56-4157-a55c-e3909fdd316a","geometry":{"type":"Polygon","coordinates":[[[35.0262,50.01382],[35.17065,50.04715],[35.2212,50.05021],[35.24287,50.04382],[35.22121,49.98493],[35.22093,49.95382],[35.2151,49.95271],[35.10398,49.94993],[35.0262,50.01382]]]},"properties":{"name":"KARAYKOZIVSKE","status":"CURRENT","country":"Ukraine","area_sqkm":"117.006572963756","shore_status":"ONSHORE"}},{"type":"Feature","id":"mps_mapping_block.7ad009c1-d9fb-47e7-9e51-20f7ff0355cb","geometry":{"type":"Polygon","coordinates":[[[34.11925,50.07214],[34.27175,50.06103],[34.24564,49.97769],[34.14842,49.97769],[34.14008,50.00353],[34.15091,50.01658],[34.13175,50.0263],[34.11925,50.07214]]]},"properties":{"name":"KOVALIVKA-SULYMSKA","status":"CURRENT","country":"Ukraine","area_sqkm":"87.5098625664473","shore_status":"ONSHORE"}},{"type":"Feature","id":"mps_mapping_block.83ac9d7d-858f-4319-b5a9-14ae85a3aa7c","geometry":{"type":"Polygon","coordinates":[[[33.7845,50.59436],[33.80561,50.64853],[33.81033,50.66048],[33.79811,50.68603],[33.84756,50.68687],[33.89589,50.67353],[33.96922,50.64159],[33.90978,50.5552],[33.85117,50.59992],[33.7845,50.59436]]]},"properties":{"name":"BERESTOVSKII","status":"CURRENT","country":"Ukraine","area_sqkm":"108.512456470354","shore_status":"ONSHORE"}},{"type":"Feature","id":"mps_mapping_block.8782fd6a-6036-4835-a948-81f57a570f39","geometry":{"type":"Polygon","coordinates":[[[33.49702,49.94852],[33.63508,49.89213],[33.6673,49.82907],[33.45813,49.90546],[33.47758,49.94574],[33.49702,49.94852]]]},"properties":{"name":"YARMAKIVSKA","status":"CURRENT","country":"Ukraine","area_sqkm":"78.2436987740269","shore_status":"ONSHORE"}},{"type":"Feature","id":"mps_mapping_block.87ef6c78-641b-402b-bdb9-d7eacc2bb8b3","geometry":{"type":"Polygon","coordinates":[[[35.53176,50.09994],[35.77038,50.04355],[35.79566,49.98327],[35.44843,50.0666],[35.53176,50.09994]]]},"properties":{"name":"SKVORTSIVSKE","status":"CURRENT","country":"Ukraine","area_sqkm":"125.188477513897","shore_status":"ONSHORE"}},{"type":"Feature","id":"mps_mapping_block.8b643549-01ac-4052-9c88-bc9d2f34abdb","geometry":{"type":"Polygon","coordinates":[[[34.09842,49.94991],[33.92341,50.07491],[34.04202,50.13797],[34.11119,50.10936],[34.08563,50.05269],[34.14841,50.01658],[34.09842,49.94991]]]},"properties":{"name":"SEMYRENKIVSKE","status":"CURRENT","country":"Ukraine","area_sqkm":"158.823548312199","shore_status":"ONSHORE"}},{"type":"Feature","id":"mps_mapping_block.8b8eb3e2-2151-4ef5-9fcc-4b2a62af9b20","geometry":{"type":"Polygon","coordinates":[[[33.65952,50.00685],[33.68452,50.03324],[33.77619,50.00297],[33.7673,49.98769],[33.79563,49.97213],[33.86091,49.94435],[33.84841,49.93463],[33.75869,49.9738],[33.75674,49.97074],[33.73035,49.97769],[33.70813,49.96935],[33.66855,49.98265],[33.655,49.99322],[33.62008,50.00991],[33.58174,50.01658],[33.57091,50.0238],[33.58313,50.04658],[33.60369,50.03658],[33.61869,50.03852],[33.65952,50.00685]]]},"properties":{"name":"DUBRIVSKO-RADCHENKIVSKA","status":"OPEN","country":"Ukraine","area_sqkm":"65.4068539749808","shore_status":"ONSHORE"}},{"type":"Feature","id":"mps_mapping_block.8c0d027c-f0b9-42f3-8d15-cf573b333076","geometry":{"type":"Polygon","coordinates":[[[32.91561,50.41185],[32.92422,50.46879],[33.00116,50.5188],[33.03172,50.49991],[32.98922,50.42963],[32.94922,50.4024],[32.91561,50.41185]]]},"properties":{"name":"BOHANIVSKE","status":"CURRENT","country":"Ukraine","area_sqkm":"57.4494043367491","shore_status":"ONSHORE"}},{"type":"Feature","id":"mps_mapping_block.8c8d9052-1797-4a10-b1cb-0fb60edfdb1d","geometry":{"type":"Polygon","coordinates":[[[35.11511,49.63326],[35.13594,49.62631],[35.14594,49.6052],[35.15983,49.59215],[35.12816,49.58076],[35.06955,49.59964],[35.11511,49.63326]]]},"properties":{"name":"SOUTH ROZPASHNIVSKA","status":"CURRENT","country":"Ukraine","area_sqkm":"20.19917127876","shore_status":"ONSHORE"}},{"type":"Feature","id":"mps_mapping_block.8e61d784-b424-4906-8b81-d02d7ae93780","geometry":{"type":"Polygon","coordinates":[[[35.21843,49.82687],[35.32288,49.81521],[35.32094,49.78382],[35.2401,49.78604],[35.21843,49.82687]]]},"properties":{"name":"SOUTH KYSIVSKA","status":"CURRENT","country":"Ukraine","area_sqkm":"26.240032885318","shore_status":"ONSHORE"}},{"type":"Feature","id":"mps_mapping_block.8eb8a0e1-18ff-4700-bb42-1316e6bcc9e4","geometry":{"type":"Polygon","coordinates":[[[35.78093,50.06605],[35.78177,50.04716],[35.77038,50.04355],[35.53176,50.09994],[35.55648,50.14577],[35.60676,50.15549],[35.78093,50.06605]]]},"properties":{"name":"NORTH SKVORTSIVSKA","status":"CURRENT","country":"Ukraine","area_sqkm":"97.9829794361541","shore_status":"ONSHORE"}},{"type":"Feature","id":"mps_mapping_block.8f5aa427-49b8-42bd-a004-69461d9edf0b","geometry":{"type":"Polygon","coordinates":[[[33.68452,50.03324],[33.7248,50.07491],[33.78258,50.07491],[33.90674,50.02769],[33.84008,49.96936],[33.77619,50.00297],[33.68452,50.03324]]]},"properties":{"name":"SOROCHINSKIY","status":"CURRENT","country":"Ukraine","area_sqkm":"97.2302953555984","shore_status":"ONSHORE"}},{"type":"Feature","id":"mps_mapping_block.900ce650-2299-4b8d-87f5-e1dac6296ccf","geometry":{"type":"Polygon","coordinates":[[[34.66344,49.2838],[34.81095,49.2813],[34.81095,49.24436],[34.65956,49.26186],[34.66344,49.2838]]]},"properties":{"name":"STEPNE","status":"CURRENT","country":"Ukraine","area_sqkm":"35.7730385778451","shore_status":"ONSHORE"}},{"type":"Feature","id":"mps_mapping_block.90a1ca37-246f-4316-9988-dfebfa7a0cd0","geometry":{"type":"Polygon","coordinates":[[[34.55276,50.63286],[34.76184,50.5652],[34.73067,50.48177],[34.48194,50.57116],[34.55276,50.63286]]]},"properties":{"name":"KALYUZHNA 1","status":"OPEN","country":"Ukraine","area_sqkm":"162.437989267038","shore_status":"ONSHORE"}},{"type":"Feature","id":"mps_mapping_block.91d0a1c0-1de8-4ff3-b7e5-b647b6eefac5","geometry":{"type":"Polygon","coordinates":[[[33.98176,49.73741],[33.97481,49.7388],[33.97064,49.74297],[33.96787,49.74297],[33.96648,49.74574],[33.96925,49.75269],[33.98175,49.74991],[33.98314,49.74713],[33.98175,49.7463],[33.98176,49.73741]]]},"properties":{"name":"SAHAYDATSKE","status":"CURRENT","country":"Ukraine","area_sqkm":"1.31903681389692","shore_status":"ONSHORE"}},{"type":"Feature","id":"mps_mapping_block.920a6031-7da8-485d-82ca-3b6255963b90","geometry":{"type":"Polygon","coordinates":[[[33.9584,50.25353],[33.93174,50.26658],[33.96507,50.31658],[33.9759,50.3577],[34.10952,50.32909],[34.13952,50.32992],[34.05785,50.22547],[33.9584,50.25353]]]},"properties":{"name":"MILL","status":"CURRENT","country":"Ukraine","area_sqkm":"124.489611456327","shore_status":"ONSHORE"}},{"type":"Feature","id":"mps_mapping_block.93d80150-a0ee-4022-bf58-c02e4f06f2e6","geometry":{"type":"Polygon","coordinates":[[[35.04175,50.15382],[35.15481,50.1216],[35.12648,50.10271],[35.0887,50.1116],[35.06342,50.12493],[35.04175,50.15382]]]},"properties":{"name":"WEST DEPOSIT KOZIYIVSKE","status":"CURRENT","country":"Ukraine","area_sqkm":"18.5735279345112","shore_status":"ONSHORE"}},{"type":"Feature","id":"mps_mapping_block.95b19f84-38d9-4e2a-8290-4c51e385458a","geometry":{"type":"Polygon","coordinates":[[[34.52092,50.13214],[34.55897,50.13353],[34.58564,50.1277],[34.60981,50.11548],[34.61647,50.09687],[34.58592,50.08631],[34.51008,50.11437],[34.52092,50.13214]]]},"properties":{"name":"BIELSK","status":"CURRENT","country":"Ukraine","area_sqkm":"24.7590238559928","shore_status":"ONSHORE"}},{"type":"Feature","id":"mps_mapping_block.95e4a3a7-8b78-40a7-bd42-a7b6bfd4e74b","geometry":{"type":"Polygon","coordinates":[[[33.46505,50.6188],[33.47755,50.62075],[33.48728,50.62019],[33.49672,50.61269],[33.48755,50.60436],[33.46422,50.61075],[33.46505,50.6188]]]},"properties":{"name":"FRATERNAL- STRUCTURES YASNOPOLSCHYNSKA STRUCTURE GUBSKAYA","status":"CURRENT","country":"Ukraine","area_sqkm":"2.82992572407603","shore_status":"ONSHORE"}},{"type":"Feature","id":"mps_mapping_block.96d96fd2-8225-47ab-9d04-88909a8d1dbf","geometry":{"type":"Polygon","coordinates":[[[34.53899,49.51436],[34.53733,49.4763],[34.52066,49.44436],[34.48899,49.45575],[34.48788,49.46213],[34.47927,49.48102],[34.43205,49.47602],[34.38371,49.49352],[34.36732,49.46491],[34.32982,49.47908],[34.28732,49.47963],[34.29288,49.53047],[34.32149,49.52797],[34.38149,49.56936],[34.53899,49.51436]]]},"properties":{"name":"VILSHANY","status":"CURRENT","country":"Ukraine","area_sqkm":"136.454562129619","shore_status":"ONSHORE"}},{"type":"Feature","id":"mps_mapping_block.9725acf7-0818-4a6c-8961-17c591259d8e","geometry":{"type":"Polygon","coordinates":[[[34.58844,49.33519],[34.60872,49.33491],[34.80456,49.2888],[34.81095,49.2813],[34.66344,49.2838],[34.65956,49.26186],[34.63928,49.2613],[34.5965,49.2738],[34.58428,49.30269],[34.58844,49.33519]]]},"properties":{"name":"NORTH-STEPPE","status":"CURRENT","country":"Ukraine","area_sqkm":"64.8021610516825","shore_status":"ONSHORE"}},{"type":"Feature","id":"mps_mapping_block.9a0362f5-2402-47fe-8e66-e675cfc7d1c1","geometry":{"type":"Polygon","coordinates":[[[35.5665,49.52076],[35.5165,49.48882],[35.48428,49.48909],[35.49095,49.50882],[35.55122,49.5541],[35.5665,49.5541],[35.5665,49.52076]]]},"properties":{"name":"SOUTH KHRESTYSHCHENSKE","status":"CURRENT","country":"Ukraine","area_sqkm":"22.8102669323005","shore_status":"ONSHORE"}},{"type":"Feature","id":"mps_mapping_block.9b0b6899-3e47-4f75-b82b-acc8a9c9d3c5","geometry":{"type":"Polygon","coordinates":[[[34.87956,49.0963],[34.83706,49.08769],[34.82956,49.07908],[34.83929,49.07269],[34.75067,49.09713],[34.79984,49.14158],[34.87956,49.0963]]]},"properties":{"name":"MUSIYENKIVSKE","status":"CURRENT","country":"Ukraine","area_sqkm":"32.7221123257628","shore_status":"ONSHORE"}},{"type":"Feature","id":"mps_mapping_block.9bfef0b2-32dc-46f9-826a-c2a057a98724","geometry":{"type":"Polygon","coordinates":[[[33.48728,50.62019],[33.47089,50.62158],[33.47116,50.62492],[33.48644,50.65075],[33.55978,50.63825],[33.6095,50.62242],[33.69422,50.61242],[33.67061,50.58325],[33.61311,50.57853],[33.52867,50.5888],[33.48728,50.62019]]]},"properties":{"name":"ANASTASIVSKE","status":"CURRENT","country":"Ukraine","area_sqkm":"69.5481641159418","shore_status":"ONSHORE"}},{"type":"Feature","id":"mps_mapping_block.c4db6093-2d01-4501-88e9-f724b23a8764","geometry":{"type":"Polygon","coordinates":[[[33.69561,50.61381],[33.71839,50.60825],[33.7045,50.57992],[33.68533,50.58686],[33.67061,50.58325],[33.69561,50.61381]]]},"properties":{"name":"RIZNYKIVSKE","status":"CURRENT","country":"Ukraine","area_sqkm":"6.57702312133408","shore_status":"ONSHORE"}},{"type":"Feature","id":"mps_mapping_block.9db3d898-bfa3-47de-9d71-6e52fc2bb970","geometry":{"type":"Polygon","coordinates":[[[33.81507,50.11658],[33.92397,50.09436],[33.91508,50.05769],[33.79146,50.07491],[33.81507,50.11658]]]},"properties":{"name":"KOSHEVOYSKE","status":"CURRENT","country":"Ukraine","area_sqkm":"38.795469952713","shore_status":"ONSHORE"}},{"type":"Feature","id":"mps_mapping_block.9f0c69e9-f4b3-46e5-8e3e-07ee20b9ebf4","geometry":{"type":"Polygon","coordinates":[[[35.47065,50.01438],[35.54426,50.01605],[35.57177,49.96882],[35.57427,49.94466],[35.59955,49.93799],[35.64316,49.94021],[35.64538,49.93438],[35.73622,49.92105],[35.7376,49.95855],[35.8201,49.93855],[35.90761,49.94911],[35.92788,49.93299],[35.88622,49.93994],[35.87927,49.93244],[35.74621,49.93299],[35.74455,49.91688],[35.80511,49.91355],[35.8665,49.9066],[35.90344,49.91244],[35.93872,49.91022],[35.93177,49.88049],[35.81233,49.90549],[35.78177,49.88605],[35.75816,49.86466],[35.6465,49.75465],[35.52733,49.82965],[35.49205,49.82743],[35.36371,49.81521],[35.35677,49.88965],[35.40677,49.90826],[35.3776,49.94104],[35.45649,49.94077],[35.48177,49.9666],[35.44843,49.98327],[35.47065,50.01438]]]},"properties":{"name":"DERKACHIVSKO-VOYTENKIVSKA","status":"CURRENT","country":"Ukraine","area_sqkm":"498.278397396778","shore_status":"ONSHORE"}},{"type":"Feature","id":"mps_mapping_block.9ff4d5d3-31fe-4009-bc64-62e82ea1159e","geometry":{"type":"Polygon","coordinates":[[[33.79423,50.29714],[33.89785,50.25769],[33.85507,50.19741],[33.81896,50.20741],[33.80674,50.23436],[33.75035,50.24269],[33.73784,50.29714],[33.76534,50.31491],[33.79423,50.29714]]]},"properties":{"name":"ZUYEVSKAYA","status":"CURRENT","country":"Ukraine","area_sqkm":"74.8262905251513","shore_status":"ONSHORE"}},{"type":"Feature","id":"mps_mapping_block.9ff7d748-7e0d-4f94-b202-f310f4cc4545","geometry":{"type":"Polygon","coordinates":[[[35.00429,49.05325],[34.99012,49.04547],[34.94762,49.03852],[34.88095,49.06186],[34.9104,49.07408],[34.94984,49.06852],[35.00429,49.05325]]]},"properties":{"name":"SHOE","status":"CURRENT","country":"Ukraine","area_sqkm":"18.6820335318642","shore_status":"ONSHORE"}},{"type":"Feature","id":"mps_mapping_block.a6ddd169-55ac-4695-addf-735972a361c6","geometry":{"type":"Polygon","coordinates":[[[35.31513,48.91936],[35.38597,48.88881],[35.37902,48.88464],[35.3068,48.90964],[35.29985,48.91658],[35.31513,48.91936]]]},"properties":{"name":"HOLUBIVSKE","status":"CURRENT","country":"Ukraine","area_sqkm":"6.29161630592203","shore_status":"ONSHORE"}},{"type":"Feature","id":"mps_mapping_block.a849a4a7-c6dc-43c7-adce-0d0a261d2cdd","geometry":{"type":"Polygon","coordinates":[[[35.81012,49.49326],[35.80567,49.49104],[35.72706,49.48799],[35.71289,49.48632],[35.71206,49.47965],[35.7404,49.46965],[35.73984,49.46687],[35.73178,49.46937],[35.72567,49.46326],[35.7079,49.46771],[35.70873,49.48632],[35.79817,49.49632],[35.81012,49.49326]]]},"properties":{"name":"PRYSHTOKOVA","status":"CURRENT","country":"Ukraine","area_sqkm":"4.62163094979137","shore_status":"ONSHORE"}},{"type":"Feature","id":"mps_mapping_block.ac194a5d-d2cb-4d7c-9964-77d9147e796f","geometry":{"type":"Polygon","coordinates":[[[34.98956,49.31992],[34.98178,49.30158],[34.98012,49.25131],[34.83734,49.27519],[34.81095,49.2813],[34.80456,49.2888],[34.75595,49.30075],[34.78789,49.33853],[34.7265,49.36547],[34.98956,49.31992]]]},"properties":{"name":"HULAKIVSKA","status":"CURRENT","country":"Ukraine","area_sqkm":"119.741986881773","shore_status":"ONSHORE"}},{"type":"Feature","id":"mps_mapping_block.acc8bdfe-e601-436f-b98f-7a2c45f11682","geometry":{"type":"Polygon","coordinates":[[[35.37319,48.93853],[35.44152,48.98214],[35.47791,48.97936],[35.4868,48.98075],[35.4843,48.9727],[35.51208,48.97881],[35.63708,48.9602],[35.63069,48.92798],[35.50097,48.91686],[35.37319,48.93853]]]},"properties":{"name":"BOHATOYSKE","status":"CURRENT","country":"Ukraine","area_sqkm":"94.8458198257039","shore_status":"ONSHORE"}},{"type":"Feature","id":"mps_mapping_block.ad2f3679-6876-4831-b926-e7cc8ced0f01","geometry":{"type":"Polygon","coordinates":[[[34.90398,50.00604],[34.95954,50.00132],[35.0601,49.93548],[35.03121,49.92715],[34.99565,49.93604],[34.92343,49.9577],[34.90815,49.97159],[34.89676,49.99159],[34.90398,50.00604]]]},"properties":{"name":"BEREZOVSKOYE","status":"CURRENT","country":"Ukraine","area_sqkm":"48.0668191305633","shore_status":"ONSHORE"}},{"type":"Feature","id":"mps_mapping_block.afd84a15-ee41-4087-8ad6-4ba8fb21af57","geometry":{"type":"Polygon","coordinates":[[[34.50011,49.22269],[34.60817,49.23186],[34.58845,49.21824],[34.58428,49.20463],[34.57567,49.2088],[34.56567,49.19935],[34.59345,49.18352],[34.62873,49.17547],[34.64928,49.17269],[34.66373,49.16463],[34.68678,49.14852],[34.72456,49.16602],[34.72512,49.16963],[34.694,49.17241],[34.68039,49.17324],[34.67678,49.18963],[34.66011,49.21658],[34.69984,49.21658],[34.70928,49.22158],[34.7515,49.22158],[34.78678,49.20047],[34.75206,49.17519],[34.75845,49.15075],[34.68095,49.13574],[34.65539,49.14963],[34.649,49.15158],[34.54011,49.13741],[34.50261,49.18963],[34.43872,49.1813],[34.40066,49.26797],[34.45011,49.26908],[34.48566,49.26963],[34.48983,49.24241],[34.50011,49.22269]]]},"properties":{"name":"ZAPLAVSKAYA","status":"CURRENT","country":"Ukraine","area_sqkm":"172.978496715398","shore_status":"ONSHORE"}},{"type":"Feature","id":"mps_mapping_block.b324000a-2b41-4796-9664-114697e23049","geometry":{"type":"Polygon","coordinates":[[[35.39176,50.03132],[35.3412,50.09827],[35.36232,50.0916],[35.36926,50.0791],[35.44843,50.0666],[35.66816,50.01271],[35.41399,50.01966],[35.39176,50.03132]]]},"properties":{"name":"MURAFYNSKA","status":"CURRENT","country":"Ukraine","area_sqkm":"72.6658603120723","shore_status":"ONSHORE"}},{"type":"Feature","id":"mps_mapping_block.b456f60e-5ed0-425f-93f7-74c36ba40a7d","geometry":{"type":"Polygon","coordinates":[[[34.26231,50.02242],[34.32175,50.02409],[34.41648,49.97436],[34.36231,49.93658],[34.24842,49.97742],[34.26231,50.02242]]]},"properties":{"name":"WEST DEPOSIT SOLOHIVSKE","status":"CURRENT","country":"Ukraine","area_sqkm":"68.7345431078558","shore_status":"ONSHORE"}},{"type":"Feature","id":"mps_mapping_block.b9ca9f4a-0205-4b1a-a39d-0d321f9df4ea","geometry":{"type":"Polygon","coordinates":[[[35.86981,49.67725],[35.939,49.66494],[35.90151,49.59771],[35.93105,49.59204],[35.89551,49.55313],[35.80596,49.58166],[35.86981,49.67725]]]},"properties":{"name":"KNIAZHYNSKA","status":"OPEN","country":"Ukraine","area_sqkm":"75.3018673203278","shore_status":"ONSHORE"}},{"type":"Feature","id":"mps_mapping_block.bb6686a1-b3e6-43a0-bff2-f4c795f18da0","geometry":{"type":"Polygon","coordinates":[[[34.28593,49.65547],[34.30148,49.65408],[34.32148,49.66214],[34.34009,49.68658],[34.35676,49.69658],[34.40177,49.57769],[34.25676,49.58213],[34.28593,49.65547]]]},"properties":{"name":"ABAZIVSKE","status":"CURRENT","country":"Ukraine","area_sqkm":"80.826319535634","shore_status":"ONSHORE"}},{"type":"Feature","id":"mps_mapping_block.bc9b01c3-0bda-4c04-aadc-195dea0589f2","geometry":{"type":"Polygon","coordinates":[[[34.24009,49.73102],[34.31787,49.72741],[34.34009,49.68658],[34.32148,49.66214],[34.30148,49.65408],[34.23426,49.69825],[34.24009,49.73102]]]},"properties":{"name":"SEMENTSIVSKE","status":"CURRENT","country":"Ukraine","area_sqkm":"43.5772807463617","shore_status":"ONSHORE"}},{"type":"Feature","id":"mps_mapping_block.bdd3e61c-e561-4e31-836b-c8ff452683b1","geometry":{"type":"Polygon","coordinates":[[[34.54649,49.56158],[34.61982,49.59408],[34.68177,49.59158],[34.68177,49.54158],[34.54566,49.53436],[34.54649,49.56158]]]},"properties":{"name":"KOPYLIVSKE","status":"CURRENT","country":"Ukraine","area_sqkm":"50.9234629378424","shore_status":"ONSHORE"}},{"type":"Feature","id":"mps_mapping_block.c7718edf-5d9b-4942-ba84-e3a87c3afc3d","geometry":{"type":"Polygon","coordinates":[[[33.49702,49.94852],[33.51591,49.96518],[33.5673,49.96657],[33.64563,49.92019],[33.63508,49.89213],[33.49702,49.94852]]]},"properties":{"name":"HARKUSHYNSKA","status":"CURRENT","country":"Ukraine","area_sqkm":"39.801484383173","shore_status":"ONSHORE"}},{"type":"Feature","id":"mps_mapping_block.cb9f51b8-db2c-4f0d-b9f8-05ace8e095d9","geometry":{"type":"Polygon","coordinates":[[[33.18005,50.68741],[33.25644,50.68686],[33.27477,50.66297],[33.21894,50.65686],[33.18283,50.67824],[33.18005,50.68741]]]},"properties":{"name":"PLOT LOSYSCHYNSKA","status":"CURRENT","country":"Ukraine","area_sqkm":"15.8462986817961","shore_status":"ONSHORE"}},{"type":"Feature","id":"mps_mapping_block.cbe5667e-02b4-4562-89fe-091c67ec525d","geometry":{"type":"Polygon","coordinates":[[[34.16593,49.58213],[34.09842,49.69297],[34.09565,49.70741],[34.13815,49.72102],[34.18787,49.69436],[34.21454,49.70519],[34.23343,49.69769],[34.29093,49.65991],[34.28593,49.65547],[34.25565,49.58158],[34.28121,49.57741],[34.25788,49.53547],[34.20704,49.51158],[34.20121,49.50547],[34.16593,49.58213]]]},"properties":{"name":"NOVO DICANSKOGO","status":"CURRENT","country":"Ukraine","area_sqkm":"181.180215884815","shore_status":"ONSHORE"}},{"type":"Feature","id":"mps_mapping_block.cc1c63e8-e12b-4c6e-bc13-89ecb2f042e0","geometry":{"type":"Polygon","coordinates":[[[32.98922,50.42963],[33.03172,50.49991],[33.14505,50.49991],[33.15395,50.43741],[33.15395,50.41769],[33.11506,50.41102],[33.052,50.43213],[32.98922,50.42963]]]},"properties":{"name":"LUTSENKIVSKE","status":"CURRENT","country":"Ukraine","area_sqkm":"85.5519558522346","shore_status":"ONSHORE"}},{"type":"Feature","id":"mps_mapping_block.cc2ba31e-dafe-4e61-8bd9-abcf80f49c8a","geometry":{"type":"Polygon","coordinates":[[[35.15096,48.99214],[35.23568,48.98519],[35.21707,48.94519],[35.14207,48.9738],[35.15096,48.99214]]]},"properties":{"name":"ULYANOVSK","status":"CURRENT","country":"Ukraine","area_sqkm":"20.953863250926","shore_status":"ONSHORE"}},{"type":"Feature","id":"mps_mapping_block.cee0f2aa-fc00-43da-9309-bc344d91a1d1","geometry":{"type":"Polygon","coordinates":[[[33.29006,50.5013],[33.38033,50.49991],[33.56339,50.42075],[33.51367,50.37908],[33.49284,50.36797],[33.29561,50.39297],[33.29006,50.5013]]]},"properties":{"name":"RUDIVSKO-CHERVONOZAVODSKE","status":"CURRENT","country":"Ukraine","area_sqkm":"191.86095596916","shore_status":"ONSHORE"}},{"type":"Feature","id":"mps_mapping_block.d15240d6-b225-4123-b210-71dbc6458645","geometry":{"type":"Polygon","coordinates":[[[33.04338,50.73991],[33.10671,50.72741],[33.1381,50.68769],[33.11921,50.68074],[33.08949,50.68769],[33.0206,50.71269],[33.04338,50.73991]]]},"properties":{"name":"ZIMNITSKIY","status":"CURRENT","country":"Ukraine","area_sqkm":"29.2476683401527","shore_status":"ONSHORE"}},{"type":"Feature","id":"mps_mapping_block.d4264430-f2cd-479e-ab1f-d7b8f77f7369","geometry":{"type":"Polygon","coordinates":[[[34.78453,50.05965],[34.86648,50.06104],[34.90092,49.99993],[34.89676,49.99187],[34.89898,49.9877],[34.8262,50.00826],[34.78453,50.05965]]]},"properties":{"name":"KOTELEVSKY DEPOSIT (UP TO SERPUKHOV INCLUDING DEPOSITS)","status":"CURRENT","country":"Ukraine","area_sqkm":"37.6284338311806","shore_status":"ONSHORE"}},{"type":"Feature","id":"mps_mapping_block.db50adf0-dbf1-48a3-aba9-b3a7036d01c3","geometry":{"type":"Polygon","coordinates":[[[34.60953,49.94714],[34.63731,49.95548],[34.70287,49.92576],[34.68204,49.87992],[34.64231,49.89381],[34.60953,49.94714]]]},"properties":{"name":"OPISHNYANSKE","status":"CURRENT","country":"Ukraine","area_sqkm":"30.9864592804279","shore_status":"ONSHORE"}},{"type":"Feature","id":"mps_mapping_block.e24e7cce-80d8-4ae6-a677-b8402b1e2875","geometry":{"type":"Polygon","coordinates":[[[33.30115,50.95686],[33.29226,50.96936],[33.34004,50.95825],[33.37337,50.94159],[33.35393,50.92492],[33.32615,50.93603],[33.3206,50.94714],[33.30115,50.95686]]]},"properties":{"name":"VOLODYMYRIVSKA","status":"CURRENT","country":"Ukraine","area_sqkm":"11.0736874422898","shore_status":"ONSHORE"}},{"type":"Feature","id":"mps_mapping_block.e13b6216-a153-42af-8fca-39e7885d64a9","geometry":{"type":"Polygon","coordinates":[[[35.41841,49.42696],[35.46178,49.40878],[35.46178,49.39715],[35.48989,49.39689],[35.53662,49.37759],[35.55401,49.33215],[35.5279,49.31659],[35.42521,49.29083],[35.35345,49.36381],[35.38762,49.36103],[35.40873,49.37798],[35.40928,49.39742],[35.37984,49.40881],[35.40508,49.42476],[35.41841,49.42696]]]},"properties":{"name":"DOBRENSKA","status":"OPEN","country":"Ukraine","area_sqkm":"122.235846901717","shore_status":"ONSHORE"}},{"type":"Feature","id":"mps_mapping_block.e47fdffc-e319-40d8-bb11-c9f127c43e60","geometry":{"type":"Polygon","coordinates":[[[34.38872,49.33602],[34.48316,49.38047],[34.6565,49.42658],[34.699,49.41103],[34.67844,49.40103],[34.704,49.38075],[34.69316,49.35019],[34.66511,49.33464],[34.38872,49.33602]]]},"properties":{"name":"BOLOTIVSKO-WEST SUHODOLIVSKA","status":"CURRENT","country":"Ukraine","area_sqkm":"137.038053998059","shore_status":"ONSHORE"}},{"type":"Feature","id":"mps_mapping_block.e75c0710-48ea-4490-92ec-bb21aa805e64","geometry":{"type":"Polygon","coordinates":[[[34.10953,49.94297],[34.16509,49.90825],[34.19842,49.91658],[34.24842,49.83741],[34.17675,49.83686],[34.14842,49.82102],[34.11481,49.88464],[34.08036,49.88575],[34.08175,49.91658],[34.10953,49.94297]]]},"properties":{"name":"PETRENKIVSKA , INCLUDING EAST PETRENKIVSKE FIELD","status":"CURRENT","country":"Ukraine","area_sqkm":"80.9834524342959","shore_status":"ONSHORE"}},{"type":"Feature","id":"mps_mapping_block.e7948d75-da73-475a-b5d3-28274cbcc4e1","geometry":{"type":"Polygon","coordinates":[[[34.40677,49.44297],[34.41788,49.43463],[34.41649,49.44436],[34.42899,49.44574],[34.42066,49.40824],[34.42483,49.39991],[34.42344,49.39852],[34.4151,49.39713],[34.39983,49.40685],[34.39705,49.40685],[34.38594,49.4138],[34.38872,49.41519],[34.39149,49.42908],[34.38733,49.43186],[34.39566,49.44158],[34.40677,49.44297]]]},"properties":{"name":"RESHETNYAKIVSKE","status":"CURRENT","country":"Ukraine","area_sqkm":"10.7866003339936","shore_status":"ONSHORE"}},{"type":"Feature","id":"mps_mapping_block.ea1fdb4a-0f2a-4759-92d9-d0ed383f4253","geometry":{"type":"Polygon","coordinates":[[[32.79561,50.39018],[32.81367,50.39018],[32.83033,50.39157],[32.83866,50.40879],[32.8845,50.35824],[32.96311,50.35629],[33.01673,50.29879],[32.96173,50.25324],[32.91506,50.26518],[32.79561,50.39018]]]},"properties":{"name":"BILOUSIVSKO-CHORNUHYNSKA","status":"CURRENT","country":"Ukraine","area_sqkm":"108.472824885862","shore_status":"ONSHORE"}},{"type":"Feature","id":"mps_mapping_block.ecace65c-1235-43dc-b439-592c47323d72","geometry":{"type":"Polygon","coordinates":[[[35.66153,48.82159],[35.65403,48.84603],[35.72597,48.84714],[35.73458,48.82353],[35.66153,48.82159]]]},"properties":{"name":"LEVENTSIVSKE","status":"CURRENT","country":"Ukraine","area_sqkm":"14.3224522409143","shore_status":"ONSHORE"}},{"type":"Feature","id":"mps_mapping_block.ee1db1cf-aff5-47d7-988b-7639aac50944","geometry":{"type":"Polygon","coordinates":[[[35.62764,48.88659],[35.58125,48.82409],[35.78153,48.77325],[35.84903,48.7177],[35.73903,48.63631],[35.57792,48.69908],[35.56264,48.74325],[35.37958,48.77686],[35.33375,48.79797],[35.37013,48.88269],[35.40152,48.83575],[35.41597,48.7738],[35.55097,48.79464],[35.52902,48.84492],[35.45819,48.83992],[35.41069,48.90464],[35.62764,48.88659]]]},"properties":{"name":"POPASNAJA-SAMARYNSKA","status":"CURRENT","country":"Ukraine","area_sqkm":"429.693415805229","shore_status":"ONSHORE"}},{"type":"Feature","id":"mps_mapping_block.f062d176-3eb4-4d21-9d9a-d2ad8c7baace","geometry":{"type":"Polygon","coordinates":[[[33.92063,49.99991],[34.09231,49.9513],[34.10731,49.94241],[34.08175,49.91658],[33.95119,49.94575],[33.8873,49.95324],[33.92063,49.99991]]]},"properties":{"name":"KAVERDYNSKE","status":"CURRENT","country":"Ukraine","area_sqkm":"65.8778195411768","shore_status":"ONSHORE"}},{"type":"Feature","id":"mps_mapping_block.f1a0b1ca-e689-476d-9005-411a2894e05a","geometry":{"type":"Polygon","coordinates":[[[34.68035,50.42548],[34.69008,50.34076],[34.56174,50.34826],[34.42035,50.44909],[34.57979,50.46548],[34.68035,50.42548]]]},"properties":{"name":"TARHANIVSKA","status":"CURRENT","country":"Ukraine","area_sqkm":"164.868393334507","shore_status":"ONSHORE"}},{"type":"Feature","id":"mps_mapping_block.f3eb9715-4ae4-4988-9755-07b6c9d86e70","geometry":{"type":"Polygon","coordinates":[[[33.31395,50.25907],[33.42257,50.23602],[33.42201,50.1988],[33.26395,50.22491],[33.31395,50.25907]]]},"properties":{"name":"YABLUNIV","status":"CURRENT","country":"Ukraine","area_sqkm":"42.69335807748","shore_status":"ONSHORE"}},{"type":"Feature","id":"mps_mapping_block.f7e0a76d-ad7e-417f-a3a1-a76d4f9c00a5","geometry":{"type":"Polygon","coordinates":[[[33.86507,50.34992],[33.96507,50.31658],[33.93174,50.26658],[33.86507,50.30825],[33.86507,50.34992]]]},"properties":{"name":"HARKIVTSIVSKE","status":"CURRENT","country":"Ukraine","area_sqkm":"35.2184999202985","shore_status":"ONSHORE"}},{"type":"Feature","id":"mps_mapping_block.f89f3d9f-cc23-40f1-934d-d8d3aebc2eff","geometry":{"type":"Polygon","coordinates":[[[34.72343,49.86242],[34.81787,49.82742],[34.81926,49.80409],[34.79343,49.78909],[34.73454,49.79381],[34.70343,49.81103],[34.72343,49.86242]]]},"properties":{"name":"MATVIYIVSKE DEPOSIT (UP TO SERPUKHOV INCLUDING DEPOSITS)","status":"CURRENT","country":"Ukraine","area_sqkm":"44.1537050007777","shore_status":"ONSHORE"}},{"type":"Feature","id":"mps_mapping_block.fa65c354-3261-4c0f-98ca-8309bf1c994f","geometry":{"type":"Polygon","coordinates":[[[33.64979,50.39297],[33.63451,50.35686],[33.68173,50.34991],[33.66507,50.34158],[33.46923,50.3263],[33.46228,50.37074],[33.49284,50.36797],[33.51367,50.37908],[33.56339,50.41658],[33.61784,50.4138],[33.65395,50.42353],[33.64979,50.39297]]]},"properties":{"name":"SVYSTUNKIVSKO-CHERVONOLUTSKE","status":"CURRENT","country":"Ukraine","area_sqkm":"96.9174326470542","shore_status":"ONSHORE"}},{"type":"Feature","id":"mps_mapping_block.fadf2573-74b6-4d5d-acf5-11e928da308c","geometry":{"type":"Polygon","coordinates":[[[35.91927,49.94216],[36.10761,49.89188],[36.10178,49.83466],[35.94844,49.86661],[35.93178,49.83327],[35.93177,49.84994],[35.78177,49.88605],[35.81233,49.90549],[35.93177,49.88077],[35.93872,49.91022],[35.95677,49.92161],[35.92788,49.93299],[35.91927,49.94216]]]},"properties":{"name":"RAKYTNYANSKE DEPOSIT (INCLUDING KAPONIVSKYY BLOCK)","status":"CURRENT","country":"Ukraine","area_sqkm":"118.480202164598","shore_status":"ONSHORE"}},{"type":"Feature","id":"mps_mapping_block.fea8e655-5c09-4b63-a1be-7fe793b7930f","geometry":{"type":"Polygon","coordinates":[[[33.35672,50.62269],[33.37839,50.62686],[33.39505,50.62186],[33.39589,50.6088],[33.35172,50.61491],[33.35672,50.62269]]]},"properties":{"name":"KOMPANSKE","status":"CURRENT","country":"Ukraine","area_sqkm":"4.13925714680624","shore_status":"ONSHORE"}}]}