{"type":"FeatureCollection","features":[{"type":"Feature","geometry":{"type":"Point","coordinates":[-89.848026,13.58263]},"properties":{"name":"Acajutla FSRU","country":"El Salvador","type":"import","status":"operating","capacity_mtpa":2.15,"owner":"Energía del Pacífico Ltda [100%]"}},{"type":"Feature","geometry":{"type":"Point","coordinates":[12.586111,45.091667]},"properties":{"name":"Adriatic LNG Terminal","country":"Italy","type":"import","status":"operating","capacity_mtpa":7.06,"owner":"Adriatic LNG SRL [100%]"}},{"type":"Feature","geometry":{"type":"Point","coordinates":[32.355923,29.64863]},"properties":{"name":"Ain Sokhna FSRU","country":"Egypt","type":"import","status":"operating","capacity_mtpa":3.8,"owner":"EGAS [100%]"}},{"type":"Feature","geometry":{"type":"Point","coordinates":[32.355923,29.64863]},"properties":{"name":"Ain Sokhna FSRU","country":"Egypt","type":"import","status":"operating","capacity_mtpa":5.51,"owner":"EGAS [100%]"}},{"type":"Feature","geometry":{"type":"Point","coordinates":[32.355923,29.64863]},"properties":{"name":"Ain Sokhna FSRU","country":"Egypt","type":"import","status":"operating","capacity_mtpa":4.2,"owner":"EGAS [100%]"}},{"type":"Feature","geometry":{"type":"Point","coordinates":[140.0547406,39.7617994]},"properties":{"name":"Akita LNG Terminal","country":"Japan","type":"import","status":"operating","capacity_mtpa":0.6,"owner":"Tobu Gas [100%]"}},{"type":"Feature","geometry":{"type":"Point","coordinates":[25.718754,40.748354]},"properties":{"name":"Alexandroupolis FSRU","country":"Greece","type":"import","status":"operating","capacity_mtpa":4.04,"owner":"Gastrade AE [100%]"}},{"type":"Feature","geometry":{"type":"Point","coordinates":[-97.89468,22.494775]},"properties":{"name":"Altamira LNG Terminal","country":"Mexico","type":"import","status":"operating","capacity_mtpa":5.7,"owner":"Enagás SA [40%]; Vopak [60%]"}},{"type":"Feature","geometry":{"type":"Point","coordinates":[48.3973631,28.7183683]},"properties":{"name":"Al Zour LNG Terminal","country":"Kuwait","type":"import","status":"operating","capacity_mtpa":22.0,"owner":"Kuwait National Petroleum Co [100%]"}},{"type":"Feature","geometry":{"type":"Point","coordinates":[-80.296697,25.809175]},"properties":{"name":"American LNG Hialeah Terminal","country":"United States","type":"export","status":"operating","capacity_mtpa":0.08,"owner":"American LNG Marketing LLC [100%]"}},{"type":"Feature","geometry":{"type":"Point","coordinates":[124.555669,1.192442]},"properties":{"name":"Amurang FSRU","country":"Indonesia","type":"import","status":"mothballed","capacity_mtpa":0.1,"owner":"Karpowership [100%]"}},{"type":"Feature","geometry":{"type":"Point","coordinates":[-69.628234,18.406993]},"properties":{"name":"Andrés LNG Terminal","country":"Dominican Republic","type":"import","status":"operating","capacity_mtpa":1.9,"owner":"Grupo Estrella Holdings SA [5%]; Administradora de Fondos de Inversión Popular SA [10%]; AES Corp [80%]; Grupo Linda [5%]"}},{"type":"Feature","geometry":{"type":"Point","coordinates":[12.33596,-6.11957]},"properties":{"name":"Angola LNG Terminal","country":"Angola","type":"export","status":"operating","capacity_mtpa":5.2,"owner":"Angola LNG [100%]"}},{"type":"Feature","geometry":{"type":"Point","coordinates":[-61.75587,17.127903]},"properties":{"name":"Antigua Power LNG Terminal","country":"Antigua and Barbuda","type":"import","status":"construction","capacity_mtpa":null,"owner":"Caribbean LNG [100%]"}},{"type":"Feature","geometry":{"type":"Point","coordinates":[34.9635687,29.3752527]},"properties":{"name":"Aqaba Jordan FSRU","country":"Jordan","type":"import","status":"operating","capacity_mtpa":3.8,"owner":"Jordan Ministry of Energy and Mineral Resources [100%]"}},{"type":"Feature","geometry":{"type":"Point","coordinates":[73.8295,70.99517]},"properties":{"name":"Arctic LNG 2 Terminal","country":"Russia","type":"export","status":"idled","capacity_mtpa":6.6,"owner":"Arctic LNG 2 LLC [100%]"}},{"type":"Feature","geometry":{"type":"Point","coordinates":[73.8295,70.99517]},"properties":{"name":"Arctic LNG 2 Terminal","country":"Russia","type":"export","status":"operating","capacity_mtpa":6.6,"owner":"Arctic LNG 2 LLC [100%]"}},{"type":"Feature","geometry":{"type":"Point","coordinates":[73.8295,70.99517]},"properties":{"name":"Arctic LNG 2 Terminal","country":"Russia","type":"export","status":"construction","capacity_mtpa":6.6,"owner":"Arctic LNG 2 LLC [100%]"}},{"type":"Feature","geometry":{"type":"Point","coordinates":[97.083,5.2234]},"properties":{"name":"Arun LNG Terminal","country":"Indonesia","type":"import","status":"operating","capacity_mtpa":3.0,"owner":"PT Perta Arun Gas [100%]"}},{"type":"Feature","geometry":{"type":"Point","coordinates":[-0.24097,35.80452]},"properties":{"name":"Arzew-Bethioua LNG Terminal","country":"Algeria","type":"export","status":"operating","capacity_mtpa":7.9,"owner":"Sonatrach SpA [100%]"}},{"type":"Feature","geometry":{"type":"Point","coordinates":[-0.24097,35.80452]},"properties":{"name":"Arzew-Bethioua LNG Terminal","country":"Algeria","type":"export","status":"operating","capacity_mtpa":8.2,"owner":"Sonatrach SpA [100%]"}},{"type":"Feature","geometry":{"type":"Point","coordinates":[-0.24097,35.80452]},"properties":{"name":"Arzew-Bethioua LNG Terminal","country":"Algeria","type":"export","status":"operating","capacity_mtpa":4.7,"owner":"Sonatrach SpA [100%]"}},{"type":"Feature","geometry":{"type":"Point","coordinates":[-61.69189,10.18106]},"properties":{"name":"Atlantic LNG Terminal","country":"Trinidad and Tobago","type":"export","status":"mothballed","capacity_mtpa":3.3,"owner":"National Gas Company of Trinidad and Tobago Ltd [10%]; Shell PLC [51%]; BP PLC [39%]"}},{"type":"Feature","geometry":{"type":"Point","coordinates":[-61.69189,10.18106]},"properties":{"name":"Atlantic LNG Terminal","country":"Trinidad and Tobago","type":"export","status":"operating","capacity_mtpa":3.4,"owner":"BP PLC [47%]; National Gas Company of Trinidad and Tobago Ltd [5%]; Shell PLC [47%]"}},{"type":"Feature","geometry":{"type":"Point","coordinates":[-61.69189,10.18106]},"properties":{"name":"Atlantic LNG Terminal","country":"Trinidad and Tobago","type":"export","status":"operating","capacity_mtpa":3.4,"owner":"BP PLC [47%]; National Gas Company of Trinidad and Tobago Ltd [5%]; Shell PLC [47%]"}},{"type":"Feature","geometry":{"type":"Point","coordinates":[-61.69189,10.18106]},"properties":{"name":"Atlantic LNG Terminal","country":"Trinidad and Tobago","type":"export","status":"operating","capacity_mtpa":5.2,"owner":"National Gas Company of Trinidad and Tobago Ltd [11%]; Shell PLC [51%]; BP PLC [37%]"}},{"type":"Feature","geometry":{"type":"Point","coordinates":[151.19061,-23.75583]},"properties":{"name":"Australia Pacific LNG Terminal","country":"Australia","type":"export","status":"operating","capacity_mtpa":4.5,"owner":"China Petrochemical Corp [25%]; Origin Energy Ltd [47%]; ConocoPhillips Corp [27%]"}},{"type":"Feature","geometry":{"type":"Point","coordinates":[151.19061,-23.75583]},"properties":{"name":"Australia Pacific LNG Terminal","country":"Australia","type":"export","status":"operating","capacity_mtpa":4.5,"owner":"China Petrochemical Corp [25%]; Origin Energy Ltd [47%]; ConocoPhillips Corp [27%]"}},{"type":"Feature","geometry":{"type":"Point","coordinates":[-62.289504,-38.787784]},"properties":{"name":"Bahía Blanca FLNG Terminal","country":"Argentina","type":"export","status":"mothballed","capacity_mtpa":0.5,"owner":"YPF SA [100%]"}},{"type":"Feature","geometry":{"type":"Point","coordinates":[-62.289504,-38.787784]},"properties":{"name":"Bahia Blanca GasPort FSRU","country":"Argentina","type":"import","status":"idled","capacity_mtpa":3.8,"owner":"Energía Argentina SA [50%]; YPF SA [50%]"}},{"type":"Feature","geometry":{"type":"Point","coordinates":[-38.703511,-12.785422]},"properties":{"name":"Bahia FSRU","country":"Brazil","type":"import","status":"operating","capacity_mtpa":5.6,"owner":"Petróleo Brasileiro SA [100%]"}},{"type":"Feature","geometry":{"type":"Point","coordinates":[50.7031432,26.2104277]},"properties":{"name":"Bahrain Hidd FLNG Terminal","country":"Bahrain","type":"import","status":"operating","capacity_mtpa":6.0,"owner":"Bahrain LNG [100%]"}},{"type":"Feature","geometry":{"type":"Point","coordinates":[2.1583,41.3394]},"properties":{"name":"Barcelona LNG Terminal","country":"Spain","type":"import","status":"operating","capacity_mtpa":12.6,"owner":"Enagás SA [100%]"}},{"type":"Feature","geometry":{"type":"Point","coordinates":[-3.09473,43.3612]},"properties":{"name":"Bilbao LNG Terminal","country":"Spain","type":"import","status":"operating","capacity_mtpa":5.1,"owner":"Enagás SA [50%]; Basque Energy Board (EVE) [50%]"}},{"type":"Feature","geometry":{"type":"Point","coordinates":[117.4701,0.10123]},"properties":{"name":"Bontang LNG Terminal","country":"Indonesia","type":"export","status":"idled","capacity_mtpa":2.8,"owner":"Government of Indonesia [100%]"}},{"type":"Feature","geometry":{"type":"Point","coordinates":[117.4701,0.10123]},"properties":{"name":"Bontang LNG Terminal","country":"Indonesia","type":"export","status":"idled","capacity_mtpa":2.8,"owner":"Government of Indonesia [100%]"}},{"type":"Feature","geometry":{"type":"Point","coordinates":[117.4701,0.10123]},"properties":{"name":"Bontang LNG Terminal","country":"Indonesia","type":"export","status":"operating","capacity_mtpa":2.8,"owner":"Government of Indonesia [100%]"}},{"type":"Feature","geometry":{"type":"Point","coordinates":[117.4701,0.10123]},"properties":{"name":"Bontang LNG Terminal","country":"Indonesia","type":"export","status":"operating","capacity_mtpa":2.95,"owner":"Government of Indonesia [100%]"}},{"type":"Feature","geometry":{"type":"Point","coordinates":[126.4947,36.415]},"properties":{"name":"Boryeong LNG Terminal","country":"South Korea","type":"import","status":"operating","capacity_mtpa":10.8,"owner":"GS Group [50%]; SK Inc [50%]"}},{"type":"Feature","geometry":{"type":"Point","coordinates":[114.467,4.6698]},"properties":{"name":"Brunei LNG Terminal","country":"Brunei","type":"export","status":"operating","capacity_mtpa":7.2,"owner":"Shell PLC [25%]; Government of Brunei [50%]; Mitsubishi Corp [25%]"}},{"type":"Feature","geometry":{"type":"Point","coordinates":[17.976153,58.922139]},"properties":{"name":"Brunnsviksholme LNG Terminal","country":"Sweden","type":"import","status":"operating","capacity_mtpa":0.4,"owner":"Linde Gas AB [100%]"}},{"type":"Feature","geometry":{"type":"Point","coordinates":[9.171014,53.887255]},"properties":{"name":"Brunsbüttel FSRU","country":"Germany","type":"import","status":"operating","capacity_mtpa":3.67,"owner":"German LNG Terminal [100%]"}},{"type":"Feature","geometry":{"type":"Point","coordinates":[9.1712166,53.8872625]},"properties":{"name":"Brunsbüttel LNG Terminal","country":"Germany","type":"import","status":"construction","capacity_mtpa":7.35,"owner":"Vopak LNG; Oiltanking GmbH; Gasunie Deutschland GmbH & Co KG"}},{"type":"Feature","geometry":{"type":"Point","coordinates":[107.116667,10.383333]},"properties":{"name":"Cai Mep LNG Terminal","country":"Vietnam","type":"import","status":"operating","capacity_mtpa":3.0,"owner":"Cai Mep LNG [100%]"}},{"type":"Feature","geometry":{"type":"Point","coordinates":[-93.3343038,29.7729274]},"properties":{"name":"Calcasieu Pass LNG Terminal","country":"United States","type":"export","status":"operating","capacity_mtpa":10.0,"owner":"Venture Global Calcasieu Pass LLC [100%]"}},{"type":"Feature","geometry":{"type":"Point","coordinates":[-93.3383732,30.035379]},"properties":{"name":"Cameron LNG Terminal","country":"United States","type":"export","status":"operating","capacity_mtpa":4.5,"owner":"Cameron LNG LLC [100%]"}},{"type":"Feature","geometry":{"type":"Point","coordinates":[-93.3383732,30.035379]},"properties":{"name":"Cameron LNG Terminal","country":"United States","type":"export","status":"operating","capacity_mtpa":4.5,"owner":"Cameron LNG LLC [100%]"}},{"type":"Feature","geometry":{"type":"Point","coordinates":[-93.3383732,30.035379]},"properties":{"name":"Cameron LNG Terminal","country":"United States","type":"export","status":"operating","capacity_mtpa":4.5,"owner":"Cameron LNG LLC [100%]"}},{"type":"Feature","geometry":{"type":"Point","coordinates":[-93.3383732,30.035379]},"properties":{"name":"Cameron LNG Terminal","country":"United States","type":"import","status":"mothballed","capacity_mtpa":11.4,"owner":"Cameron LNG LLC [100%]"}},{"type":"Feature","geometry":{"type":"Point","coordinates":[9.91,2.935]},"properties":{"name":"Cameroon FLNG Terminal","country":"Cameroon","type":"export","status":"operating","capacity_mtpa":0.6,"owner":"Black & Veatch Holding Co [1%]; Golar LNG [89%]; Keppel Corporation Ltd [10%]"}},{"type":"Feature","geometry":{"type":"Point","coordinates":[9.91,2.935]},"properties":{"name":"Cameroon FLNG Terminal","country":"Cameroon","type":"export","status":"operating","capacity_mtpa":0.6,"owner":"Black & Veatch Holding Co [1%]; Golar LNG [89%]; Keppel Corporation Ltd [10%]"}},{"type":"Feature","geometry":{"type":"Point","coordinates":[9.91,2.935]},"properties":{"name":"Cameroon FLNG Terminal","country":"Cameroon","type":"export","status":"operating","capacity_mtpa":0.6,"owner":"Black & Veatch Holding Co [1%]; Golar LNG [89%]; Keppel Corporation Ltd [10%]"}},{"type":"Feature","geometry":{"type":"Point","coordinates":[9.91,2.935]},"properties":{"name":"Cameroon FLNG Terminal","country":"Cameroon","type":"export","status":"operating","capacity_mtpa":0.6,"owner":"Black & Veatch Holding Co [1%]; Golar LNG [89%]; Keppel Corporation Ltd [10%]"}},{"type":"Feature","geometry":{"type":"Point","coordinates":[8.71253,-0.632279]},"properties":{"name":"Cap Lopez FLNG Terminal","country":"Gabon","type":"export","status":"construction","capacity_mtpa":0.7,"owner":"Perenco SA [100%]"}},{"type":"Feature","geometry":{"type":"Point","coordinates":[-75.5,10.4]},"properties":{"name":"Cartagena FSRU (Colombia)","country":"Colombia","type":"import","status":"operating","capacity_mtpa":3.45,"owner":"Sociedad Portuaria El Cayao (SPEC) [100%]"}},{"type":"Feature","geometry":{"type":"Point","coordinates":[-0.9595,37.57457]},"properties":{"name":"Cartagena LNG Terminal (Spain)","country":"Spain","type":"import","status":"operating","capacity_mtpa":8.7,"owner":"Enagás SA [100%]"}},{"type":"Feature","geometry":{"type":"Point","coordinates":[-128.7,54.0]},"properties":{"name":"Cedar FLNG Terminal","country":"Canada","type":"export","status":"construction","capacity_mtpa":3.3,"owner":"Cedar LNG Partners LP [100%]"}},{"type":"Feature","geometry":{"type":"Point","coordinates":[117.12851,23.583697]},"properties":{"name":"Chaozhou LNG Terminal (Huaying)","country":"China","type":"import","status":"operating","capacity_mtpa":6.0,"owner":"Huaying Natural Gas Co Ltd [100%]"}},{"type":"Feature","geometry":{"type":"Point","coordinates":[70.749983,20.72124]},"properties":{"name":"Chhara LNG Terminal","country":"India","type":"import","status":"operating","capacity_mtpa":5.0,"owner":"HPCL Shapoorji Energy Pvt Ltd [100%]"}},{"type":"Feature","geometry":{"type":"Point","coordinates":[136.82288,34.96664]},"properties":{"name":"Chita Kyodo LNG Terminal","country":"Japan","type":"import","status":"operating","capacity_mtpa":7.5,"owner":"Toho Gas Co Ltd; JERA Co Inc"}},{"type":"Feature","geometry":{"type":"Point","coordinates":[136.82721,34.96826]},"properties":{"name":"Chita LNG Terminal","country":"Japan","type":"import","status":"operating","capacity_mtpa":10.9,"owner":"Toho Gas Co Ltd; Chubu Electric Power Co Inc; Chita LNG Co Ltd"}},{"type":"Feature","geometry":{"type":"Point","coordinates":[136.8195,34.96245]},"properties":{"name":"Chita Midorihama LNG Terminal","country":"Japan","type":"import","status":"operating","capacity_mtpa":7.7,"owner":"Toho Gas Co Ltd [100%]"}},{"type":"Feature","geometry":{"type":"Point","coordinates":[130.886081,33.89299]},"properties":{"name":"Choguko Electric LNG Terminal","country":"Japan","type":"import","status":"operating","capacity_mtpa":4.3,"owner":"Chugoku Electric Power [100%]"}},{"type":"Feature","geometry":{"type":"Point","coordinates":[11.881,-4.893]},"properties":{"name":"Congo FLNG Terminal","country":"Republic of the Congo","type":"export","status":"operating","capacity_mtpa":0.6,"owner":"Vitol SA [25%]; Eni Congo SAU [75%]"}},{"type":"Feature","geometry":{"type":"Point","coordinates":[41.2,-10.9]},"properties":{"name":"Coral South FLNG Terminal","country":"Mozambique","type":"export","status":"operating","capacity_mtpa":3.4,"owner":"Coral South LNG [100%]"}},{"type":"Feature","geometry":{"type":"Point","coordinates":[-97.2865629,27.9135423]},"properties":{"name":"Corpus Christi LNG Terminal","country":"United States","type":"export","status":"operating","capacity_mtpa":5.0,"owner":"Corpus Christi Liquefaction LLC [100%]"}},{"type":"Feature","geometry":{"type":"Point","coordinates":[-97.2865629,27.9135423]},"properties":{"name":"Corpus Christi LNG Terminal","country":"United States","type":"export","status":"operating","capacity_mtpa":5.0,"owner":"Corpus Christi Liquefaction LLC [100%]"}},{"type":"Feature","geometry":{"type":"Point","coordinates":[-97.2865629,27.9135423]},"properties":{"name":"Corpus Christi LNG Terminal","country":"United States","type":"export","status":"operating","capacity_mtpa":5.0,"owner":"Corpus Christi Liquefaction LLC [100%]"}},{"type":"Feature","geometry":{"type":"Point","coordinates":[-97.2865629,27.9135423]},"properties":{"name":"Corpus Christi LNG Terminal","country":"United States","type":"export","status":"construction","capacity_mtpa":10.0,"owner":"Corpus Christi Liquefaction Stage III LLC [100%]"}},{"type":"Feature","geometry":{"type":"Point","coordinates":[-46.364786,-23.91218]},"properties":{"name":"Cosan FSRU","country":"Brazil","type":"import","status":"operating","capacity_mtpa":3.7,"owner":"Cosan SA [100%]"}},{"type":"Feature","geometry":{"type":"Point","coordinates":[-116.846466,31.988557]},"properties":{"name":"Costa Azul LNG Terminal","country":"Mexico","type":"export","status":"construction","capacity_mtpa":3.25,"owner":"TotalEnergies SE [16%]; Sempra Energy [83%]"}},{"type":"Feature","geometry":{"type":"Point","coordinates":[-116.846466,31.988557]},"properties":{"name":"Costa Azul LNG Terminal","country":"Mexico","type":"import","status":"operating","capacity_mtpa":7.6,"owner":"Sempra Energy [100%]"}},{"type":"Feature","geometry":{"type":"Point","coordinates":[-79.90797,9.3389775]},"properties":{"name":"Costa Norte LNG Terminal","country":"Panama","type":"import","status":"operating","capacity_mtpa":1.5,"owner":"Grupo Linda [20%]; Grupo Estrella Holdings SA [15%]; AES Corp [65%]"}},{"type":"Feature","geometry":{"type":"Point","coordinates":[-76.4097200524101,38.38544418456382]},"properties":{"name":"Cove Point LNG Terminal","country":"United States","type":"export","status":"operating","capacity_mtpa":5.25,"owner":"Cove Point LNG LP [100%]"}},{"type":"Feature","geometry":{"type":"Point","coordinates":[-76.4097200524101,38.38544418456382]},"properties":{"name":"Cove Point LNG Terminal","country":"United States","type":"import","status":"operating","capacity_mtpa":7.9,"owner":"Cove Point LNG LP [100%]"}},{"type":"Feature","geometry":{"type":"Point","coordinates":[-76.4097200524101,38.38544418456382]},"properties":{"name":"Cove Point LNG Terminal","country":"United States","type":"import","status":"operating","capacity_mtpa":5.8,"owner":"Cove Point LNG LP [100%]"}},{"type":"Feature","geometry":{"type":"Point","coordinates":[-93.3239475,29.7742723]},"properties":{"name":"CP2 LNG Terminal","country":"United States","type":"export","status":"construction","capacity_mtpa":10.0,"owner":"Venture Global CP2 LNG LLC [100%]"}},{"type":"Feature","geometry":{"type":"Point","coordinates":[33.32384,34.720244]},"properties":{"name":"Cyprus FSRU","country":"Cyprus","type":"import","status":"construction","capacity_mtpa":2.0,"owner":"ETYFA [100%]"}},{"type":"Feature","geometry":{"type":"Point","coordinates":[73.16,17.54]},"properties":{"name":"Dabhol LNG Terminal","country":"India","type":"import","status":"operating","capacity_mtpa":5.0,"owner":"Konkan LNG Ltd [100%]"}},{"type":"Feature","geometry":{"type":"Point","coordinates":[73.16,17.54]},"properties":{"name":"Dabhol LNG Terminal","country":"India","type":"import","status":"operating","capacity_mtpa":null,"owner":"Konkan LNG Ltd [100%]"}},{"type":"Feature","geometry":{"type":"Point","coordinates":[72.536,21.6746]},"properties":{"name":"Dahej LNG Terminal","country":"India","type":"import","status":"operating","capacity_mtpa":15.0,"owner":"Petronet LNG [100%]"}},{"type":"Feature","geometry":{"type":"Point","coordinates":[72.536,21.6746]},"properties":{"name":"Dahej LNG Terminal","country":"India","type":"import","status":"operating","capacity_mtpa":2.5,"owner":"Petronet LNG [100%]"}},{"type":"Feature","geometry":{"type":"Point","coordinates":[72.536,21.6746]},"properties":{"name":"Dahej LNG Terminal","country":"India","type":"import","status":"construction","capacity_mtpa":5.0,"owner":"Petronet LNG [100%]"}},{"type":"Feature","geometry":{"type":"Point","coordinates":[121.8841,38.9604]},"properties":{"name":"Dalian LNG Terminal","country":"China","type":"import","status":"operating","capacity_mtpa":3.0,"owner":"National Pipe Network Group Dalian LNG Co Ltd [100%]"}},{"type":"Feature","geometry":{"type":"Point","coordinates":[121.8841,38.9604]},"properties":{"name":"Dalian LNG Terminal","country":"China","type":"import","status":"operating","capacity_mtpa":3.0,"owner":"National Pipe Network Group Dalian LNG Co Ltd [100%]"}},{"type":"Feature","geometry":{"type":"Point","coordinates":[121.134782,28.106107]},"properties":{"name":"Damaiyu LNG Terminal","country":"China","type":"import","status":"construction","capacity_mtpa":2.0,"owner":"Yuhuan Damaiyu Junan LNG Co Ltd [100%]"}},{"type":"Feature","geometry":{"type":"Point","coordinates":[31.7473,31.469]},"properties":{"name":"Damietta SEGAS LNG Terminal","country":"Egypt","type":"export","status":"operating","capacity_mtpa":5.0,"owner":"Spanish Egyptian Gas Company SAE [100%]"}},{"type":"Feature","geometry":{"type":"Point","coordinates":[130.86644866442109,-12.5209951389081]},"properties":{"name":"Darwin LNG Terminal","country":"Australia","type":"export","status":"idled","capacity_mtpa":3.7,"owner":"Tokyo Gas Co Ltd [3%]; JERA Co Inc [6%]; Santos [43%]; Eni SpA [11%]; INPEX Corp [11%]; SK E&S [25%]"}},{"type":"Feature","geometry":{"type":"Point","coordinates":[52.875876,25.1612628]},"properties":{"name":"Das Island LNG Terminal","country":"United Arab Emirates","type":"export","status":"operating","capacity_mtpa":1.7,"owner":"BP PLC [10%]; TotalEnergies SE [5%]; Mitsui & Co Ltd [15%]; Abu Dhabi Gas Liquefaction Company Ltd [70%]"}},{"type":"Feature","geometry":{"type":"Point","coordinates":[52.874589,25.161262]},"properties":{"name":"Das Island LNG Terminal","country":"United Arab Emirates","type":"export","status":"operating","capacity_mtpa":1.7,"owner":"BP PLC [10%]; TotalEnergies SE [5%]; Mitsui & Co Ltd [15%]; Abu Dhabi Gas Liquefaction Company Ltd [70%]"}},{"type":"Feature","geometry":{"type":"Point","coordinates":[52.87778,25.160428]},"properties":{"name":"Das Island LNG Terminal","country":"United Arab Emirates","type":"export","status":"operating","capacity_mtpa":2.6,"owner":"BP PLC [10%]; TotalEnergies SE [5%]; Mitsui & Co Ltd [15%]; Abu Dhabi Gas Liquefaction Company Ltd [70%]"}},{"type":"Feature","geometry":{"type":"Point","coordinates":[14.5542,35.8277]},"properties":{"name":"Delimara FSRU","country":"Malta","type":"import","status":"operating","capacity_mtpa":0.5,"owner":"Electrogas Malta Ltd"}},{"type":"Feature","geometry":{"type":"Point","coordinates":[86.965264,20.821109]},"properties":{"name":"Dhamra LNG Terminal","country":"India","type":"import","status":"operating","capacity_mtpa":5.0,"owner":"Dhamra LNG Terminal Pvt Ltd [100%]"}},{"type":"Feature","geometry":{"type":"Point","coordinates":[122.58559,-1.254369]},"properties":{"name":"Donggi-Senoro LNG Terminal","country":"Indonesia","type":"export","status":"operating","capacity_mtpa":2.0,"owner":"PT Donggi-Senoro LNG [100%]"}},{"type":"Feature","geometry":{"type":"Point","coordinates":[36.1259759,36.8509903]},"properties":{"name":"Dörtyol FSRU","country":"Türkiye","type":"import","status":"operating","capacity_mtpa":7.5,"owner":"BOTAŞ AŞ [100%]"}},{"type":"Feature","geometry":{"type":"Point","coordinates":[-4.99774,51.70453]},"properties":{"name":"Dragon LNG Terminal","country":"United Kingdom","type":"import","status":"operating","capacity_mtpa":4.4,"owner":"Shell PLC [50%]; Ancala Partners [50%]"}},{"type":"Feature","geometry":{"type":"Point","coordinates":[-4.99774,51.70453]},"properties":{"name":"Dragon LNG Terminal","country":"United Kingdom","type":"import","status":"operating","capacity_mtpa":1.2,"owner":"Shell PLC [50%]; Ancala Partners [50%]"}},{"type":"Feature","geometry":{"type":"Point","coordinates":[113.0,12.0]},"properties":{"name":"Dua FLNG Terminal","country":"Malaysia","type":"export","status":"operating","capacity_mtpa":1.5,"owner":"Petroliam Nasional Bhd [100%]"}},{"type":"Feature","geometry":{"type":"Point","coordinates":[113.083,3.28238]},"properties":{"name":"Dua Malaysia LNG Terminal","country":"Malaysia","type":"export","status":"operating","capacity_mtpa":3.2,"owner":"Mitsubishi Corp [10%]; State of Sarawak [10%]; Petroliam Nasional Bhd [80%]"}},{"type":"Feature","geometry":{"type":"Point","coordinates":[113.083,3.28238]},"properties":{"name":"Dua Malaysia LNG Terminal","country":"Malaysia","type":"export","status":"operating","capacity_mtpa":3.2,"owner":"Mitsubishi Corp [10%]; State of Sarawak [10%]; Petroliam Nasional Bhd [80%]"}},{"type":"Feature","geometry":{"type":"Point","coordinates":[113.083,3.28238]},"properties":{"name":"Dua Malaysia LNG Terminal","country":"Malaysia","type":"export","status":"operating","capacity_mtpa":3.2,"owner":"Mitsubishi Corp [10%]; State of Sarawak [10%]; Petroliam Nasional Bhd [80%]"}},{"type":"Feature","geometry":{"type":"Point","coordinates":[2.19653,51.03361]},"properties":{"name":"Dunkirk LNG Terminal","country":"France","type":"import","status":"operating","capacity_mtpa":9.55,"owner":"Dunkerque LNG"}},{"type":"Feature","geometry":{"type":"Point","coordinates":[2.19653,51.03361]},"properties":{"name":"Dunkirk LNG Terminal","country":"France","type":"import","status":"operating","capacity_mtpa":null,"owner":"Dunkerque LNG"}},{"type":"Feature","geometry":{"type":"Point","coordinates":[6.8330977,53.4356487]},"properties":{"name":"Eemshaven FSRU","country":"Netherlands","type":"import","status":"operating","capacity_mtpa":5.88,"owner":"EemsEnergyTerminal BV"}},{"type":"Feature","geometry":{"type":"Point","coordinates":[30.3186466,31.3490481]},"properties":{"name":"Egyptian LNG Terminal","country":"Egypt","type":"export","status":"operating","capacity_mtpa":3.6,"owner":"El Beheira Natural Gas Liquefaction Co [100%]"}},{"type":"Feature","geometry":{"type":"Point","coordinates":[30.3186466,31.3490481]},"properties":{"name":"Egyptian LNG Terminal","country":"Egypt","type":"export","status":"operating","capacity_mtpa":3.6,"owner":"Idku Natural Gas Liquefaction Co [100%]"}},{"type":"Feature","geometry":{"type":"Point","coordinates":[-81.000278,32.091111]},"properties":{"name":"Elba Island LNG Terminal","country":"United States","type":"export","status":"operating","capacity_mtpa":0.25,"owner":"Southern LNG Company LLC [100%]"}},{"type":"Feature","geometry":{"type":"Point","coordinates":[-81.000278,32.091111]},"properties":{"name":"Elba Island LNG Terminal","country":"United States","type":"export","status":"operating","capacity_mtpa":0.25,"owner":"Southern LNG Company LLC [100%]"}},{"type":"Feature","geometry":{"type":"Point","coordinates":[-81.000278,32.091111]},"properties":{"name":"Elba Island LNG Terminal","country":"United States","type":"export","status":"operating","capacity_mtpa":0.25,"owner":"Southern LNG Company LLC [100%]"}},{"type":"Feature","geometry":{"type":"Point","coordinates":[-81.000278,32.091111]},"properties":{"name":"Elba Island LNG Terminal","country":"United States","type":"export","status":"operating","capacity_mtpa":0.25,"owner":"Southern LNG Company LLC [100%]"}},{"type":"Feature","geometry":{"type":"Point","coordinates":[-81.000278,32.091111]},"properties":{"name":"Elba Island LNG Terminal","country":"United States","type":"export","status":"operating","capacity_mtpa":0.25,"owner":"Southern LNG Company LLC [100%]"}},{"type":"Feature","geometry":{"type":"Point","coordinates":[-81.000278,32.091111]},"properties":{"name":"Elba Island LNG Terminal","country":"United States","type":"export","status":"operating","capacity_mtpa":0.25,"owner":"Southern LNG Company LLC [100%]"}},{"type":"Feature","geometry":{"type":"Point","coordinates":[-81.000278,32.091111]},"properties":{"name":"Elba Island LNG Terminal","country":"United States","type":"export","status":"operating","capacity_mtpa":0.25,"owner":"Southern LNG Company LLC [100%]"}},{"type":"Feature","geometry":{"type":"Point","coordinates":[-81.000278,32.091111]},"properties":{"name":"Elba Island LNG Terminal","country":"United States","type":"export","status":"operating","capacity_mtpa":0.25,"owner":"Southern LNG Company LLC [100%]"}},{"type":"Feature","geometry":{"type":"Point","coordinates":[-81.000278,32.091111]},"properties":{"name":"Elba Island LNG Terminal","country":"United States","type":"export","status":"operating","capacity_mtpa":0.25,"owner":"Southern LNG Company LLC [100%]"}},{"type":"Feature","geometry":{"type":"Point","coordinates":[-81.000278,32.091111]},"properties":{"name":"Elba Island LNG Terminal","country":"United States","type":"export","status":"operating","capacity_mtpa":0.25,"owner":"Southern LNG Company LLC [100%]"}},{"type":"Feature","geometry":{"type":"Point","coordinates":[-5.6934,43.5696]},"properties":{"name":"El Musel LNG Terminal","country":"Spain","type":"import","status":"operating","capacity_mtpa":5.88,"owner":"Enagás SA [75%]; Reganosa [25%]"}},{"type":"Feature","geometry":{"type":"Point","coordinates":[67.3688752,24.7907232]},"properties":{"name":"Engro Elengy FSRU","country":"Pakistan","type":"import","status":"operating","capacity_mtpa":4.8,"owner":"ETPL [100%]"}},{"type":"Feature","geometry":{"type":"Point","coordinates":[11.470348,-4.59022]},"properties":{"name":"Eni Congo FLNG II Terminal","country":"Republic of the Congo","type":"export","status":"construction","capacity_mtpa":2.4,"owner":"Eni Congo SAU [100%]"}},{"type":"Feature","geometry":{"type":"Point","coordinates":[80.337425,13.259407]},"properties":{"name":"Ennore LNG Terminal","country":"India","type":"import","status":"operating","capacity_mtpa":5.0,"owner":"Indian Oil Corp Ltd [90%]; Tamil Nadu Industrial Development Corp [10%]"}},{"type":"Feature","geometry":{"type":"Point","coordinates":[-58.7630866,-34.2422966]},"properties":{"name":"Escobar FSRU","country":"Argentina","type":"import","status":"operating","capacity_mtpa":6.1,"owner":"UTE Escobar [100%]"}},{"type":"Feature","geometry":{"type":"Point","coordinates":[26.895665,38.74443]},"properties":{"name":"Etki FSRU","country":"Türkiye","type":"import","status":"operating","capacity_mtpa":5.7,"owner":"Etki Liman İşletmeleri Doğalgaz İthalat ve Ticaret AŞ"}},{"type":"Feature","geometry":{"type":"Point","coordinates":[-71.05885,42.3923475]},"properties":{"name":"Everett Marine Terminal","country":"United States","type":"import","status":"operating","capacity_mtpa":5.1,"owner":"Constellation LNG LLC [100%]"}},{"type":"Feature","geometry":{"type":"Point","coordinates":[108.3547283,21.5885731]},"properties":{"name":"Fangchenggang LNG Terminal","country":"China","type":"import","status":"operating","capacity_mtpa":0.6,"owner":"State Pipe Network Group Guangxi Fangchenggang Natural Gas Co Ltd [100%]"}},{"type":"Feature","geometry":{"type":"Point","coordinates":[121.0354947,13.7707075]},"properties":{"name":"FGEN Batangas FSRU","country":"Philippines","type":"import","status":"operating","capacity_mtpa":5.3,"owner":"FGEN LNG [100%]"}},{"type":"Feature","geometry":{"type":"Point","coordinates":[120.99401,13.726365]},"properties":{"name":"Filipinas LNG Gateway Project FSRU","country":"Philippines","type":"import","status":"construction","capacity_mtpa":4.4,"owner":"Luzon LNG Terminal Inc [100%]"}},{"type":"Feature","geometry":{"type":"Point","coordinates":[4.90102,43.41963]},"properties":{"name":"Fos Cavaou LNG Terminal","country":"France","type":"import","status":"operating","capacity_mtpa":8.0,"owner":"Fosmax LNG SAS [100%]"}},{"type":"Feature","geometry":{"type":"Point","coordinates":[4.90102,43.41963]},"properties":{"name":"Fos Cavaou LNG Terminal","country":"France","type":"import","status":"operating","capacity_mtpa":null,"owner":"Fosmax LNG SAS [100%]"}},{"type":"Feature","geometry":{"type":"Point","coordinates":[4.90102,43.41963]},"properties":{"name":"Fos Cavaou LNG Terminal","country":"France","type":"import","status":"construction","capacity_mtpa":2.0,"owner":"Fosmax LNG SAS [100%]"}},{"type":"Feature","geometry":{"type":"Point","coordinates":[4.85167,43.454]},"properties":{"name":"Fos Tonkin LNG Terminal","country":"France","type":"import","status":"operating","capacity_mtpa":1.2,"owner":"Elengy [100%]"}},{"type":"Feature","geometry":{"type":"Point","coordinates":[10.9595717,59.1875329]},"properties":{"name":"Fredrikstad LNG Terminal","country":"Norway","type":"import","status":"operating","capacity_mtpa":0.1,"owner":"Gasum [100%]"}},{"type":"Feature","geometry":{"type":"Point","coordinates":[-95.317355,28.932003]},"properties":{"name":"Freeport LNG Terminal","country":"United States","type":"export","status":"operating","capacity_mtpa":1.5,"owner":"Freeport LNG Development LP [100%]"}},{"type":"Feature","geometry":{"type":"Point","coordinates":[-95.317355,28.932003]},"properties":{"name":"Freeport LNG Terminal","country":"United States","type":"import","status":"operating","capacity_mtpa":13.2,"owner":"Freeport LNG Development LP [100%]"}},{"type":"Feature","geometry":{"type":"Point","coordinates":[-95.317355,28.932003]},"properties":{"name":"Freeport LNG Terminal","country":"United States","type":"export","status":"operating","capacity_mtpa":5.0,"owner":"Freeport LNG [100%]"}},{"type":"Feature","geometry":{"type":"Point","coordinates":[-95.317355,28.932003]},"properties":{"name":"Freeport LNG Terminal","country":"United States","type":"export","status":"operating","capacity_mtpa":5.0,"owner":"Freeport LNG Development LP [100%]"}},{"type":"Feature","geometry":{"type":"Point","coordinates":[-95.317355,28.932003]},"properties":{"name":"Freeport LNG Terminal","country":"United States","type":"export","status":"operating","capacity_mtpa":5.0,"owner":"Freeport LNG Development LP [100%]"}},{"type":"Feature","geometry":{"type":"Point","coordinates":[118.9983,25.2135]},"properties":{"name":"Fujian LNG Terminal","country":"China","type":"import","status":"operating","capacity_mtpa":2.6,"owner":"CNOOC -FUJIAN LNG Co Ltd [100%]"}},{"type":"Feature","geometry":{"type":"Point","coordinates":[118.9983,25.2135]},"properties":{"name":"Fujian LNG Terminal","country":"China","type":"import","status":"operating","capacity_mtpa":3.7,"owner":"CNOOC -FUJIAN LNG Co Ltd [100%]"}},{"type":"Feature","geometry":{"type":"Point","coordinates":[130.4074,33.617457]},"properties":{"name":"Fukuoka LNG Terminal","country":"Japan","type":"import","status":"operating","capacity_mtpa":0.65,"owner":"Saibu Gas Co Ltd [100%]"}},{"type":"Feature","geometry":{"type":"Point","coordinates":[119.5897406,25.3425952]},"properties":{"name":"Fuqing LNG Terminal","country":"China","type":"import","status":"construction","capacity_mtpa":3.0,"owner":"PetroChina Kunlun Gas Co Ltd Fujian Branch [100%]"}},{"type":"Feature","geometry":{"type":"Point","coordinates":[139.8213313,35.3451724]},"properties":{"name":"Futtsu LNG Terminal","country":"Japan","type":"import","status":"operating","capacity_mtpa":22.9,"owner":"JERA Co Inc [100%]"}},{"type":"Feature","geometry":{"type":"Point","coordinates":[119.296956,35.027561]},"properties":{"name":"Ganyu LNG Terminal","country":"China","type":"import","status":"construction","capacity_mtpa":3.0,"owner":"Jiangsu Huadian Ganyu LNG Co Ltd [100%]"}},{"type":"Feature","geometry":{"type":"Point","coordinates":[67.288333,24.7749916]},"properties":{"name":"GasPort FSRU","country":"Pakistan","type":"import","status":"operating","capacity_mtpa":5.0,"owner":"Pakistan GasPort Consortium Ltd [100%]"}},{"type":"Feature","geometry":{"type":"Point","coordinates":[4.068889,51.971111]},"properties":{"name":"Gate LNG Terminal","country":"Netherlands","type":"import","status":"operating","capacity_mtpa":11.76,"owner":"Gate Terminal BV"}},{"type":"Feature","geometry":{"type":"Point","coordinates":[4.068889,51.971111]},"properties":{"name":"Gate LNG Terminal","country":"Netherlands","type":"import","status":"construction","capacity_mtpa":2.94,"owner":"Gate Terminal BV"}},{"type":"Feature","geometry":{"type":"Point","coordinates":[-5.36506678781487,36.149058170125585]},"properties":{"name":"Gibraltar LNG Terminal","country":"Gibraltar","type":"import","status":"operating","capacity_mtpa":0.1,"owner":"Government of Gibraltar [49%]; Shell PLC [51%]"}},{"type":"Feature","geometry":{"type":"Point","coordinates":[151.2103,-23.776]},"properties":{"name":"Gladstone LNG Terminal","country":"Australia","type":"export","status":"operating","capacity_mtpa":3.9,"owner":"Petroliam Nasional Bhd [27%]; KOGAS Canada Ltd [15%]; Santos [30%]; TotalEnergies SE [27%]"}},{"type":"Feature","geometry":{"type":"Point","coordinates":[151.2103,-23.776]},"properties":{"name":"Gladstone LNG Terminal","country":"Australia","type":"export","status":"operating","capacity_mtpa":3.9,"owner":"Petroliam Nasional Bhd [27%]; KOGAS Canada Ltd [15%]; Santos [30%]; TotalEnergies SE [27%]"}},{"type":"Feature","geometry":{"type":"Point","coordinates":[-93.919418,29.761394]},"properties":{"name":"Golden Pass LNG Terminal","country":"United States","type":"import","status":"mothballed","capacity_mtpa":15.7,"owner":"Exxon Mobil Corp [30%]; QatarEnergy [70%]"}},{"type":"Feature","geometry":{"type":"Point","coordinates":[-93.919418,29.761394]},"properties":{"name":"Golden Pass LNG Terminal","country":"United States","type":"export","status":"construction","capacity_mtpa":5.2,"owner":"Golden Pass LNG Terminal LLC [100%]"}},{"type":"Feature","geometry":{"type":"Point","coordinates":[-93.919418,29.761394]},"properties":{"name":"Golden Pass LNG Terminal","country":"United States","type":"export","status":"construction","capacity_mtpa":5.2,"owner":"Golden Pass LNG Terminal LLC [100%]"}},{"type":"Feature","geometry":{"type":"Point","coordinates":[-93.919418,29.761394]},"properties":{"name":"Golden Pass LNG Terminal","country":"United States","type":"export","status":"construction","capacity_mtpa":5.2,"owner":"Golden Pass LNG Terminal LLC [100%]"}},{"type":"Feature","geometry":{"type":"Point","coordinates":[115.44965,-20.79]},"properties":{"name":"Gorgon LNG Terminal","country":"Australia","type":"export","status":"operating","capacity_mtpa":5.2,"owner":"Exxon Mobil Corp [25%]; MidOcean Energy LLC [1%]; Osaka Gas Co Ltd [1%]; Shell Australia Pty Ltd [25%]; JERA Australia [0%]; Chevron Australia Pty Ltd [47%]"}},{"type":"Feature","geometry":{"type":"Point","coordinates":[115.44965,-20.79]},"properties":{"name":"Gorgon LNG Terminal","country":"Australia","type":"export","status":"operating","capacity_mtpa":5.2,"owner":"Exxon Mobil Corp [25%]; MidOcean Energy LLC [1%]; Osaka Gas Co Ltd [1%]; Shell Australia Pty Ltd [25%]; JERA Australia [0%]; Chevron Australia Pty Ltd [47%]"}},{"type":"Feature","geometry":{"type":"Point","coordinates":[115.44965,-20.79]},"properties":{"name":"Gorgon LNG Terminal","country":"Australia","type":"export","status":"operating","capacity_mtpa":5.2,"owner":"Exxon Mobil Corp [25%]; MidOcean Energy LLC [1%]; Osaka Gas Co Ltd [1%]; Shell Australia Pty Ltd [25%]; JERA Australia [0%]; Chevron Australia Pty Ltd [47%]"}},{"type":"Feature","geometry":{"type":"Point","coordinates":[0.67987,51.45107]},"properties":{"name":"Grain LNG Terminal","country":"United Kingdom","type":"import","status":"operating","capacity_mtpa":14.3,"owner":"Energy Capital Partners Management LP [50%]; Centrica PLC [50%]"}},{"type":"Feature","geometry":{"type":"Point","coordinates":[0.67987,51.45107]},"properties":{"name":"Grain LNG Terminal","country":"United Kingdom","type":"import","status":"construction","capacity_mtpa":8.7,"owner":"Energy Capital Partners Management LP [50%]; Centrica PLC [50%]"}},{"type":"Feature","geometry":{"type":"Point","coordinates":[-17.745783,16.355626]},"properties":{"name":"Greater Tortue Ahmeyim FLNG Terminal","country":"Mauritania","type":"export","status":"operating","capacity_mtpa":2.4,"owner":"Petrosen [10%]; BP PLC [56%]; SMH [7%]; Kosmos Energy [26%]"}},{"type":"Feature","geometry":{"type":"Point","coordinates":[-43.155556,-22.790278]},"properties":{"name":"Guanabara Bay FSRU","country":"Brazil","type":"import","status":"operating","capacity_mtpa":10.95,"owner":"Petróleo Brasileiro SA [100%]"}},{"type":"Feature","geometry":{"type":"Point","coordinates":[114.4345,22.5796]},"properties":{"name":"Guangdong Dapeng LNG Terminal","country":"China","type":"import","status":"operating","capacity_mtpa":7.7,"owner":"GUANG DONG DAPENG LNG Co Ltd [100%]"}},{"type":"Feature","geometry":{"type":"Point","coordinates":[109.531699,21.448966]},"properties":{"name":"Guangxi LNG Terminal","country":"China","type":"import","status":"operating","capacity_mtpa":3.0,"owner":"National Pipe Network Group Beihai LNG Co Ltd [100%]"}},{"type":"Feature","geometry":{"type":"Point","coordinates":[109.531699,21.448966]},"properties":{"name":"Guangxi LNG Terminal","country":"China","type":"import","status":"operating","capacity_mtpa":3.0,"owner":"National Pipe Network Group Beihai LNG Co Ltd [100%]"}},{"type":"Feature","geometry":{"type":"Point","coordinates":[109.5253685,21.4506298]},"properties":{"name":"Guangxi LNG Terminal","country":"China","type":"import","status":"construction","capacity_mtpa":6.0,"owner":"Guangxi Gas Group Co Ltd [100%]"}},{"type":"Feature","geometry":{"type":"Point","coordinates":[113.5601836,22.8396933]},"properties":{"name":"Guangzhou Nansha LNG Terminal","country":"China","type":"import","status":"operating","capacity_mtpa":1.0,"owner":"Guangdong (Panyu) Petrochemical Storage & Transportation Ltd [100%]"}},{"type":"Feature","geometry":{"type":"Point","coordinates":[-88.503663,30.322382]},"properties":{"name":"Gulf LNG Terminal","country":"United States","type":"import","status":"operating","capacity_mtpa":8.8,"owner":"Gulf LNG Liquefaction Co LLC [100%]"}},{"type":"Feature","geometry":{"type":"Point","coordinates":[26.657427,40.636702]},"properties":{"name":"Gulf of Saros FSRU","country":"Türkiye","type":"import","status":"operating","capacity_mtpa":5.0,"owner":"BOTAŞ AŞ [100%]"}},{"type":"Feature","geometry":{"type":"Point","coordinates":[127.778499,34.892641]},"properties":{"name":"Gwangyang 2 LNG Terminal","country":"South Korea","type":"import","status":"construction","capacity_mtpa":2.1,"owner":"Posco International"}},{"type":"Feature","geometry":{"type":"Point","coordinates":[127.7815,34.889]},"properties":{"name":"Gwangyang LNG Terminal","country":"South Korea","type":"import","status":"operating","capacity_mtpa":7.1,"owner":"POSCO International Corp [100%]"}},{"type":"Feature","geometry":{"type":"Point","coordinates":[141.5245369,40.5432392]},"properties":{"name":"Hachinohe LNG Terminal","country":"Japan","type":"import","status":"operating","capacity_mtpa":1.5,"owner":"JXTG Holdings [100%]"}},{"type":"Feature","geometry":{"type":"Point","coordinates":[34.916667,32.45]},"properties":{"name":"Hadera FSRU Terminal","country":"Israel","type":"import","status":"idled","capacity_mtpa":3.8,"owner":"Israel Natural Gas Lines Ltd [100%]"}},{"type":"Feature","geometry":{"type":"Point","coordinates":[109.180655,19.722623]},"properties":{"name":"Hainan LNG Terminal","country":"China","type":"import","status":"operating","capacity_mtpa":3.0,"owner":"CNOOC Hainan Gas Co Ltd [100%]"}},{"type":"Feature","geometry":{"type":"Point","coordinates":[109.180655,19.722623]},"properties":{"name":"Hainan LNG Terminal","country":"China","type":"import","status":"construction","capacity_mtpa":3.0,"owner":"CNOOC Hainan Gas Co Ltd [100%]"}},{"type":"Feature","geometry":{"type":"Point","coordinates":[110.057687,19.977562]},"properties":{"name":"Hainan Shennan LNG Storage Facility","country":"China","type":"import","status":"operating","capacity_mtpa":0.27,"owner":"Hainan Shennan Energy Co Ltd [100%]"}},{"type":"Feature","geometry":{"type":"Point","coordinates":[106.684464,20.831692]},"properties":{"name":"Haiphong FSRU","country":"Vietnam","type":"import","status":"construction","capacity_mtpa":null,"owner":"VinEnergo JSC; Vingroup JSC"}},{"type":"Feature","geometry":{"type":"Point","coordinates":[140.71292,41.8072]},"properties":{"name":"Hakodate LNG Terminal","country":"Japan","type":"import","status":"operating","capacity_mtpa":0.2,"owner":"Hokkaido Gas Co Ltd [100%]"}},{"type":"Feature","geometry":{"type":"Point","coordinates":[27.1608198,60.5183139]},"properties":{"name":"Hamina LNG Terminal","country":"Finland","type":"import","status":"operating","capacity_mtpa":0.17,"owner":"Wärtsilä Oyj; Hamina Energy; Alexela AS"}},{"type":"Feature","geometry":{"type":"Point","coordinates":[23.59,70.6854]},"properties":{"name":"Hammerfest LNG Snohvit Terminal","country":"Norway","type":"export","status":"operating","capacity_mtpa":4.2,"owner":"Wintershall DEA [2%]; Equinor ASA [36%]; Eni Energy Group Ltd [12%]; Petoro AS [30%]; TotalEnergies SE [18%]"}},{"type":"Feature","geometry":{"type":"Point","coordinates":[132.339621,34.3405327]},"properties":{"name":"Hatsukaichi LNG Terminal","country":"Japan","type":"import","status":"operating","capacity_mtpa":0.9,"owner":"Hiroshima Gas [100%]"}},{"type":"Feature","geometry":{"type":"Point","coordinates":[72.624,21.098]},"properties":{"name":"Hazira LNG Terminal","country":"India","type":"import","status":"operating","capacity_mtpa":5.2,"owner":"Shell Energy India Pvt Ltd [100%]"}},{"type":"Feature","geometry":{"type":"Point","coordinates":[130.778885,33.9305]},"properties":{"name":"Hibiki LNG Terminal","country":"Japan","type":"import","status":"operating","capacity_mtpa":2.4,"owner":"Saibu Gas Co Ltd [90%]; Kyushu Electric Power  [10%]"}},{"type":"Feature","geometry":{"type":"Point","coordinates":[130.778885,33.9305]},"properties":{"name":"Hibiki LNG Terminal","country":"Japan","type":"import","status":"construction","capacity_mtpa":null,"owner":"Saibu Gas Co Ltd [90%]; Kyushu Electric Power  [10%]"}},{"type":"Feature","geometry":{"type":"Point","coordinates":[139.2373,37.99625]},"properties":{"name":"Higashi Niigata LNG Terminal","country":"Japan","type":"import","status":"operating","capacity_mtpa":8.9,"owner":"Tohoku Electric Power Co Inc [41%]; Nihonkai LNG [58%]"}},{"type":"Feature","geometry":{"type":"Point","coordinates":[139.745,35.4954]},"properties":{"name":"Higashi Ohgishima LNG Terminal","country":"Japan","type":"import","status":"operating","capacity_mtpa":13.2,"owner":"JERA Co Inc [100%]"}},{"type":"Feature","geometry":{"type":"Point","coordinates":[8.554238,39.863873]},"properties":{"name":"HIGAS LNG Terminal","country":"Italy","type":"import","status":"operating","capacity_mtpa":0.2,"owner":"HIGAS [100%]"}},{"type":"Feature","geometry":{"type":"Point","coordinates":[134.683333,34.816667]},"properties":{"name":"Himeji Joint LNG Terminal","country":"Japan","type":"import","status":"operating","capacity_mtpa":8.1,"owner":"Kansai Electric Power [100%]"}},{"type":"Feature","geometry":{"type":"Point","coordinates":[134.683333,34.816667]},"properties":{"name":"Himeji LNG Terminal","country":"Japan","type":"import","status":"operating","capacity_mtpa":5.5,"owner":"Osaka Gas Co Ltd [100%]"}},{"type":"Feature","geometry":{"type":"Point","coordinates":[140.618882,36.4842787]},"properties":{"name":"Hitachi LNG Terminal","country":"Japan","type":"import","status":"operating","capacity_mtpa":3.2,"owner":"Tokyo Gas Co Ltd [100%]"}},{"type":"Feature","geometry":{"type":"Point","coordinates":[140.618882,36.4842787]},"properties":{"name":"Hitachi LNG Terminal","country":"Japan","type":"import","status":"operating","capacity_mtpa":3.2,"owner":"Tokyo Gas Co Ltd [100%]"}},{"type":"Feature","geometry":{"type":"Point","coordinates":[113.9637415,22.1542687]},"properties":{"name":"Hong Kong FSRU","country":"Hong Kong","type":"import","status":"operating","capacity_mtpa":6.1,"owner":"Hong Kong LNG Terminal Co Ltd [100%]"}},{"type":"Feature","geometry":{"type":"Point","coordinates":[113.556552,22.953596]},"properties":{"name":"Hongmei LNG Terminal","country":"China","type":"import","status":"operating","capacity_mtpa":1.5,"owner":"JOVO LNG Storage and Transportation Co.,ltd.dongguan [100%]"}},{"type":"Feature","geometry":{"type":"Point","coordinates":[-6.911,37.17355]},"properties":{"name":"Huelva LNG Terminal","country":"Spain","type":"import","status":"operating","capacity_mtpa":8.7,"owner":"Enagás SA [100%]"}},{"type":"Feature","geometry":{"type":"Point","coordinates":[114.742272,22.611927]},"properties":{"name":"Huizhou LNG Terminal","country":"China","type":"import","status":"operating","capacity_mtpa":4.0,"owner":"Guangdong Huizhou LNG Co Ltd [100%]"}},{"type":"Feature","geometry":{"type":"Point","coordinates":[122.7873,-14.0555]},"properties":{"name":"Ichthys FLNG Terminal","country":"Australia","type":"export","status":"operating","capacity_mtpa":4.65,"owner":"Ichthys LNG Pty Ltd [100%]"}},{"type":"Feature","geometry":{"type":"Point","coordinates":[122.7873,-14.0555]},"properties":{"name":"Ichthys FLNG Terminal","country":"Australia","type":"export","status":"operating","capacity_mtpa":4.65,"owner":"Ichthys LNG Pty Ltd [100%]"}},{"type":"Feature","geometry":{"type":"Point","coordinates":[126.602,37.35124]},"properties":{"name":"Incheon LNG Terminal","country":"South Korea","type":"import","status":"operating","capacity_mtpa":54.5,"owner":"KOGAS Canada Ltd [100%]"}},{"type":"Feature","geometry":{"type":"Point","coordinates":[23.91506,60.013697]},"properties":{"name":"Inkoo FSRU","country":"Finland","type":"import","status":"operating","capacity_mtpa":3.67,"owner":"Gasum Oy [100%]"}},{"type":"Feature","geometry":{"type":"Point","coordinates":[52.6075,27.476111]},"properties":{"name":"Iran NIOC LNG Terminal","country":"Iran","type":"export","status":"construction","capacity_mtpa":5.4,"owner":"Saving, Welfare, & Pension Funds of Iran Petroleum Industry [50%]; Iran Petroleum Industry Pension Fund [1%]; National Iranian Oil Co [49%]"}},{"type":"Feature","geometry":{"type":"Point","coordinates":[52.6075,27.476111]},"properties":{"name":"Iran NIOC LNG Terminal","country":"Iran","type":"export","status":"construction","capacity_mtpa":5.4,"owner":"Iran Petroleum Industry Pension Fund [1%]; Saving, Welfare, & Pension Funds of Iran Petroleum Industry [50%]; National Iranian Oil Co [49%]"}},{"type":"Feature","geometry":{"type":"Point","coordinates":[52.6075,27.476111]},"properties":{"name":"Iran NIOC LNG Terminal","country":"Iran","type":"export","status":"construction","capacity_mtpa":1.5,"owner":"unknown"}},{"type":"Feature","geometry":{"type":"Point","coordinates":[141.293247,43.20997]},"properties":{"name":"Ishikari LNG Terminal","country":"Japan","type":"import","status":"operating","capacity_mtpa":4.6,"owner":"Hokkaido Gas Co Ltd [100%]"}},{"type":"Feature","geometry":{"type":"Point","coordinates":[26.9141109,38.8224549]},"properties":{"name":"Izmir Aliaga LNG Terminal","country":"Türkiye","type":"import","status":"operating","capacity_mtpa":10.7,"owner":"EgeGaz AS [100%]"}},{"type":"Feature","geometry":{"type":"Point","coordinates":[71.3667,20.8667]},"properties":{"name":"Jafrabad FSRU","country":"India","type":"import","status":"construction","capacity_mtpa":5.0,"owner":"Gujarat Maritime Board [15%]; Swan Energy Ltd [32%]; Mitsui Group [11%]; Gujarat State Petronet [11%]; Indian Farmers Fertilizer Cooperative [30%]"}},{"type":"Feature","geometry":{"type":"Point","coordinates":[73.2061395,17.3040113]},"properties":{"name":"Jaigarh LNG Terminal","country":"India","type":"import","status":"construction","capacity_mtpa":6.0,"owner":"AGP City Gas Pvt Ltd"}},{"type":"Feature","geometry":{"type":"Point","coordinates":[107.740021,-6.163656]},"properties":{"name":"Jawa Satu FSRU","country":"Indonesia","type":"import","status":"operating","capacity_mtpa":2.4,"owner":"Jawa Satu Regas [100%]"}},{"type":"Feature","geometry":{"type":"Point","coordinates":[55.0667,25.03103]},"properties":{"name":"Jebel Ali FLNG Terminal","country":"United Arab Emirates","type":"import","status":"operating","capacity_mtpa":6.0,"owner":"DUSUP [100%]"}},{"type":"Feature","geometry":{"type":"Point","coordinates":[126.3233004,33.470118]},"properties":{"name":"Jeju Aewol LNG Terminal","country":"South Korea","type":"import","status":"operating","capacity_mtpa":1.1,"owner":"Korea Gas Corp [100%]"}},{"type":"Feature","geometry":{"type":"Point","coordinates":[120.007213,31.949128]},"properties":{"name":"Jiangyin LNG Terminal (Garson Gas)","country":"China","type":"import","status":"construction","capacity_mtpa":1.0,"owner":"Jiangsu Jiasheng Investment Co Ltd [100%]"}},{"type":"Feature","geometry":{"type":"Point","coordinates":[116.371427,22.934479]},"properties":{"name":"Jieyang LNG Terminal (PipeChina)","country":"China","type":"import","status":"operating","capacity_mtpa":5.04,"owner":"Pipechina Yuedong LNG Co Ltd [100%]"}},{"type":"Feature","geometry":{"type":"Point","coordinates":[138.276978,37.20902]},"properties":{"name":"Joetsu LNG Terminal","country":"Japan","type":"import","status":"operating","capacity_mtpa":3.2,"owner":"JERA Co Inc [100%]"}},{"type":"Feature","geometry":{"type":"Point","coordinates":[130.529533,31.485155]},"properties":{"name":"Kagoshima LNG Terminal","country":"Japan","type":"import","status":"operating","capacity_mtpa":0.2,"owner":"Nippon Gas Co Ltd [100%]"}},{"type":"Feature","geometry":{"type":"Point","coordinates":[-17.4323,14.6893]},"properties":{"name":"Karmol Dakar FSRU","country":"Senegal","type":"import","status":"construction","capacity_mtpa":2.5,"owner":"KARMOL [100%]"}},{"type":"Feature","geometry":{"type":"Point","coordinates":[136.697007,35.01]},"properties":{"name":"Kawagoe LNG Terminal","country":"Japan","type":"import","status":"operating","capacity_mtpa":8.7,"owner":"JERA Co Inc [100%]"}},{"type":"Feature","geometry":{"type":"Point","coordinates":[-151.38834,60.679484]},"properties":{"name":"Kenai LNG Terminal","country":"United States","type":"export","status":"mothballed","capacity_mtpa":1.5,"owner":"Harvest Alaska LLC [100%]"}},{"type":"Feature","geometry":{"type":"Point","coordinates":[52.7719129,40.1673615]},"properties":{"name":"Kiyanly LNG Terminal","country":"Turkmenistan","type":"export","status":"operating","capacity_mtpa":0.2,"owner":"Pars Energy [100%]"}},{"type":"Feature","geometry":{"type":"Point","coordinates":[21.13762,55.66451]},"properties":{"name":"Klaipeda FSRU","country":"Lithuania","type":"import","status":"operating","capacity_mtpa":2.9,"owner":"KN Energies AB [100%]"}},{"type":"Feature","geometry":{"type":"Point","coordinates":[21.101124507524457,55.724078010367755]},"properties":{"name":"Klaipeda Small-Scale LNG Terminal","country":"Lithuania","type":null,"status":"operating","capacity_mtpa":null,"owner":"KN Energies AB"}},{"type":"Feature","geometry":{"type":"Point","coordinates":[76.2261,9.9787]},"properties":{"name":"Kochi LNG Terminal","country":"India","type":"import","status":"operating","capacity_mtpa":5.0,"owner":"Petronet LNG [100%]"}},{"type":"Feature","geometry":{"type":"Point","coordinates":[126.3788396,37.000213]},"properties":{"name":"KOGAS Dangjin LNG Terminal","country":"South Korea","type":"import","status":"construction","capacity_mtpa":6.0,"owner":"KOGAS Canada Ltd [100%]"}},{"type":"Feature","geometry":{"type":"Point","coordinates":[4.8333,60.55]},"properties":{"name":"Kollsnes LNG Terminal","country":"Norway","type":"export","status":"operating","capacity_mtpa":0.04,"owner":"TotalEnergies SE; Molgas; Equinor ASA"}},{"type":"Feature","geometry":{"type":"Point","coordinates":[4.8333,60.55]},"properties":{"name":"Kollsnes LNG Terminal","country":"Norway","type":"export","status":"operating","capacity_mtpa":0.08,"owner":"TotalEnergies SE; Molgas; Equinor ASA"}},{"type":"Feature","geometry":{"type":"Point","coordinates":[14.5338466,45.2005056]},"properties":{"name":"Krk FSRU","country":"Croatia","type":"import","status":"operating","capacity_mtpa":1.91,"owner":"HEP Grupa [85%]; Plinacro doo [15%]"}},{"type":"Feature","geometry":{"type":"Point","coordinates":[14.5338466,45.2005056]},"properties":{"name":"Krk FSRU","country":"Croatia","type":"import","status":"operating","capacity_mtpa":0.22,"owner":"HEP Grupa [85%]; Plinacro doo [15%]"}},{"type":"Feature","geometry":{"type":"Point","coordinates":[14.5338466,45.2005056]},"properties":{"name":"Krk FSRU","country":"Croatia","type":"import","status":"construction","capacity_mtpa":2.35,"owner":"LNG Croatia LLC"}},{"type":"Feature","geometry":{"type":"Point","coordinates":[144.345032,42.997851]},"properties":{"name":"Kushiro LNG Terminal","country":"Japan","type":"import","status":"operating","capacity_mtpa":0.5,"owner":"JXTG Holdings [100%]"}},{"type":"Feature","geometry":{"type":"Point","coordinates":[-93.287833,30.120416]},"properties":{"name":"Lake Charles LNG Terminal","country":"United States","type":"import","status":"mothballed","capacity_mtpa":17.9,"owner":"Lake Charles LNG Company LLC [100%]"}},{"type":"Feature","geometry":{"type":"Point","coordinates":[105.94,-5.45]},"properties":{"name":"Lampung FSRU","country":"Indonesia","type":"import","status":"operating","capacity_mtpa":2.7,"owner":"PT Pertamina (Persero) [100%]"}},{"type":"Feature","geometry":{"type":"Point","coordinates":[0.19006200684292993,49.46507205185528]},"properties":{"name":"Le Havre FSRU","country":"France","type":"import","status":"operating","capacity_mtpa":3.67,"owner":"TotalEnergies SE [100%]"}},{"type":"Feature","geometry":{"type":"Point","coordinates":[122.0804155,29.7083694]},"properties":{"name":"Liuheng LNG Terminal (Sinopec)","country":"China","type":"import","status":"construction","capacity_mtpa":7.18,"owner":"Sinopec Zhoushan LNG Co Ltd [100%]"}},{"type":"Feature","geometry":{"type":"Point","coordinates":[122.0687615,29.7123128]},"properties":{"name":"Liuheng LNG Terminal (Zhejiang Energy)","country":"China","type":"import","status":"construction","capacity_mtpa":6.35,"owner":"Zhejiang Zheneng Liuheng LNG Co Ltd [100%]"}},{"type":"Feature","geometry":{"type":"Point","coordinates":[-128.7515172,53.9245114]},"properties":{"name":"LNG Canada Terminal","country":"Canada","type":"export","status":"operating","capacity_mtpa":14.0,"owner":"LNG Canada Development Inc [100%]"}},{"type":"Feature","geometry":{"type":"Point","coordinates":[120.220284,37.680774]},"properties":{"name":"Longkou Nanshan LNG Terminal","country":"China","type":"import","status":"construction","capacity_mtpa":6.45,"owner":"National Pipe Network Group Nanshan (Shandong) Natural Gas Co Ltd [100%]"}},{"type":"Feature","geometry":{"type":"Point","coordinates":[11.452119,58.274285]},"properties":{"name":"Lysekil LNG Terminal","country":"Sweden","type":"import","status":"operating","capacity_mtpa":0.2,"owner":"Gasum Oy [100%]"}},{"type":"Feature","geometry":{"type":"Point","coordinates":[113.087,3.2903]},"properties":{"name":"Malaysia LNG Terminal Train 9","country":"Malaysia","type":"export","status":"operating","capacity_mtpa":3.6,"owner":"ENEOS Corp [10%]; State of Sarawak [10%]; Petroliam Nasional Bhd [70%]; PTT PCL [10%]"}},{"type":"Feature","geometry":{"type":"Point","coordinates":[-71.73636147,19.699116]},"properties":{"name":"Manzanillo (Dominican Republic) LNG Terminal","country":"Dominican Republic","type":"import","status":"construction","capacity_mtpa":1.0,"owner":"Manzanillo Gas & Power [100%]"}},{"type":"Feature","geometry":{"type":"Point","coordinates":[-104.262007,19.009915]},"properties":{"name":"Manzanillo (Mexico) LNG Terminal","country":"Mexico","type":"import","status":"operating","capacity_mtpa":3.8,"owner":"Samsung [37%]; Mitsui Group [37%]; KOGAS Canada Ltd [25%]"}},{"type":"Feature","geometry":{"type":"Point","coordinates":[101.159533,12.651686]},"properties":{"name":"Map Ta Phut LNG Terminal 1","country":"Thailand","type":"import","status":"operating","capacity_mtpa":10.0,"owner":"PTT LNG Co Ltd [100%]"}},{"type":"Feature","geometry":{"type":"Point","coordinates":[101.159533,12.651686]},"properties":{"name":"Map Ta Phut LNG Terminal 1","country":"Thailand","type":"import","status":"operating","capacity_mtpa":1.5,"owner":"PTT LNG Co Ltd [100%]"}},{"type":"Feature","geometry":{"type":"Point","coordinates":[101.1178382,12.6791481]},"properties":{"name":"Map Ta Phut LNG Terminal 2","country":"Thailand","type":"import","status":"operating","capacity_mtpa":7.5,"owner":"PE LNG Co Ltd [100%]"}},{"type":"Feature","geometry":{"type":"Point","coordinates":[27.9860703,40.9920172]},"properties":{"name":"Marmara LNG Terminal","country":"Türkiye","type":"import","status":"operating","capacity_mtpa":4.6,"owner":"BOTAŞ AŞ [100%]"}},{"type":"Feature","geometry":{"type":"Point","coordinates":[19.5935,30.40675]},"properties":{"name":"Marsa El Brega LNG Terminal","country":"Libya","type":"export","status":"mothballed","capacity_mtpa":0.8,"owner":"Sirte Oil Co [100%]"}},{"type":"Feature","geometry":{"type":"Point","coordinates":[19.5935,30.40675]},"properties":{"name":"Marsa El Brega LNG Terminal","country":"Libya","type":"export","status":"mothballed","capacity_mtpa":0.8,"owner":"Sirte Oil Co [100%]"}},{"type":"Feature","geometry":{"type":"Point","coordinates":[19.5935,30.40675]},"properties":{"name":"Marsa El Brega LNG Terminal","country":"Libya","type":"export","status":"mothballed","capacity_mtpa":0.8,"owner":"Sirte Oil Co [100%]"}},{"type":"Feature","geometry":{"type":"Point","coordinates":[19.5935,30.40675]},"properties":{"name":"Marsa El Brega LNG Terminal","country":"Libya","type":"export","status":"mothballed","capacity_mtpa":0.8,"owner":"Sirte Oil Co [100%]"}},{"type":"Feature","geometry":{"type":"Point","coordinates":[20.3220541,55.0259824]},"properties":{"name":"Marshal Vasilevskiy FSRU","country":"Russia","type":null,"status":"idled","capacity_mtpa":3.76,"owner":"Gazprom Flot LLC [100%]"}},{"type":"Feature","geometry":{"type":"Point","coordinates":[96.218176,16.788223]},"properties":{"name":"MCV LNG Terminal","country":"Myanmar","type":"import","status":"mothballed","capacity_mtpa":0.4,"owner":"CNTIC VPower [56%]; Myanmar Business Consultant Group Ltd [44%]"}},{"type":"Feature","geometry":{"type":"Point","coordinates":[-70.366058,-23.058828]},"properties":{"name":"Mejillones LNG Terminal","country":"Chile","type":"import","status":"operating","capacity_mtpa":1.5,"owner":"Ameris Capital [37%]; ENGIE SA [63%]"}},{"type":"Feature","geometry":{"type":"Point","coordinates":[102.1234396,2.2444375]},"properties":{"name":"Melaka FSRU","country":"Malaysia","type":"import","status":"operating","capacity_mtpa":3.8,"owner":"Petroliam Nasional Bhd [100%]"}},{"type":"Feature","geometry":{"type":"Point","coordinates":[48.1609009,29.0713773]},"properties":{"name":"Mina Al-Ahmadi LNG Terminal","country":"Kuwait","type":"import","status":"idled","capacity_mtpa":3.8,"owner":"Kuwait National Petroleum Co [100%]"}},{"type":"Feature","geometry":{"type":"Point","coordinates":[48.1609009,29.0713773]},"properties":{"name":"Mina Al-Ahmadi LNG Terminal","country":"Kuwait","type":"import","status":"mothballed","capacity_mtpa":5.8,"owner":"Kuwait National Petroleum Co [100%]"}},{"type":"Feature","geometry":{"type":"Point","coordinates":[133.73324,34.49945]},"properties":{"name":"Mizushima LNG Terminal","country":"Japan","type":"import","status":"operating","capacity_mtpa":4.3,"owner":"JXTG Holdings [100%]"}},{"type":"Feature","geometry":{"type":"Point","coordinates":[91.825979,21.608081]},"properties":{"name":"Moheshkhali Floating LNG Terminal","country":"Bangladesh","type":"import","status":"operating","capacity_mtpa":4.5,"owner":"Bangladesh Oil, Gas and Mineral Corp [100%]"}},{"type":"Feature","geometry":{"type":"Point","coordinates":[-77.934847,18.463029]},"properties":{"name":"Montego Bay LNG Terminal","country":"Jamaica","type":"import","status":"operating","capacity_mtpa":0.5,"owner":"Excelerate Energy Inc [100%]"}},{"type":"Feature","geometry":{"type":"Point","coordinates":[-2.14278,47.30296]},"properties":{"name":"Montoir LNG Terminal","country":"France","type":"import","status":"operating","capacity_mtpa":8.0,"owner":"Elengy"}},{"type":"Feature","geometry":{"type":"Point","coordinates":[13.187084,65.836962]},"properties":{"name":"Mosjoen LNG Terminal","country":"Norway","type":"import","status":"operating","capacity_mtpa":0.4,"owner":"Gasnor AS [100%]"}},{"type":"Feature","geometry":{"type":"Point","coordinates":[-5.726805,57.271545]},"properties":{"name":"Mowi LNG Terminal","country":"United Kingdom","type":"import","status":"operating","capacity_mtpa":0.22,"owner":"Mowi [100%]"}},{"type":"Feature","geometry":{"type":"Point","coordinates":[-8.2395,43.4613]},"properties":{"name":"Mugardos LNG Terminal","country":"Spain","type":"import","status":"operating","capacity_mtpa":2.6,"owner":"Reganosa [100%]"}},{"type":"Feature","geometry":{"type":"Point","coordinates":[13.598351,54.478384]},"properties":{"name":"Mukran FSRU","country":"Germany","type":"import","status":"operating","capacity_mtpa":9.92,"owner":"Deutsche ReGas [100%]"}},{"type":"Feature","geometry":{"type":"Point","coordinates":[13.598351,54.478384]},"properties":{"name":"Mukran FSRU","country":"Germany","type":"import","status":"mothballed","capacity_mtpa":null,"owner":"Deutsche ReGas [100%]"}},{"type":"Feature","geometry":{"type":"Point","coordinates":[69.6668651,22.7374322]},"properties":{"name":"Mundra LNG Terminal","country":"India","type":"import","status":"operating","capacity_mtpa":5.0,"owner":"S.B. Adani Family Trust [5%]; Gujarat State Petronet [95%]"}},{"type":"Feature","geometry":{"type":"Point","coordinates":[129.806367,32.75898]},"properties":{"name":"Nagasaki LNG Terminal","country":"Japan","type":"import","status":"operating","capacity_mtpa":0.2,"owner":"Saibu Gas Co Ltd [100%]"}},{"type":"Feature","geometry":{"type":"Point","coordinates":[127.811727,26.275375]},"properties":{"name":"Nakagusuku LNG Terminal","country":"Japan","type":"import","status":"operating","capacity_mtpa":9.0,"owner":"Okinawa Electric Power Co Inc [100%]"}},{"type":"Feature","geometry":{"type":"Point","coordinates":[138.2770886,37.2053496]},"properties":{"name":"Naoetsu LNG Terminal","country":"Japan","type":"import","status":"operating","capacity_mtpa":2.1,"owner":"INPEX Corp [100%]"}},{"type":"Feature","geometry":{"type":"Point","coordinates":[139.6285,35.40423]},"properties":{"name":"Negishi LNG Terminal","country":"Japan","type":"import","status":"operating","capacity_mtpa":12.0,"owner":"JERA Co Inc; Tokyo Gas Co Ltd"}},{"type":"Feature","geometry":{"type":"Point","coordinates":[-70.665422,42.573468]},"properties":{"name":"Neptune LNG Terminal","country":"United States","type":"import","status":"mothballed","capacity_mtpa":null,"owner":"Höegh Evi; Mitsui O.S.K. Lines Ltd"}},{"type":"Feature","geometry":{"type":"Point","coordinates":[-97.68048,22.6543]},"properties":{"name":"New Fortress Altamira LNG Terminal","country":"Mexico","type":"export","status":"operating","capacity_mtpa":1.4,"owner":"New Fortress Energy Inc [100%]"}},{"type":"Feature","geometry":{"type":"Point","coordinates":[-97.89468,22.494775]},"properties":{"name":"New Fortress Altamira LNG Terminal","country":"Mexico","type":"export","status":"construction","capacity_mtpa":1.4,"owner":"New Fortress Energy Inc [100%]"}},{"type":"Feature","geometry":{"type":"Point","coordinates":[-48.754139,-1.539174]},"properties":{"name":"New Fortress Barcarena FSRU","country":"Brazil","type":"import","status":"operating","capacity_mtpa":6.0,"owner":"New Fortress Energy Inc [100%]"}},{"type":"Feature","geometry":{"type":"Point","coordinates":[7.16157,4.41836]},"properties":{"name":"Nigeria LNG Terminal","country":"Nigeria","type":"export","status":"operating","capacity_mtpa":3.3,"owner":"Nigeria LNG Ltd [100%]"}},{"type":"Feature","geometry":{"type":"Point","coordinates":[7.16157,4.41836]},"properties":{"name":"Nigeria LNG Terminal","country":"Nigeria","type":"export","status":"operating","capacity_mtpa":3.3,"owner":"Nigeria LNG Ltd [100%]"}},{"type":"Feature","geometry":{"type":"Point","coordinates":[7.16157,4.41836]},"properties":{"name":"Nigeria LNG Terminal","country":"Nigeria","type":"export","status":"operating","capacity_mtpa":3.3,"owner":"Nigeria LNG Ltd [100%]"}},{"type":"Feature","geometry":{"type":"Point","coordinates":[7.16157,4.41836]},"properties":{"name":"Nigeria LNG Terminal","country":"Nigeria","type":"export","status":"operating","capacity_mtpa":4.1,"owner":"Nigeria LNG Ltd [100%]"}},{"type":"Feature","geometry":{"type":"Point","coordinates":[7.16157,4.41836]},"properties":{"name":"Nigeria LNG Terminal","country":"Nigeria","type":"export","status":"operating","capacity_mtpa":4.1,"owner":"Nigeria LNG Ltd [100%]"}},{"type":"Feature","geometry":{"type":"Point","coordinates":[7.16157,4.41836]},"properties":{"name":"Nigeria LNG Terminal","country":"Nigeria","type":"export","status":"operating","capacity_mtpa":4.1,"owner":"Nigeria LNG Ltd [100%]"}},{"type":"Feature","geometry":{"type":"Point","coordinates":[7.16157,4.41836]},"properties":{"name":"Nigeria LNG Terminal","country":"Nigeria","type":"export","status":"construction","capacity_mtpa":4.2,"owner":"Nigeria LNG Ltd [100%]"}},{"type":"Feature","geometry":{"type":"Point","coordinates":[133.314241,33.984979]},"properties":{"name":"Niihama LNG Terminal","country":"Japan","type":"import","status":"operating","capacity_mtpa":1.0,"owner":"Niihama LNG Co Ltd [100%]"}},{"type":"Feature","geometry":{"type":"Point","coordinates":[127.712685,34.871552]},"properties":{"name":"Northeast Asia LNG Hub Terminal","country":"South Korea","type":"import","status":"construction","capacity_mtpa":3.0,"owner":"Northeast Asia LNG Hub Terminal Co Ltd [100%]"}},{"type":"Feature","geometry":{"type":"Point","coordinates":[-70.616774,42.398986]},"properties":{"name":"Northeast Gateway FSRU","country":"United States","type":"import","status":"idled","capacity_mtpa":3.0,"owner":"Northeast Gateway Energy Bridge LLC"}},{"type":"Feature","geometry":{"type":"Point","coordinates":[116.7767,-20.59424]},"properties":{"name":"North West Shelf LNG Terminal","country":"Australia","type":"export","status":"operating","capacity_mtpa":2.5,"owner":"Woodside Energy Group Ltd [16%]; BHP Group Ltd [16%]; Chevron Corp [16%]; BP PLC [16%]; Shell PLC [16%]; Japan Australia LNG Pty Ltd [16%]"}},{"type":"Feature","geometry":{"type":"Point","coordinates":[116.7767,-20.59424]},"properties":{"name":"North West Shelf LNG Terminal","country":"Australia","type":"export","status":"operating","capacity_mtpa":2.5,"owner":"Woodside Energy Group Ltd [16%]; BHP Group Ltd [16%]; Chevron Corp [16%]; BP PLC [16%]; Shell PLC [16%]; Japan Australia LNG Pty Ltd [16%]"}},{"type":"Feature","geometry":{"type":"Point","coordinates":[116.7767,-20.59424]},"properties":{"name":"North West Shelf LNG Terminal","country":"Australia","type":"export","status":"operating","capacity_mtpa":4.6,"owner":"Woodside Energy Group Ltd [16%]; BHP Group Ltd [16%]; Chevron Corp [16%]; BP PLC [16%]; Shell PLC [16%]; Japan Australia LNG Pty Ltd [16%]"}},{"type":"Feature","geometry":{"type":"Point","coordinates":[116.7767,-20.59424]},"properties":{"name":"North West Shelf LNG Terminal","country":"Australia","type":"export","status":"operating","capacity_mtpa":4.6,"owner":"Woodside Energy Group Ltd [16%]; BHP Group Ltd [16%]; Chevron Corp [16%]; BP PLC [16%]; Shell PLC [16%]; Japan Australia LNG Pty Ltd [16%]"}},{"type":"Feature","geometry":{"type":"Point","coordinates":[106.82,-5.992909]},"properties":{"name":"Nusantara Regas Satu Terminal","country":"Indonesia","type":"import","status":"operating","capacity_mtpa":3.0,"owner":"PT Nusantara Regas [100%]"}},{"type":"Feature","geometry":{"type":"Point","coordinates":[139.739692,35.493545]},"properties":{"name":"Ohgishima LNG Terminal","country":"Japan","type":"import","status":"operating","capacity_mtpa":10.2,"owner":"Tokyo Gas Co Ltd [100%]"}},{"type":"Feature","geometry":{"type":"Point","coordinates":[131.7077,33.2707]},"properties":{"name":"Oita LNG Terminal","country":"Japan","type":"import","status":"operating","capacity_mtpa":5.4,"owner":"Oita LNG [100%]"}},{"type":"Feature","geometry":{"type":"Point","coordinates":[-77.1163371,17.8446252]},"properties":{"name":"Old Harbour FSRU","country":"Jamaica","type":"import","status":"operating","capacity_mtpa":3.6,"owner":"Excelerate Energy Inc [100%]"}},{"type":"Feature","geometry":{"type":"Point","coordinates":[59.40748,22.6586]},"properties":{"name":"Oman Qalhat LNG Terminal","country":"Oman","type":"export","status":"operating","capacity_mtpa":null,"owner":"ITOCHU Corp [0%]; Mitsui Group [2%]; TotalEnergies SE [5%]; Korea LNG [5%]; Mitsubishi Corp [2%]; PTTEP [2%]; Government of Oman [51%]; Shell PLC [30%]"}},{"type":"Feature","geometry":{"type":"Point","coordinates":[59.40748,22.6586]},"properties":{"name":"Oman Qalhat LNG Terminal","country":"Oman","type":"export","status":"operating","capacity_mtpa":3.8,"owner":"ITOCHU Corp [0%]; Mitsui Group [2%]; TotalEnergies SE [5%]; Korea LNG [5%]; Mitsubishi Corp [2%]; PTTEP [2%]; Government of Oman [51%]; Shell PLC [30%]"}},{"type":"Feature","geometry":{"type":"Point","coordinates":[59.40748,22.6586]},"properties":{"name":"Oman Qalhat LNG Terminal","country":"Oman","type":"export","status":"operating","capacity_mtpa":3.8,"owner":"ITOCHU Corp [0%]; TotalEnergies SE [5%]; Mitsui Group [2%]; Korea LNG [5%]; Mitsubishi Corp [2%]; PTTEP [2%]; Government of Oman [51%]; Shell PLC [30%]"}},{"type":"Feature","geometry":{"type":"Point","coordinates":[59.40748,22.6586]},"properties":{"name":"Oman Qalhat LNG Terminal","country":"Oman","type":"export","status":"operating","capacity_mtpa":3.8,"owner":"Mitsubishi Corp [3%]; Oman LNG LLC [36%]; Osaka Gas Co Ltd [3%]; ITOCHU Corp [3%]; Government of Oman [46%]; Naturgy [7%]"}},{"type":"Feature","geometry":{"type":"Point","coordinates":[24.0737072,59.3874101]},"properties":{"name":"Paldiski FSRU","country":"Estonia","type":"import","status":"construction","capacity_mtpa":null,"owner":"Estonian Stockpiling Agency [100%]"}},{"type":"Feature","geometry":{"type":"Point","coordinates":[9.83087,44.07428]},"properties":{"name":"Panigaglia LNG Terminal","country":"Italy","type":"import","status":"operating","capacity_mtpa":2.5,"owner":"GNL Italia Spa"}},{"type":"Feature","geometry":{"type":"Point","coordinates":[147.01825,-9.33862]},"properties":{"name":"Papua New Guinea LNG Terminal","country":"Papua New Guinea","type":"export","status":"operating","capacity_mtpa":4.15,"owner":"PNG LNG Inc [100%]"}},{"type":"Feature","geometry":{"type":"Point","coordinates":[147.01825,-9.33862]},"properties":{"name":"Papua New Guinea LNG Terminal","country":"Papua New Guinea","type":"export","status":"operating","capacity_mtpa":4.15,"owner":"PNG LNG Inc [100%]"}},{"type":"Feature","geometry":{"type":"Point","coordinates":[104.182089,1.341382]},"properties":{"name":"Pengerang Johor LNG Terminal","country":"Malaysia","type":"import","status":"operating","capacity_mtpa":3.5,"owner":"Petroliam Nasional Bhd [65%]; Government of Johor [10%]; Dialog Group Bhd [25%]"}},{"type":"Feature","geometry":{"type":"Point","coordinates":[-66.7225,18.059444]},"properties":{"name":"Penuelas LNG Terminal","country":"United States","type":"import","status":"operating","capacity_mtpa":2.0,"owner":"Mitsui Group [15%]; Naturgy [47%]; EcoElectrica LP [2%]; ENGIE SA [35%]"}},{"type":"Feature","geometry":{"type":"Point","coordinates":[-76.297,-13.2451]},"properties":{"name":"Peru LNG Terminal","country":"Peru","type":"export","status":"operating","capacity_mtpa":4.45,"owner":"Hunt Oil Company [35%]; MidOcean Energy LLC [35%]; Shell PLC [20%]; Marubeni Corp [10%]"}},{"type":"Feature","geometry":{"type":"Point","coordinates":[121.040525,13.753821]},"properties":{"name":"Philippines LNG Terminal","country":"Philippines","type":"import","status":"operating","capacity_mtpa":5.0,"owner":"AG&P Terminals & Logistics Pte Ltd [100%]"}},{"type":"Feature","geometry":{"type":"Point","coordinates":[-110.3273078,24.2740568]},"properties":{"name":"Pichilingue LNG Terminal","country":"Mexico","type":"import","status":"operating","capacity_mtpa":0.8,"owner":"New Fortress Energy Inc [100%]"}},{"type":"Feature","geometry":{"type":"Point","coordinates":[121.246827,30.681206]},"properties":{"name":"Pinghu LNG Terminal","country":"China","type":"import","status":"operating","capacity_mtpa":1.0,"owner":"Zhejiang Hangjiaxin Clean Energy Co Ltd [100%]"}},{"type":"Feature","geometry":{"type":"Point","coordinates":[10.54641,42.932151]},"properties":{"name":"Piombino FSRU","country":"Italy","type":"import","status":"operating","capacity_mtpa":3.67,"owner":"FSRU Italia [100%]"}},{"type":"Feature","geometry":{"type":"Point","coordinates":[-89.886404,29.600411]},"properties":{"name":"Plaquemines LNG Terminal","country":"United States","type":"export","status":"operating","capacity_mtpa":10.0,"owner":"Venture Global Plaquemines LNG LLC [100%]"}},{"type":"Feature","geometry":{"type":"Point","coordinates":[-89.886404,29.600411]},"properties":{"name":"Plaquemines LNG Terminal","country":"United States","type":"export","status":"construction","capacity_mtpa":10.0,"owner":"Venture Global Plaquemines LNG LLC [100%]"}},{"type":"Feature","geometry":{"type":"Point","coordinates":[116.76556,-20.6128]},"properties":{"name":"Pluto LNG Terminal","country":"Australia","type":"export","status":"operating","capacity_mtpa":4.9,"owner":"Kansai Electric Power [5%]; Woodside Energy Group Ltd [90%]; MidOcean Energy LLC [5%]"}},{"type":"Feature","geometry":{"type":"Point","coordinates":[116.76556,-20.6128]},"properties":{"name":"Pluto LNG Terminal","country":"Australia","type":"export","status":"construction","capacity_mtpa":5.0,"owner":"Woodside Burrup Train 2 A Pty Ltd [51%]; Global Infrastructure Partners [49%]"}},{"type":"Feature","geometry":{"type":"Point","coordinates":[18.73585,54.424696]},"properties":{"name":"Polish Baltic Sea Coast FSRU","country":"Poland","type":"import","status":"construction","capacity_mtpa":4.48,"owner":"Operator Gazociagow Przesylowych GAZ-SYSTEM SP zoo [100%]"}},{"type":"Feature","geometry":{"type":"Point","coordinates":[21.39881,61.63817]},"properties":{"name":"Pori LNG Terminal","country":"Finland","type":"import","status":"operating","capacity_mtpa":0.1,"owner":"Gasum [100%]"}},{"type":"Feature","geometry":{"type":"Point","coordinates":[-93.9596288,29.8116634]},"properties":{"name":"Port Arthur LNG Terminal","country":"United States","type":"export","status":"construction","capacity_mtpa":6.5,"owner":"PALNG Common Facilities Company LLC; Port Arthur LNG LLC"}},{"type":"Feature","geometry":{"type":"Point","coordinates":[-93.9596288,29.8116634]},"properties":{"name":"Port Arthur LNG Terminal","country":"United States","type":"export","status":"construction","capacity_mtpa":6.5,"owner":"PALNG Common Facilities Company LLC; Port Arthur LNG LLC"}},{"type":"Feature","geometry":{"type":"Point","coordinates":[150.8996029,-34.4598984]},"properties":{"name":"Port Kembla FSRU","country":"Australia","type":"import","status":"construction","capacity_mtpa":2.33,"owner":"Australian Industrial Energy Pty Ltd [100%]"}},{"type":"Feature","geometry":{"type":"Point","coordinates":[-40.991889,-21.847897]},"properties":{"name":"Porto do Açu FSRU","country":"Brazil","type":"import","status":"operating","capacity_mtpa":7.5,"owner":"Siemens [33%]; Prumo Logistica [46%]; BP PLC [20%]"}},{"type":"Feature","geometry":{"type":"Point","coordinates":[28.130122,60.523347]},"properties":{"name":"Portovaya LNG Terminal","country":"Russia","type":"export","status":"operating","capacity_mtpa":0.75,"owner":"Gazprom LNG Portovaya LLC [100%]"}},{"type":"Feature","geometry":{"type":"Point","coordinates":[28.130122,60.523347]},"properties":{"name":"Portovaya LNG Terminal","country":"Russia","type":"export","status":"operating","capacity_mtpa":0.75,"owner":"Gazprom LNG Portovaya LLC [100%]"}},{"type":"Feature","geometry":{"type":"Point","coordinates":[123.3158,-13.7847]},"properties":{"name":"Prelude FLNG Terminal","country":"Australia","type":"export","status":"operating","capacity_mtpa":3.6,"owner":"KOGAS Canada Ltd [10%]; CPC Corporation Taiwan [5%]; INPEX Corp [17%]; Shell PLC [67%]"}},{"type":"Feature","geometry":{"type":"Point","coordinates":[-87.941126,15.839808]},"properties":{"name":"Puerto Cortés LNG Terminal","country":"Honduras","type":"import","status":"construction","capacity_mtpa":null,"owner":"Génesis Energías SA [100%]"}},{"type":"Feature","geometry":{"type":"Point","coordinates":[-86.767115,12.171182]},"properties":{"name":"Puerto Sandino FSRU","country":"Nicaragua","type":"import","status":"construction","capacity_mtpa":5.0,"owner":"New Fortress Energy Inc [100%]"}},{"type":"Feature","geometry":{"type":"Point","coordinates":[8.7015,3.776]},"properties":{"name":"Punta Europa LNG Terminal","country":"Equatorial Guinea","type":"export","status":"operating","capacity_mtpa":3.7,"owner":"EG LNG [100%]"}},{"type":"Feature","geometry":{"type":"Point","coordinates":[126.7841,37.0057]},"properties":{"name":"Pyeongtaek LNG Terminal","country":"South Korea","type":"import","status":"operating","capacity_mtpa":41.0,"owner":"KOGAS Canada Ltd [100%]"}},{"type":"Feature","geometry":{"type":"Point","coordinates":[51.557708,25.908412]},"properties":{"name":"QatarEnergy LNG (N)","country":"Qatar","type":"export","status":"operating","capacity_mtpa":9.6,"owner":"QatarEnergy [100%]"}},{"type":"Feature","geometry":{"type":"Point","coordinates":[51.557708,25.908412]},"properties":{"name":"QatarEnergy LNG (N)","country":"Qatar","type":"export","status":"operating","capacity_mtpa":15.6,"owner":"QatarEnergy [67%]; Exxon Mobil Corp [24%]; TotalEnergies SE [8%]"}},{"type":"Feature","geometry":{"type":"Point","coordinates":[51.557708,25.908412]},"properties":{"name":"QatarEnergy LNG (N)","country":"Qatar","type":"export","status":"operating","capacity_mtpa":7.8,"owner":"Mitsui Group [1%]; ConocoPhillips Corp [30%]; QatarEnergy [68%]"}},{"type":"Feature","geometry":{"type":"Point","coordinates":[51.557708,25.908412]},"properties":{"name":"QatarEnergy LNG (N)","country":"Qatar","type":"export","status":"operating","capacity_mtpa":7.8,"owner":"QatarEnergy [70%]; Shell PLC [30%]"}},{"type":"Feature","geometry":{"type":"Point","coordinates":[51.54435,25.891475]},"properties":{"name":"QatarEnergy LNG (S)","country":"Qatar","type":"export","status":"operating","capacity_mtpa":6.6,"owner":"QatarEnergy [63%]; Exxon Mobil Corp [25%]; Sumitomo Corp [1%]; Samsung [0%]; Hanwha Energy Corp [0%]; ITOCHU Corp [3%]; Hyundai Corp [0%]; Sojitz Corp [1%]; Korea Gas Corp [3%]"}},{"type":"Feature","geometry":{"type":"Point","coordinates":[51.54435,25.891475]},"properties":{"name":"QatarEnergy LNG (S)","country":"Qatar","type":"export","status":"operating","capacity_mtpa":14.1,"owner":"Exxon Mobil Corp [30%]; QatarEnergy [70%]"}},{"type":"Feature","geometry":{"type":"Point","coordinates":[51.54435,25.891475]},"properties":{"name":"QatarEnergy LNG (S)","country":"Qatar","type":"export","status":"operating","capacity_mtpa":15.6,"owner":"Exxon Mobil Corp [30%]; QatarEnergy [70%]"}},{"type":"Feature","geometry":{"type":"Point","coordinates":[51.5277023,25.9186901]},"properties":{"name":"Qatar North Field LNG Terminal","country":"Qatar","type":"export","status":"construction","capacity_mtpa":32.0,"owner":"Eni SpA [3%]; China Petrochemical Corp [1%]; China National Petroleum Corp [1%]; TotalEnergies SE [6%]; Shell PLC [6%]; ConocoPhillips Corp [3%]; Exxon Mobil Corp [6%]; QatarEnergy [71%]"}},{"type":"Feature","geometry":{"type":"Point","coordinates":[51.5016651,25.9449336]},"properties":{"name":"Qatar North Field LNG Terminal","country":"Qatar","type":"export","status":"construction","capacity_mtpa":16.0,"owner":"ConocoPhillips Corp [6%]; Shell PLC [9%]; QatarEnergy [73%]; TotalEnergies SE [9%]"}},{"type":"Feature","geometry":{"type":"Point","coordinates":[121.746907,32.041846]},"properties":{"name":"Qidong LNG Terminal","country":"China","type":"import","status":"operating","capacity_mtpa":0.6,"owner":"Guanghui Energy Integrated Logistics Development Co Ltd [100%]"}},{"type":"Feature","geometry":{"type":"Point","coordinates":[121.746907,32.041846]},"properties":{"name":"Qidong LNG Terminal","country":"China","type":"import","status":"operating","capacity_mtpa":0.55,"owner":"Guanghui Energy Integrated Logistics Development Co Ltd [100%]"}},{"type":"Feature","geometry":{"type":"Point","coordinates":[121.746907,32.041846]},"properties":{"name":"Qidong LNG Terminal","country":"China","type":"import","status":"operating","capacity_mtpa":1.85,"owner":"Guanghui Energy Integrated Logistics Development Co Ltd [100%]"}},{"type":"Feature","geometry":{"type":"Point","coordinates":[121.746907,32.041846]},"properties":{"name":"Qidong LNG Terminal","country":"China","type":"import","status":"operating","capacity_mtpa":2.0,"owner":"Guanghui Energy Integrated Logistics Development Co Ltd [100%]"}},{"type":"Feature","geometry":{"type":"Point","coordinates":[121.746907,32.041846]},"properties":{"name":"Qidong LNG Terminal","country":"China","type":"import","status":"operating","capacity_mtpa":null,"owner":"Guanghui Energy Integrated Logistics Development Co Ltd [100%]"}},{"type":"Feature","geometry":{"type":"Point","coordinates":[151.199,-23.7693]},"properties":{"name":"Queensland Curtis LNG Terminal","country":"Australia","type":"export","status":"operating","capacity_mtpa":4.25,"owner":"Shell PLC [50%]; China National Offshore Oil Corp [50%]"}},{"type":"Feature","geometry":{"type":"Point","coordinates":[151.199,-23.7693]},"properties":{"name":"Queensland Curtis LNG Terminal","country":"Australia","type":"export","status":"operating","capacity_mtpa":4.25,"owner":"MidOcean Energy LLC [2%]; Shell PLC [97%]"}},{"type":"Feature","geometry":{"type":"Point","coordinates":[-71.533333,-32.783333]},"properties":{"name":"Quintero LNG Terminal","country":"Chile","type":"import","status":"operating","capacity_mtpa":4.0,"owner":"ENAP [20%]; Fluxys NV [40%]; EIG Global Energy Partners [40%]"}},{"type":"Feature","geometry":{"type":"Point","coordinates":[12.291482,44.48283]},"properties":{"name":"Ravenna FSRU","country":"Italy","type":"import","status":"construction","capacity_mtpa":3.67,"owner":"Snam SpA [100%]"}},{"type":"Feature","geometry":{"type":"Point","coordinates":[12.248134,44.471734]},"properties":{"name":"Ravenna LNG Terminal","country":"Italy","type":"import","status":"operating","capacity_mtpa":0.7,"owner":"Depositi Italiani GNL [100%]"}},{"type":"Feature","geometry":{"type":"Point","coordinates":[23.4023,37.96]},"properties":{"name":"Revithoussa LNG Terminal","country":"Greece","type":"import","status":"operating","capacity_mtpa":5.1,"owner":"DESFA [100%]"}},{"type":"Feature","geometry":{"type":"Point","coordinates":[-97.410844,25.950835]},"properties":{"name":"Rio Grande LNG Terminal","country":"United States","type":"export","status":"construction","capacity_mtpa":5.87,"owner":"Rio Grande LNG LLC [100%]"}},{"type":"Feature","geometry":{"type":"Point","coordinates":[-97.410844,25.950835]},"properties":{"name":"Rio Grande LNG Terminal","country":"United States","type":"export","status":"construction","capacity_mtpa":5.87,"owner":"Rio Grande LNG LLC [100%]"}},{"type":"Feature","geometry":{"type":"Point","coordinates":[-97.410844,25.950835]},"properties":{"name":"Rio Grande LNG Terminal","country":"United States","type":"export","status":"construction","capacity_mtpa":5.87,"owner":"Rio Grande LNG LLC [100%]"}},{"type":"Feature","geometry":{"type":"Point","coordinates":[-97.410844,25.950835]},"properties":{"name":"Rio Grande LNG Terminal","country":"United States","type":"export","status":"construction","capacity_mtpa":6.0,"owner":"Rio Grande LNG LLC [100%]"}},{"type":"Feature","geometry":{"type":"Point","coordinates":[5.5761,58.9237]},"properties":{"name":"Risavika LNG Terminal","country":"Norway","type":"export","status":"operating","capacity_mtpa":0.33,"owner":"North Sea Midstream Partners Ltd [100%]"}},{"type":"Feature","geometry":{"type":"Point","coordinates":[121.418122,32.5301876]},"properties":{"name":"Rudong LNG Terminal (China Resources)","country":"China","type":"import","status":"construction","capacity_mtpa":6.5,"owner":"Rudong Yangkou Port Liquefied Products Terminal Co Ltd [100%]"}},{"type":"Feature","geometry":{"type":"Point","coordinates":[121.412712,32.526845]},"properties":{"name":"Rudong LNG Terminal (GCL-Poly)","country":"China","type":"import","status":"construction","capacity_mtpa":3.5,"owner":"GCL Huidong LNG Rudong Co Ltd [100%]; Kunlun GCL Huidong LNG Terminal Rudong Co Ltd"}},{"type":"Feature","geometry":{"type":"Point","coordinates":[121.412712,32.526845]},"properties":{"name":"Rudong LNG Terminal (Jiangsu Guoxin)","country":"China","type":"import","status":"construction","capacity_mtpa":2.95,"owner":"Jiangsu Guoxin LNG Co Ltd [100%]"}},{"type":"Feature","geometry":{"type":"Point","coordinates":[121.412712,32.526845]},"properties":{"name":"Rudong LNG Terminal (Jiangsu Guoxin)","country":"China","type":"import","status":"construction","capacity_mtpa":3.05,"owner":"Jiangsu Guoxin LNG Co Ltd [100%]"}},{"type":"Feature","geometry":{"type":"Point","coordinates":[121.428128,32.528814]},"properties":{"name":"Rudong LNG Terminal (PetroChina)","country":"China","type":"import","status":"operating","capacity_mtpa":3.5,"owner":"PetroChina Jiangsu LNG Co Ltd [100%]"}},{"type":"Feature","geometry":{"type":"Point","coordinates":[121.428128,32.528814]},"properties":{"name":"Rudong LNG Terminal (PetroChina)","country":"China","type":"import","status":"operating","capacity_mtpa":3.0,"owner":"PetroChina Jiangsu LNG Co Ltd [100%]"}},{"type":"Feature","geometry":{"type":"Point","coordinates":[121.428128,32.528814]},"properties":{"name":"Rudong LNG Terminal (PetroChina)","country":"China","type":"import","status":"operating","capacity_mtpa":3.5,"owner":"PetroChina Jiangsu LNG Co Ltd [100%]"}},{"type":"Feature","geometry":{"type":"Point","coordinates":[52.7389,24.1483]},"properties":{"name":"Ruwais FSRU","country":"United Arab Emirates","type":"import","status":"operating","capacity_mtpa":3.8,"owner":"Abu Dhabi National Oil Co [100%]"}},{"type":"Feature","geometry":{"type":"Point","coordinates":[52.65226,24.13523]},"properties":{"name":"Ruwais LNG Terminal","country":"United Arab Emirates","type":"export","status":"construction","capacity_mtpa":4.8,"owner":"TotalEnergies SE [10%]; BP PLC [10%]; Abu Dhabi Gas Liquefaction Company Ltd [60%]; Shell PLC [10%]; Mitsui & Co Ltd [10%]"}},{"type":"Feature","geometry":{"type":"Point","coordinates":[52.65226,24.13523]},"properties":{"name":"Ruwais LNG Terminal","country":"United Arab Emirates","type":"export","status":"construction","capacity_mtpa":4.8,"owner":"TotalEnergies SE [10%]; BP PLC [10%]; Abu Dhabi Gas Liquefaction Company Ltd [60%]; Shell PLC [10%]; Mitsui & Co Ltd [10%]"}},{"type":"Feature","geometry":{"type":"Point","coordinates":[-93.8740512,29.7540967]},"properties":{"name":"Sabine Pass LNG Terminal","country":"United States","type":"import","status":"operating","capacity_mtpa":30.4,"owner":"Cheniere Energy Partners LP [100%]"}},{"type":"Feature","geometry":{"type":"Point","coordinates":[-93.8740512,29.7540967]},"properties":{"name":"Sabine Pass LNG Terminal","country":"United States","type":"export","status":"operating","capacity_mtpa":5.0,"owner":"Sabine Pass Liquefaction LLC [100%]"}},{"type":"Feature","geometry":{"type":"Point","coordinates":[-93.8740512,29.7540967]},"properties":{"name":"Sabine Pass LNG Terminal","country":"United States","type":"export","status":"operating","capacity_mtpa":5.0,"owner":"Sabine Pass Liquefaction LLC [100%]"}},{"type":"Feature","geometry":{"type":"Point","coordinates":[-93.8740512,29.7540967]},"properties":{"name":"Sabine Pass LNG Terminal","country":"United States","type":"export","status":"operating","capacity_mtpa":5.0,"owner":"Sabine Pass Liquefaction LLC [100%]"}},{"type":"Feature","geometry":{"type":"Point","coordinates":[-93.8740512,29.7540967]},"properties":{"name":"Sabine Pass LNG Terminal","country":"United States","type":"export","status":"operating","capacity_mtpa":5.0,"owner":"Sabine Pass Liquefaction LLC [100%]"}},{"type":"Feature","geometry":{"type":"Point","coordinates":[-93.8740512,29.7540967]},"properties":{"name":"Sabine Pass LNG Terminal","country":"United States","type":"export","status":"operating","capacity_mtpa":5.0,"owner":"Sabine Pass Liquefaction LLC [100%]"}},{"type":"Feature","geometry":{"type":"Point","coordinates":[-93.8740512,29.7540967]},"properties":{"name":"Sabine Pass LNG Terminal","country":"United States","type":"export","status":"operating","capacity_mtpa":4.5,"owner":"Sabine Pass Liquefaction LLC [100%]"}},{"type":"Feature","geometry":{"type":"Point","coordinates":[-0.2152,39.6329]},"properties":{"name":"Sagunto LNG Terminal","country":"Spain","type":"import","status":"operating","capacity_mtpa":6.4,"owner":"Iniciativas de Gas [50%]; Infraestructuras de Gas [50%]"}},{"type":"Feature","geometry":{"type":"Point","coordinates":[-65.978,45.2114]},"properties":{"name":"Saint John LNG Terminal","country":"Canada","type":"import","status":"operating","capacity_mtpa":7.5,"owner":"Repsol SA [100%]"}},{"type":"Feature","geometry":{"type":"Point","coordinates":[133.8367306,34.3568348]},"properties":{"name":"Sakaide LNG Terminal","country":"Japan","type":"import","status":"operating","capacity_mtpa":1.2,"owner":"Sakaide LNG [100%]"}},{"type":"Feature","geometry":{"type":"Point","coordinates":[135.414,34.57142]},"properties":{"name":"Sakai LNG Terminal","country":"Japan","type":"import","status":"operating","capacity_mtpa":6.4,"owner":"Kansai Electric Power [100%]"}},{"type":"Feature","geometry":{"type":"Point","coordinates":[142.9112,46.6288]},"properties":{"name":"Sakhalin II LNG Terminal","country":"Russia","type":"export","status":"operating","capacity_mtpa":4.8,"owner":"Sakhalin Energy LLC [100%]"}},{"type":"Feature","geometry":{"type":"Point","coordinates":[142.9112,46.6288]},"properties":{"name":"Sakhalin II LNG Terminal","country":"Russia","type":"export","status":"operating","capacity_mtpa":4.8,"owner":"Sakhalin Energy LLC [100%]"}},{"type":"Feature","geometry":{"type":"Point","coordinates":[129.3502,37.1683]},"properties":{"name":"Samcheok LNG Terminal","country":"South Korea","type":"import","status":"operating","capacity_mtpa":6.6,"owner":"KOGAS Canada Ltd [100%]"}},{"type":"Feature","geometry":{"type":"Point","coordinates":[129.3502,37.1683]},"properties":{"name":"Samcheok LNG Terminal","country":"South Korea","type":"import","status":"operating","capacity_mtpa":5.0,"owner":"KOGAS Canada Ltd [100%]"}},{"type":"Feature","geometry":{"type":"Point","coordinates":[-66.11091,18.461942]},"properties":{"name":"San Juan LNG Terminal","country":"United States","type":"import","status":"operating","capacity_mtpa":1.1,"owner":"New Fortress Energy Inc [100%]"}},{"type":"Feature","geometry":{"type":"Point","coordinates":[115.480022,7.375718]},"properties":{"name":"Satu FLNG Terminal","country":"Malaysia","type":"export","status":"operating","capacity_mtpa":1.2,"owner":"Petroliam Nasional Bhd [100%]"}},{"type":"Feature","geometry":{"type":"Point","coordinates":[113.08114,3.2851]},"properties":{"name":"Satu Malaysia Terminal","country":"Malaysia","type":"export","status":"operating","capacity_mtpa":8.4,"owner":"Mitsubishi Corp [5%]; State of Sarawak [5%]; Petroliam Nasional Bhd [90%]"}},{"type":"Feature","geometry":{"type":"Point","coordinates":[135.4284047,34.5488834]},"properties":{"name":"Senboku 1 LNG Terminal","country":"Japan","type":"import","status":"operating","capacity_mtpa":1.9,"owner":"Osaka Gas Co Ltd [100%]"}},{"type":"Feature","geometry":{"type":"Point","coordinates":[135.40147,34.536626]},"properties":{"name":"Senboku 2 LNG Terminal","country":"Japan","type":"import","status":"operating","capacity_mtpa":9.9,"owner":"Osaka Gas Co Ltd [100%]"}},{"type":"Feature","geometry":{"type":"Point","coordinates":[141.005623,38.273591]},"properties":{"name":"Sendai LNG Terminal","country":"Japan","type":"import","status":"operating","capacity_mtpa":0.8,"owner":"City of Sendai Gas Bureau [100%]"}},{"type":"Feature","geometry":{"type":"Point","coordinates":[-43.857039,-22.928227]},"properties":{"name":"Sepetiba Bay FSRU","country":"Brazil","type":"import","status":"operating","capacity_mtpa":2.7,"owner":"KARMOL [100%]"}},{"type":"Feature","geometry":{"type":"Point","coordinates":[-36.918455,-10.843241]},"properties":{"name":"Sergipe FSRU","country":"Brazil","type":"import","status":"operating","capacity_mtpa":5.64,"owner":"CELSE (Centrais Elétricas de Sergipe S.A.) [100%]"}},{"type":"Feature","geometry":{"type":"Point","coordinates":[119.759685,35.58624]},"properties":{"name":"Shandong LNG Terminal","country":"China","type":"import","status":"operating","capacity_mtpa":3.0,"owner":"Sinopec Qingdao LNG Co Ltd [100%]"}},{"type":"Feature","geometry":{"type":"Point","coordinates":[119.759685,35.58624]},"properties":{"name":"Shandong LNG Terminal","country":"China","type":"import","status":"operating","capacity_mtpa":4.0,"owner":"Sinopec Qingdao LNG Co Ltd [100%]"}},{"type":"Feature","geometry":{"type":"Point","coordinates":[119.759685,35.58624]},"properties":{"name":"Shandong LNG Terminal","country":"China","type":"import","status":"operating","capacity_mtpa":4.0,"owner":"Sinopec Qingdao LNG Co Ltd [100%]"}},{"type":"Feature","geometry":{"type":"Point","coordinates":[122.10244,30.60437]},"properties":{"name":"Shanghai Yangshan LNG Terminal","country":"China","type":"import","status":"operating","capacity_mtpa":3.0,"owner":"Shanghai LNG Co Ltd [100%]"}},{"type":"Feature","geometry":{"type":"Point","coordinates":[122.1063446,30.6032645]},"properties":{"name":"Shanghai Yangshan LNG Terminal","country":"China","type":"import","status":"operating","capacity_mtpa":null,"owner":"Shanghai LNG Co Ltd [100%]"}},{"type":"Feature","geometry":{"type":"Point","coordinates":[122.1111664,30.6036606]},"properties":{"name":"Shanghai Yangshan LNG Terminal","country":"China","type":"import","status":"construction","capacity_mtpa":3.0,"owner":"Shenergy Yangshan LNG Co Ltd [100%]"}},{"type":"Feature","geometry":{"type":"Point","coordinates":[114.444262,22.593039]},"properties":{"name":"Shenzhen Diefu CNOOC LNG Terminal","country":"China","type":"import","status":"operating","capacity_mtpa":4.0,"owner":"Cnooc Shenzhen Gas Co Ltd [100%]"}},{"type":"Feature","geometry":{"type":"Point","coordinates":[114.4283,22.594055]},"properties":{"name":"Shenzhen LNG Terminal","country":"China","type":"import","status":"construction","capacity_mtpa":3.0,"owner":"National Oil and Gas Pipeline Network Group Co Ltd Shenzhen LNG Project Management Department [100%]"}},{"type":"Feature","geometry":{"type":"Point","coordinates":[114.384841,22.618619]},"properties":{"name":"Shenzhen LNG Terminal (Shenzhen Gas)","country":"China","type":"import","status":"operating","capacity_mtpa":0.8,"owner":"SHEN ZHEN SINO-BENNY LPG Co Ltd [100%]"}},{"type":"Feature","geometry":{"type":"Point","coordinates":[114.384841,22.618619]},"properties":{"name":"Shenzhen LNG Terminal (Shenzhen Gas)","country":"China","type":"import","status":"construction","capacity_mtpa":2.0,"owner":"SHEN ZHEN SINO-BENNY LPG Co Ltd [100%]"}},{"type":"Feature","geometry":{"type":"Point","coordinates":[141.025958,38.280128]},"properties":{"name":"Shin Minato LNG Terminal","country":"Japan","type":"import","status":"operating","capacity_mtpa":0.3,"owner":"City of Sendai Gas Bureau [100%]"}},{"type":"Feature","geometry":{"type":"Point","coordinates":[141.0393,38.27678]},"properties":{"name":"Shin-Sendai LNG Terminal","country":"Japan","type":"import","status":"operating","capacity_mtpa":1.7,"owner":"Tohoku Electric Power Co Inc [100%]"}},{"type":"Feature","geometry":{"type":"Point","coordinates":[-8.8435,37.9419]},"properties":{"name":"Sines LNG Terminal","country":"Portugal","type":"import","status":"operating","capacity_mtpa":5.6,"owner":"REN Atlantico [100%]"}},{"type":"Feature","geometry":{"type":"Point","coordinates":[103.67135,1.23616]},"properties":{"name":"Singapore LNG Terminal","country":"Singapore","type":"import","status":"operating","capacity_mtpa":3.5,"owner":"Singapore LNG Corp [100%]"}},{"type":"Feature","geometry":{"type":"Point","coordinates":[103.67135,1.23616]},"properties":{"name":"Singapore LNG Terminal","country":"Singapore","type":"import","status":"operating","capacity_mtpa":2.5,"owner":"Singapore LNG Corp [100%]"}},{"type":"Feature","geometry":{"type":"Point","coordinates":[103.67135,1.23616]},"properties":{"name":"Singapore LNG Terminal","country":"Singapore","type":"import","status":"operating","capacity_mtpa":5.0,"owner":"Singapore LNG Corp [100%]"}},{"type":"Feature","geometry":{"type":"Point","coordinates":[120.2907759,37.6497398]},"properties":{"name":"Sinopec Longkou LNG Terminal","country":"China","type":"import","status":"construction","capacity_mtpa":6.5,"owner":"Sinopec Yantai Longkou LNG Co Ltd [100%]"}},{"type":"Feature","geometry":{"type":"Point","coordinates":[6.9415,36.8779]},"properties":{"name":"Skikda LNG Terminal","country":"Algeria","type":"export","status":"operating","capacity_mtpa":4.5,"owner":"Sonatrach SpA [100%]"}},{"type":"Feature","geometry":{"type":"Point","coordinates":[5.285961,59.313521]},"properties":{"name":"Snurrevarden LNG Terminal","country":"Norway","type":"export","status":"operating","capacity_mtpa":0.02,"owner":"TotalEnergies SE; Molgas; Equinor ASA"}},{"type":"Feature","geometry":{"type":"Point","coordinates":[139.972393,35.467955]},"properties":{"name":"Sodegaura LNG Terminal","country":"Japan","type":"import","status":"operating","capacity_mtpa":31.4,"owner":"JERA Co Inc; Tokyo Gas Co Ltd"}},{"type":"Feature","geometry":{"type":"Point","coordinates":[138.4978,35.0274]},"properties":{"name":"Sodeshi Shimizu LNG Terminal","country":"Japan","type":"import","status":"operating","capacity_mtpa":2.9,"owner":"ENEOS Corp [35%]; Shizuoka Gas Co Ltd [65%]"}},{"type":"Feature","geometry":{"type":"Point","coordinates":[140.9496459,37.8501123]},"properties":{"name":"Soma Port LNG Terminal","country":"Japan","type":"import","status":"operating","capacity_mtpa":1.5,"owner":"Japex [100%]"}},{"type":"Feature","geometry":{"type":"Point","coordinates":[-5.07627,51.7152]},"properties":{"name":"South Hook LNG Terminal","country":"United Kingdom","type":"import","status":"operating","capacity_mtpa":15.6,"owner":"QatarEnergy [67%]; Exxon Mobil Corp [24%]; TotalEnergies SE [8%]"}},{"type":"Feature","geometry":{"type":"Point","coordinates":[9.515233,53.6526534]},"properties":{"name":"Stade FSRU","country":"Germany","type":"import","status":"construction","capacity_mtpa":4.41,"owner":"Hanseatic Energy Hub [100%]"}},{"type":"Feature","geometry":{"type":"Point","coordinates":[9.510382,53.652459]},"properties":{"name":"Stade LNG Terminal","country":"Germany","type":"import","status":"construction","capacity_mtpa":9.78,"owner":"Hanseatic Energy Hub [100%]"}},{"type":"Feature","geometry":{"type":"Point","coordinates":[-34.959574,-8.398179]},"properties":{"name":"Suape FSRU","country":"Brazil","type":"import","status":"construction","capacity_mtpa":3.76,"owner":"Aruanã Energia SA [100%]"}},{"type":"Feature","geometry":{"type":"Point","coordinates":[91.821147,21.562987]},"properties":{"name":"Summit FSRU","country":"Bangladesh","type":"import","status":"operating","capacity_mtpa":3.8,"owner":"Summit LNG Terminal Co Ltd"}},{"type":"Feature","geometry":{"type":"Point","coordinates":[14.294722,53.909167]},"properties":{"name":"Świnoujście Polskie LNG Terminal","country":"Poland","type":"import","status":"operating","capacity_mtpa":3.7,"owner":"Operator Gazociagow Przesylowych GAZ-SYSTEM SP zoo [100%]"}},{"type":"Feature","geometry":{"type":"Point","coordinates":[14.294722,53.909167]},"properties":{"name":"Świnoujście Polskie LNG Terminal","country":"Poland","type":"import","status":"operating","capacity_mtpa":0.9,"owner":"Operator Gazociagow Przesylowych GAZ-SYSTEM SP zoo [100%]"}},{"type":"Feature","geometry":{"type":"Point","coordinates":[14.294722,53.909167]},"properties":{"name":"Świnoujście Polskie LNG Terminal","country":"Poland","type":"import","status":"operating","capacity_mtpa":1.5,"owner":"Operator Gazociagow Przesylowych GAZ-SYSTEM SP zoo [100%]"}},{"type":"Feature","geometry":{"type":"Point","coordinates":[120.49586,24.25304]},"properties":{"name":"Taichung LNG Terminal","country":"Taiwan","type":"import","status":"operating","capacity_mtpa":1.5,"owner":"CPC Corporation Taiwan [100%]"}},{"type":"Feature","geometry":{"type":"Point","coordinates":[120.49586,24.25304]},"properties":{"name":"Taichung LNG Terminal","country":"Taiwan","type":"import","status":"operating","capacity_mtpa":4.5,"owner":"CPC Corporation Taiwan [100%]"}},{"type":"Feature","geometry":{"type":"Point","coordinates":[120.49586,24.25304]},"properties":{"name":"Taichung LNG Terminal","country":"Taiwan","type":"import","status":"operating","capacity_mtpa":2.0,"owner":"CPC Corporation Taiwan [100%]"}},{"type":"Feature","geometry":{"type":"Point","coordinates":[120.49586,24.25304]},"properties":{"name":"Taichung LNG Terminal","country":"Taiwan","type":"import","status":"construction","capacity_mtpa":2.0,"owner":"CPC Corporation Taiwan [100%]"}},{"type":"Feature","geometry":{"type":"Point","coordinates":[133.139,-2.44314]},"properties":{"name":"Tangguh LNG Terminal","country":"Indonesia","type":"export","status":"operating","capacity_mtpa":3.8,"owner":"KG Berau Petroleum [8%]; KG Wiriagar Petroleum [1%]; MI Berau [16%]; BP Berau Ltd [40%]; Indonesia Natural Gas Resources Muturi [7%]; Nippon Oil Exploration [12%]; CNOOC Muturi [13%]"}},{"type":"Feature","geometry":{"type":"Point","coordinates":[133.139,-2.44314]},"properties":{"name":"Tangguh LNG Terminal","country":"Indonesia","type":"export","status":"operating","capacity_mtpa":3.8,"owner":"KG Berau Petroleum [8%]; KG Wiriagar Petroleum [1%]; MI Berau [16%]; BP Berau Ltd [40%]; Indonesia Natural Gas Resources Muturi [7%]; Nippon Oil Exploration [12%]; CNOOC Muturi [13%]"}},{"type":"Feature","geometry":{"type":"Point","coordinates":[133.139,-2.44314]},"properties":{"name":"Tangguh LNG Terminal","country":"Indonesia","type":"export","status":"operating","capacity_mtpa":3.8,"owner":"KG Berau Petroleum [8%]; KG Wiriagar Petroleum [1%]; MI Berau [16%]; BP Berau Ltd [40%]; Indonesia Natural Gas Resources Muturi [7%]; Nippon Oil Exploration [12%]; CNOOC Muturi [13%]"}},{"type":"Feature","geometry":{"type":"Point","coordinates":[118.5329,38.9331]},"properties":{"name":"Tangshan LNG Terminal (PetroChina)","country":"China","type":"import","status":"operating","capacity_mtpa":3.5,"owner":"Petrochina Jingtang Lng Co Ltd [100%]"}},{"type":"Feature","geometry":{"type":"Point","coordinates":[118.5329,38.9331]},"properties":{"name":"Tangshan LNG Terminal (PetroChina)","country":"China","type":null,"status":"operating","capacity_mtpa":3.0,"owner":"Petrochina Jingtang Lng Co Ltd [100%]"}},{"type":"Feature","geometry":{"type":"Point","coordinates":[118.5329,38.9331]},"properties":{"name":"Tangshan LNG Terminal (PetroChina)","country":"China","type":"import","status":"operating","capacity_mtpa":3.5,"owner":"Petrochina Jingtang Lng Co Ltd [100%]"}},{"type":"Feature","geometry":{"type":"Point","coordinates":[118.541145,38.938745]},"properties":{"name":"Tangshan LNG Terminal (Xintian)","country":"China","type":"import","status":"operating","capacity_mtpa":5.0,"owner":"Caofeidian Xintian LNG Co Ltd [100%]"}},{"type":"Feature","geometry":{"type":"Point","coordinates":[118.541145,38.938745]},"properties":{"name":"Tangshan LNG Terminal (Xintian)","country":"China","type":"import","status":"construction","capacity_mtpa":5.0,"owner":"Caofeidian Xintian LNG Co Ltd [100%]"}},{"type":"Feature","geometry":{"type":"Point","coordinates":[115.2094864,-8.746306]},"properties":{"name":"Tanjung Benoa FSRU","country":"Indonesia","type":"import","status":"operating","capacity_mtpa":0.35,"owner":"PT Pelindo [100%]"}},{"type":"Feature","geometry":{"type":"Point","coordinates":[121.060884,25.045533]},"properties":{"name":"Taoyuan LNG Terminal","country":"Taiwan","type":"import","status":"operating","capacity_mtpa":3.0,"owner":"CPC Corporation Taiwan [100%]"}},{"type":"Feature","geometry":{"type":"Point","coordinates":[112.669148,-7.2038832]},"properties":{"name":"Teluk Lamong LNG Terminal","country":"Indonesia","type":"import","status":"construction","capacity_mtpa":0.3,"owner":"PT Pelindo III; PT Perusahaan Gas Negara"}},{"type":"Feature","geometry":{"type":"Point","coordinates":[0.021866,5.626171]},"properties":{"name":"Tema FSRU","country":"Ghana","type":"import","status":"operating","capacity_mtpa":1.7,"owner":"Tema LNG Terminal Co [100%]"}},{"type":"Feature","geometry":{"type":"Point","coordinates":[-48.564278,-26.173843]},"properties":{"name":"Terminal Gás Sul FSRU","country":"Brazil","type":"import","status":"idled","capacity_mtpa":6.0,"owner":"New Fortress Energy Inc [100%]"}},{"type":"Feature","geometry":{"type":"Point","coordinates":[107.026022,10.527191]},"properties":{"name":"Thi Vai LNG Terminal","country":"Vietnam","type":"import","status":"operating","capacity_mtpa":1.0,"owner":"LNG Vietnam [100%]"}},{"type":"Feature","geometry":{"type":"Point","coordinates":[117.714095,38.738256]},"properties":{"name":"Tianjin LNG Terminal (Beijing Gas Group)","country":"China","type":"import","status":"operating","capacity_mtpa":5.0,"owner":"Beijing Gas Group (Tianjin) Liquefied Natural Gas Co Ltd"}},{"type":"Feature","geometry":{"type":"Point","coordinates":[117.714095,38.738256]},"properties":{"name":"Tianjin LNG Terminal (Beijing Gas Group)","country":"China","type":"import","status":"operating","capacity_mtpa":null,"owner":"Beijing Gas Group (Tianjin) Liquefied Natural Gas Co Ltd"}},{"type":"Feature","geometry":{"type":"Point","coordinates":[117.714095,38.738256]},"properties":{"name":"Tianjin LNG Terminal (Beijing Gas Group)","country":"China","type":"import","status":"operating","capacity_mtpa":null,"owner":"Beijing Gas Group (Tianjin) Liquefied Natural Gas Co Ltd"}},{"type":"Feature","geometry":{"type":"Point","coordinates":[117.7875,38.975833]},"properties":{"name":"Tianjin LNG Terminal (PipeChina)","country":"China","type":"import","status":"operating","capacity_mtpa":null,"owner":"CNOOC Tianjin LNG Ltd Co [100%]"}},{"type":"Feature","geometry":{"type":"Point","coordinates":[117.7875,38.975833]},"properties":{"name":"Tianjin LNG Terminal (PipeChina)","country":"China","type":"import","status":"operating","capacity_mtpa":12.0,"owner":"CNOOC Tianjin LNG Ltd Co [100%]"}},{"type":"Feature","geometry":{"type":"Point","coordinates":[117.7875,38.975833]},"properties":{"name":"Tianjin LNG Terminal (PipeChina)","country":"China","type":"import","status":"construction","capacity_mtpa":null,"owner":"CNOOC Tianjin LNG Ltd Co [100%]"}},{"type":"Feature","geometry":{"type":"Point","coordinates":[117.714895,38.749154]},"properties":{"name":"Tianjin LNG Terminal (Sinopec)","country":"China","type":"import","status":"operating","capacity_mtpa":6.0,"owner":"Sinopec Tianjin LNG Co Ltd [100%]"}},{"type":"Feature","geometry":{"type":"Point","coordinates":[117.714895,38.749154]},"properties":{"name":"Tianjin LNG Terminal (Sinopec)","country":"China","type":"import","status":"operating","capacity_mtpa":4.8,"owner":"Sinopec Tianjin LNG Co Ltd [100%]"}},{"type":"Feature","geometry":{"type":"Point","coordinates":[117.714895,38.749154]},"properties":{"name":"Tianjin LNG Terminal (Sinopec)","country":"China","type":"import","status":"construction","capacity_mtpa":0.85,"owner":"Sinopec Tianjin LNG Co Ltd [100%]"}},{"type":"Feature","geometry":{"type":"Point","coordinates":[118.215,5.968]},"properties":{"name":"Tiga FLNG Terminal","country":"Malaysia","type":"export","status":"construction","capacity_mtpa":2.0,"owner":"Petroliam Nasional Bhd [60%]; Mitsubishi Corp [5%]; Government of Malaysia [25%]; PTT PCL [10%]"}},{"type":"Feature","geometry":{"type":"Point","coordinates":[113.08767,3.29033]},"properties":{"name":"Tiga Malaysia LNG Terminal","country":"Malaysia","type":"export","status":"operating","capacity_mtpa":7.2,"owner":"Petroliam Nasional Bhd [60%]; State of Sarawak [25%]; Diamond Gas [5%]; PTT PCL [10%]"}},{"type":"Feature","geometry":{"type":"Point","coordinates":[-123.0340825,49.1425108]},"properties":{"name":"Tilbury Island LNG Terminal","country":"Canada","type":"export","status":"operating","capacity_mtpa":0.03,"owner":"FortisBC Energy Inc [100%]"}},{"type":"Feature","geometry":{"type":"Point","coordinates":[-123.0340825,49.1425108]},"properties":{"name":"Tilbury Island LNG Terminal","country":"Canada","type":"export","status":"operating","capacity_mtpa":0.25,"owner":"FortisBC Energy Inc [100%]"}},{"type":"Feature","geometry":{"type":"Point","coordinates":[130.86609,33.91818]},"properties":{"name":"Tobata LNG Terminal","country":"Japan","type":"import","status":"operating","capacity_mtpa":7.6,"owner":"Nippon Steel Corp; Kitakyushu LNG; Kyushu Electric Power "}},{"type":"Feature","geometry":{"type":"Point","coordinates":[128.4255,34.9474]},"properties":{"name":"Tongyoung LNG Terminal","country":"South Korea","type":"import","status":"operating","capacity_mtpa":26.5,"owner":"KOGAS Canada Ltd [100%]"}},{"type":"Feature","geometry":{"type":"Point","coordinates":[24.152152,65.847366]},"properties":{"name":"Tornio Manga LNG Terminal","country":"Finland","type":"import","status":"operating","capacity_mtpa":0.4,"owner":"Manga Terminal Oy [100%]"}},{"type":"Feature","geometry":{"type":"Point","coordinates":[9.988889,43.644444]},"properties":{"name":"Toscana FSRU","country":"Italy","type":"import","status":"operating","capacity_mtpa":3.67,"owner":"OLT Offshore LNG Toscana [100%]"}},{"type":"Feature","geometry":{"type":"Point","coordinates":[9.988889,43.644444]},"properties":{"name":"Toscana FSRU","country":"Italy","type":"import","status":"operating","capacity_mtpa":null,"owner":"OLT Offshore LNG Toscana [100%]"}},{"type":"Feature","geometry":{"type":"Point","coordinates":[137.22246,36.757158]},"properties":{"name":"Toyama Shinko LNG Terminal","country":"Japan","type":"import","status":"operating","capacity_mtpa":1.8,"owner":"Hokuriku Electric [100%]"}},{"type":"Feature","geometry":{"type":"Point","coordinates":[129.396566,35.501837]},"properties":{"name":"Ulsan LNG Terminal","country":"South Korea","type":"import","status":"operating","capacity_mtpa":2.4,"owner":"Korea Energy Terminal Co Ltd [100%]"}},{"type":"Feature","geometry":{"type":"Point","coordinates":[129.396566,35.501837]},"properties":{"name":"Ulsan LNG Terminal","country":"South Korea","type":"import","status":"construction","capacity_mtpa":2.4,"owner":"Korea Energy Terminal Co Ltd [100%]"}},{"type":"Feature","geometry":{"type":"Point","coordinates":[129.396566,35.501837]},"properties":{"name":"Ulsan LNG Terminal","country":"South Korea","type":"import","status":"construction","capacity_mtpa":2.4,"owner":"Korea Energy Terminal Co Ltd [100%]"}},{"type":"Feature","geometry":{"type":"Point","coordinates":[28.425506,59.685888]},"properties":{"name":"Ust Luga LNG Terminal","country":"Russia","type":"export","status":"construction","capacity_mtpa":6.55,"owner":"RusKhimAlyans [100%]"}},{"type":"Feature","geometry":{"type":"Point","coordinates":[28.425506,59.685888]},"properties":{"name":"Ust Luga LNG Terminal","country":"Russia","type":"export","status":"construction","capacity_mtpa":6.55,"owner":"RusKhimAlyans [100%]"}},{"type":"Feature","geometry":{"type":"Point","coordinates":[28.5496269,60.603671]},"properties":{"name":"Vysotsk LNG Terminal","country":"Russia","type":"export","status":"operating","capacity_mtpa":0.75,"owner":"Novatek PJSC [51%]; Gazprombank JSC [49%]"}},{"type":"Feature","geometry":{"type":"Point","coordinates":[28.5496269,60.603671]},"properties":{"name":"Vysotsk LNG Terminal","country":"Russia","type":"export","status":"operating","capacity_mtpa":0.75,"owner":"Novatek PJSC [51%]; Gazprombank JSC [49%]"}},{"type":"Feature","geometry":{"type":"Point","coordinates":[121.127993,27.903136]},"properties":{"name":"Wenzhou Huagang LNG Terminal","country":"China","type":"import","status":"operating","capacity_mtpa":3.0,"owner":"Wenzhou Huagang Petrochemical Port Co [100%]"}},{"type":"Feature","geometry":{"type":"Point","coordinates":[121.083173,28.004918]},"properties":{"name":"Wenzhou LNG Terminal","country":"China","type":"import","status":"operating","capacity_mtpa":3.0,"owner":"Zhejiang Zheneng Wenzhou LNG Co Ltd [100%]"}},{"type":"Feature","geometry":{"type":"Point","coordinates":[115.001141,-21.6978845]},"properties":{"name":"Wheatstone LNG Terminal","country":"Australia","type":"export","status":"operating","capacity_mtpa":4.45,"owner":"JERA Co Inc [0%]; Mitsubishi Corp [3%]; NYK [0%]; Kyushu Electric Power Co Inc [1%]; Woodside Energy Group Ltd [13%]; JOGMEC [3%]; Chevron Corp [64%]; Kuwait Foreign Petroleum Exploration  Co [13%]"}},{"type":"Feature","geometry":{"type":"Point","coordinates":[115.001141,-21.6978845]},"properties":{"name":"Wheatstone LNG Terminal","country":"Australia","type":"export","status":"operating","capacity_mtpa":4.45,"owner":"JERA Co Inc [0%]; Mitsubishi Corp [3%]; NYK [0%]; Kyushu Electric Power Co Inc [1%]; Woodside Energy Group Ltd [13%]; JOGMEC [3%]; Chevron Corp [64%]; Kuwait Foreign Petroleum Exploration  Co [13%]"}},{"type":"Feature","geometry":{"type":"Point","coordinates":[8.1113678,53.6416299]},"properties":{"name":"Wilhelmshaven FSRU","country":"Germany","type":"import","status":"operating","capacity_mtpa":5.7,"owner":"Uniper SE [100%]"}},{"type":"Feature","geometry":{"type":"Point","coordinates":[8.133333,53.516667]},"properties":{"name":"Wilhelmshaven TES FSRU","country":"Germany","type":"import","status":"operating","capacity_mtpa":3.31,"owner":"E.ON SE; ENGIE SA; Tree Energy Solutions"}},{"type":"Feature","geometry":{"type":"Point","coordinates":[-123.2536663,49.6653929]},"properties":{"name":"Woodfibre LNG Terminal","country":"Canada","type":"export","status":"construction","capacity_mtpa":2.1,"owner":"Woodfibre LNG LP [100%]"}},{"type":"Feature","geometry":{"type":"Point","coordinates":[-93.330534,30.091298]},"properties":{"name":"Woodside Louisiana LNG Terminal","country":"United States","type":"export","status":"construction","capacity_mtpa":16.5,"owner":"Louisiana LNG Infrastructure LLC [100%]"}},{"type":"Feature","geometry":{"type":"Point","coordinates":[121.707193,31.293674]},"properties":{"name":"Wuhaogou LNG Storage Facility","country":"China","type":"import","status":"operating","capacity_mtpa":0.5,"owner":"Shanghai Wuhaogou Liquefied Natural Gas Co Ltd [100%]"}},{"type":"Feature","geometry":{"type":"Point","coordinates":[121.707193,31.293674]},"properties":{"name":"Wuhaogou LNG Storage Facility","country":"China","type":"import","status":"operating","capacity_mtpa":1.0,"owner":"Shanghai Wuhaogou Liquefied Natural Gas Co Ltd [100%]"}},{"type":"Feature","geometry":{"type":"Point","coordinates":[118.1084944,31.215578]},"properties":{"name":"Wuhu LNG Terminal","country":"China","type":"import","status":"construction","capacity_mtpa":1.5,"owner":"Anhui Changjiang LNG Co Ltd [100%]"}},{"type":"Feature","geometry":{"type":"Point","coordinates":[72.0725,71.2733]},"properties":{"name":"Yamal LNG Terminal","country":"Russia","type":"export","status":"operating","capacity_mtpa":5.5,"owner":"Yamal LNG [100%]"}},{"type":"Feature","geometry":{"type":"Point","coordinates":[72.0725,71.2733]},"properties":{"name":"Yamal LNG Terminal","country":"Russia","type":"export","status":"operating","capacity_mtpa":5.5,"owner":"Yamal LNG [100%]"}},{"type":"Feature","geometry":{"type":"Point","coordinates":[72.0725,71.2733]},"properties":{"name":"Yamal LNG Terminal","country":"Russia","type":"export","status":"operating","capacity_mtpa":5.5,"owner":"Yamal LNG [100%]"}},{"type":"Feature","geometry":{"type":"Point","coordinates":[72.0725,71.2733]},"properties":{"name":"Yamal LNG Terminal","country":"Russia","type":"export","status":"operating","capacity_mtpa":0.9,"owner":"Yamal LNG [100%]"}},{"type":"Feature","geometry":{"type":"Point","coordinates":[132.12518,33.950745]},"properties":{"name":"Yanai LNG Terminal","country":"Japan","type":"import","status":"operating","capacity_mtpa":2.3,"owner":"Chugoku Electric Power [100%]"}},{"type":"Feature","geometry":{"type":"Point","coordinates":[120.268185,34.274036]},"properties":{"name":"Yancheng LNG Terminal","country":"China","type":"import","status":"operating","capacity_mtpa":3.0,"owner":"CNOOC Gas and Power Group Jiangsu Natural Gas Co Ltd [100%]"}},{"type":"Feature","geometry":{"type":"Point","coordinates":[120.268185,34.274036]},"properties":{"name":"Yancheng LNG Terminal","country":"China","type":"import","status":"operating","capacity_mtpa":3.0,"owner":"CNOOC Gas and Power Group Jiangsu Natural Gas Co Ltd [100%]"}},{"type":"Feature","geometry":{"type":"Point","coordinates":[111.8346672,21.6673059]},"properties":{"name":"Yangjiang LNG Terminal","country":"China","type":"import","status":"construction","capacity_mtpa":2.8,"owner":"Guangdong Yangjiang Hailingwan LNG Co Ltd [100%]"}},{"type":"Feature","geometry":{"type":"Point","coordinates":[121.046283,37.722118]},"properties":{"name":"Yantai LNG Terminal","country":"China","type":"import","status":"construction","capacity_mtpa":5.9,"owner":"Shandong Poly GCL Huanya International Energy Co Ltd [100%]"}},{"type":"Feature","geometry":{"type":"Point","coordinates":[48.18115,13.9812]},"properties":{"name":"Yemen LNG Terminal","country":"Yemen","type":"export","status":"mothballed","capacity_mtpa":3.35,"owner":"Yemen LNG Company Ltd [100%]"}},{"type":"Feature","geometry":{"type":"Point","coordinates":[48.18115,13.9812]},"properties":{"name":"Yemen LNG Terminal","country":"Yemen","type":"export","status":"mothballed","capacity_mtpa":3.35,"owner":"Yemen LNG Company Ltd [100%]"}},{"type":"Feature","geometry":{"type":"Point","coordinates":[121.977137,40.1988392]},"properties":{"name":"Yingkou LNG Terminal","country":"China","type":"import","status":"construction","capacity_mtpa":3.0,"owner":"Zhongjiao Yingkou Liquefied Natural Gas Co Ltd [100%]"}},{"type":"Feature","geometry":{"type":"Point","coordinates":[136.666458,34.978156]},"properties":{"name":"Yokkaichi LNG Center","country":"Japan","type":"import","status":"operating","capacity_mtpa":6.4,"owner":"Chubu Electric Power Co Inc [50%]; Tokyo Electric Power Co [50%]"}},{"type":"Feature","geometry":{"type":"Point","coordinates":[136.666458,34.97726]},"properties":{"name":"Yokkaichi Works LNG Terminal","country":"Japan","type":"import","status":"operating","capacity_mtpa":2.2,"owner":"Toho Gas Co Ltd [100%]"}},{"type":"Feature","geometry":{"type":"Point","coordinates":[127.927778,26.479444]},"properties":{"name":"Yoshinoura LNG Terminal","country":"Japan","type":"import","status":"operating","capacity_mtpa":0.8,"owner":"Okinawa Electric Power Co Inc [100%]"}},{"type":"Feature","geometry":{"type":"Point","coordinates":[120.2054,22.80928]},"properties":{"name":"Yung-An LNG Terminal","country":"Taiwan","type":"import","status":"operating","capacity_mtpa":1.5,"owner":"CPC Corporation Taiwan [100%]"}},{"type":"Feature","geometry":{"type":"Point","coordinates":[120.2054,22.80928]},"properties":{"name":"Yung-An LNG Terminal","country":"Taiwan","type":"import","status":"operating","capacity_mtpa":3.0,"owner":"CPC Corporation Taiwan [100%]"}},{"type":"Feature","geometry":{"type":"Point","coordinates":[120.2054,22.80928]},"properties":{"name":"Yung-An LNG Terminal","country":"Taiwan","type":"import","status":"operating","capacity_mtpa":2.94,"owner":"CPC Corporation Taiwan [100%]"}},{"type":"Feature","geometry":{"type":"Point","coordinates":[120.2054,22.80928]},"properties":{"name":"Yung-An LNG Terminal","country":"Taiwan","type":"import","status":"operating","capacity_mtpa":3.06,"owner":"CPC Corporation Taiwan [100%]"}},{"type":"Feature","geometry":{"type":"Point","coordinates":[3.22241,51.353]},"properties":{"name":"Zeebrugge LNG Terminal","country":"Belgium","type":"import","status":"operating","capacity_mtpa":3.3,"owner":"Fluxys LNG SA [100%]"}},{"type":"Feature","geometry":{"type":"Point","coordinates":[3.22241,51.353]},"properties":{"name":"Zeebrugge LNG Terminal","country":"Belgium","type":"import","status":"operating","capacity_mtpa":3.3,"owner":"Fluxys LNG SA [100%]"}},{"type":"Feature","geometry":{"type":"Point","coordinates":[3.22241,51.353]},"properties":{"name":"Zeebrugge LNG Terminal","country":"Belgium","type":"import","status":"operating","capacity_mtpa":4.7,"owner":"Fluxys LNG SA [100%]"}},{"type":"Feature","geometry":{"type":"Point","coordinates":[3.22241,51.353]},"properties":{"name":"Zeebrugge LNG Terminal","country":"Belgium","type":"import","status":"operating","capacity_mtpa":1.0,"owner":"Fluxys LNG SA [100%]"}},{"type":"Feature","geometry":{"type":"Point","coordinates":[118.1276,24.265361]},"properties":{"name":"Zhangzhou LNG Terminal","country":"China","type":"import","status":"operating","capacity_mtpa":3.0,"owner":"PipeChina Fujian Investment Natural Gas Co Ltd [100%]"}},{"type":"Feature","geometry":{"type":"Point","coordinates":[122.091771,29.893989]},"properties":{"name":"Zhejiang Ningbo LNG Terminal","country":"China","type":"import","status":"operating","capacity_mtpa":3.0,"owner":"CNOOC Zhejiang Ningbo LNG Co Ltd [100%]"}},{"type":"Feature","geometry":{"type":"Point","coordinates":[122.091771,29.893989]},"properties":{"name":"Zhejiang Ningbo LNG Terminal","country":"China","type":"import","status":"operating","capacity_mtpa":3.0,"owner":"CNOOC Zhejiang Ningbo LNG Co Ltd [100%]"}},{"type":"Feature","geometry":{"type":"Point","coordinates":[122.091771,29.893989]},"properties":{"name":"Zhejiang Ningbo LNG Terminal","country":"China","type":"import","status":"construction","capacity_mtpa":6.0,"owner":"CNOOC Green Energy Port Zhejiang Ningbo Energy Co Ltd [100%]"}},{"type":"Feature","geometry":{"type":"Point","coordinates":[122.282508,30.100617]},"properties":{"name":"Zhoushan LNG Terminal","country":"China","type":"import","status":"operating","capacity_mtpa":3.0,"owner":"ENN (Zhoushan) LNG Co Ltd [100%]"}},{"type":"Feature","geometry":{"type":"Point","coordinates":[122.282508,30.100617]},"properties":{"name":"Zhoushan LNG Terminal","country":"China","type":"import","status":"operating","capacity_mtpa":2.0,"owner":"ENN (Zhoushan) LNG Co Ltd [100%]"}},{"type":"Feature","geometry":{"type":"Point","coordinates":[122.282508,30.100617]},"properties":{"name":"Zhoushan LNG Terminal","country":"China","type":"import","status":"operating","capacity_mtpa":3.5,"owner":"ENN (Zhoushan) LNG Co Ltd [100%]"}},{"type":"Feature","geometry":{"type":"Point","coordinates":[113.219326,21.90599]},"properties":{"name":"Zhuhai LNG Terminal","country":"China","type":"import","status":"operating","capacity_mtpa":3.5,"owner":"Guangdong Zhuhai GOLDEN Bay LNG Ltd [100%]"}},{"type":"Feature","geometry":{"type":"Point","coordinates":[113.219326,21.90599]},"properties":{"name":"Zhuhai LNG Terminal","country":"China","type":"import","status":"construction","capacity_mtpa":3.5,"owner":"Guangdong Zhuhai GOLDEN Bay LNG Ltd [100%]"}}]}
